Initialized native services in: /home/fekerr/.gradle/native
Initialized jansi services in: /home/fekerr/.gradle/native
The client will now receive all logging from the daemon (pid: 34511). The daemon log file: /home/fekerr/.gradle/daemon/8.11.1/daemon-34511.out.log
Starting 4th build in daemon [uptime: 19 mins 24.953 secs, performance: 98%, GC rate: 0.00/s, heap usage: 0% of 1.5 GiB]
Using 12 worker leases.
Now considering [/home/fekerr/src/ingress-intel-total-conversion/mobile] as hierarchies to watch
Watching the file system is configured to be enabled if available
File system watching is active
Starting Build
Settings evaluated using settings file '/home/fekerr/src/ingress-intel-total-conversion/mobile/settings.gradle'.
Projects loaded. Root project using build file '/home/fekerr/src/ingress-intel-total-conversion/mobile/build.gradle'.
Included projects: [root project 'mobile', project ':app']

> Configure project :
Evaluating root project 'mobile' using build file '/home/fekerr/src/ingress-intel-total-conversion/mobile/build.gradle'.
Transforming gradle-8.10.0.jar (com.android.tools.build:gradle:8.10.0) with InstrumentationAnalysisTransform
Transforming gradle-settings-api-8.10.0.jar (com.android.tools.build:gradle-settings-api:8.10.0) with InstrumentationAnalysisTransform
Transforming lint-model-31.10.0.jar (com.android.tools.lint:lint-model:31.10.0) with InstrumentationAnalysisTransform
Transforming builder-8.10.0.jar (com.android.tools.build:builder:8.10.0) with InstrumentationAnalysisTransform
Transforming manifest-merger-31.10.0.jar (com.android.tools.build:manifest-merger:31.10.0) with InstrumentationAnalysisTransform
Transforming sdk-common-31.10.0.jar (com.android.tools:sdk-common:31.10.0) with InstrumentationAnalysisTransform
Transforming sdklib-31.10.0.jar (com.android.tools:sdklib:31.10.0) with InstrumentationAnalysisTransform
Transforming repository-31.10.0.jar (com.android.tools:repository:31.10.0) with InstrumentationAnalysisTransform
Transforming gradle-api-8.10.0.jar (com.android.tools.build:gradle-api:8.10.0) with InstrumentationAnalysisTransform
Transforming builder-test-api-8.10.0.jar (com.android.tools.build:builder-test-api:8.10.0) with InstrumentationAnalysisTransform
Transforming ddmlib-31.10.0.jar (com.android.tools.ddms:ddmlib:31.10.0) with InstrumentationAnalysisTransform
Transforming aaptcompiler-8.10.0.jar (com.android.tools.build:aaptcompiler:8.10.0) with InstrumentationAnalysisTransform
Transforming bundletool-1.18.0.jar (com.android.tools.build:bundletool:1.18.0) with InstrumentationAnalysisTransform
Transforming aapt2-proto-8.10.0-12782657.jar (com.android.tools.build:aapt2-proto:8.10.0-12782657) with InstrumentationAnalysisTransform
Transforming crash-31.10.0.jar (com.android.tools.analytics-library:crash:31.10.0) with InstrumentationAnalysisTransform
Transforming tracker-31.10.0.jar (com.android.tools.analytics-library:tracker:31.10.0) with InstrumentationAnalysisTransform
Transforming shared-31.10.0.jar (com.android.tools.analytics-library:shared:31.10.0) with InstrumentationAnalysisTransform
Transforming lint-typedef-remover-31.10.0.jar (com.android.tools.lint:lint-typedef-remover:31.10.0) with InstrumentationAnalysisTransform
Transforming databinding-compiler-common-8.10.0.jar (androidx.databinding:databinding-compiler-common:8.10.0) with InstrumentationAnalysisTransform
Transforming databinding-common-8.10.0.jar (androidx.databinding:databinding-common:8.10.0) with InstrumentationAnalysisTransform
Transforming baseLibrary-8.10.0.jar (com.android.databinding:baseLibrary:8.10.0) with InstrumentationAnalysisTransform
Transforming layoutlib-api-31.10.0.jar (com.android.tools.layoutlib:layoutlib-api:31.10.0) with InstrumentationAnalysisTransform
Transforming android-device-provider-ddmlib-proto-31.10.0.jar (com.android.tools.utp:android-device-provider-ddmlib-proto:31.10.0) with InstrumentationAnalysisTransform
Transforming android-device-provider-gradle-proto-31.10.0.jar (com.android.tools.utp:android-device-provider-gradle-proto:31.10.0) with InstrumentationAnalysisTransform
Transforming android-device-provider-profile-proto-31.10.0.jar (com.android.tools.utp:android-device-provider-profile-proto:31.10.0) with InstrumentationAnalysisTransform
Transforming android-test-plugin-host-additional-test-output-proto-31.10.0.jar (com.android.tools.utp:android-test-plugin-host-additional-test-output-proto:31.10.0) with InstrumentationAnalysisTransform
Transforming android-test-plugin-host-coverage-proto-31.10.0.jar (com.android.tools.utp:android-test-plugin-host-coverage-proto:31.10.0) with InstrumentationAnalysisTransform
Transforming android-test-plugin-host-emulator-control-proto-31.10.0.jar (com.android.tools.utp:android-test-plugin-host-emulator-control-proto:31.10.0) with InstrumentationAnalysisTransform
Transforming android-test-plugin-host-logcat-proto-31.10.0.jar (com.android.tools.utp:android-test-plugin-host-logcat-proto:31.10.0) with InstrumentationAnalysisTransform
Transforming android-test-plugin-host-apk-installer-proto-31.10.0.jar (com.android.tools.utp:android-test-plugin-host-apk-installer-proto:31.10.0) with InstrumentationAnalysisTransform
Transforming android-test-plugin-result-listener-gradle-proto-31.10.0.jar (com.android.tools.utp:android-test-plugin-result-listener-gradle-proto:31.10.0) with InstrumentationAnalysisTransform
Transforming builder-model-8.10.0.jar (com.android.tools.build:builder-model:8.10.0) with InstrumentationAnalysisTransform
Transforming dvlib-31.10.0.jar (com.android.tools:dvlib:31.10.0) with InstrumentationAnalysisTransform
Transforming common-31.10.0.jar (com.android.tools:common:31.10.0) with InstrumentationAnalysisTransform
Transforming jetifier-processor-1.0.0-beta10.jar (com.android.tools.build.jetifier:jetifier-processor:1.0.0-beta10) with InstrumentationAnalysisTransform
Transforming jetifier-core-1.0.0-beta10.jar (com.android.tools.build.jetifier:jetifier-core:1.0.0-beta10) with InstrumentationAnalysisTransform
Transforming kotlin-reflect-2.1.0.jar (org.jetbrains.kotlin:kotlin-reflect:2.1.0) with InstrumentationAnalysisTransform
Transforming kotlin-stdlib-jdk7-2.1.0.jar (org.jetbrains.kotlin:kotlin-stdlib-jdk7:2.1.0) with InstrumentationAnalysisTransform
Transforming kotlin-stdlib-2.1.0.jar (org.jetbrains.kotlin:kotlin-stdlib:2.1.0) with InstrumentationAnalysisTransform
Transforming kotlin-stdlib-jdk8-2.1.0.jar (org.jetbrains.kotlin:kotlin-stdlib-jdk8:2.1.0) with InstrumentationAnalysisTransform
Transforming transform-api-2.0.0-deprecated-use-gradle-api.jar (com.android.tools.build:transform-api:2.0.0-deprecated-use-gradle-api) with InstrumentationAnalysisTransform
Transforming httpmime-4.5.6.jar (org.apache.httpcomponents:httpmime:4.5.6) with InstrumentationAnalysisTransform
Transforming commons-io-2.16.1.jar (commons-io:commons-io:2.16.1) with InstrumentationAnalysisTransform
Transforming asm-commons-9.7.1.jar (org.ow2.asm:asm-commons:9.7.1) with InstrumentationAnalysisTransform
Transforming asm-util-9.7.1.jar (org.ow2.asm:asm-util:9.7.1) with InstrumentationAnalysisTransform
Transforming asm-analysis-9.7.1.jar (org.ow2.asm:asm-analysis:9.7.1) with InstrumentationAnalysisTransform
Transforming asm-tree-9.7.1.jar (org.ow2.asm:asm-tree:9.7.1) with InstrumentationAnalysisTransform
Transforming asm-9.7.1.jar (org.ow2.asm:asm:9.7.1) with InstrumentationAnalysisTransform
Transforming apkzlib-8.10.0.jar (com.android.tools.build:apkzlib:8.10.0) with InstrumentationAnalysisTransform
Transforming bcpkix-jdk18on-1.79.jar (org.bouncycastle:bcpkix-jdk18on:1.79) with InstrumentationAnalysisTransform
Transforming jaxb-runtime-2.3.2.jar (org.glassfish.jaxb:jaxb-runtime:2.3.2) with InstrumentationAnalysisTransform
Transforming jopt-simple-4.9.jar (net.sf.jopt-simple:jopt-simple:4.9) with InstrumentationAnalysisTransform
Transforming javapoet-1.10.0.jar (com.squareup:javapoet:1.10.0) with InstrumentationAnalysisTransform
Transforming protobuf-java-util-3.25.5.jar (com.google.protobuf:protobuf-java-util:3.25.5) with InstrumentationAnalysisTransform
Transforming grpc-protobuf-1.69.1.jar (io.grpc:grpc-protobuf:1.69.1) with InstrumentationAnalysisTransform
Transforming tink-1.7.0.jar (com.google.crypto.tink:tink:1.7.0) with InstrumentationAnalysisTransform
Transforming core-proto-0.0.9-alpha03.jar (com.google.testing.platform:core-proto:0.0.9-alpha03) with InstrumentationAnalysisTransform
Transforming protos-31.10.0.jar (com.android.tools.analytics-library:protos:31.10.0) with InstrumentationAnalysisTransform
Transforming proto-google-common-protos-2.48.0.jar (com.google.api.grpc:proto-google-common-protos:2.48.0) with InstrumentationAnalysisTransform
Transforming protobuf-java-3.25.5.jar (com.google.protobuf:protobuf-java:3.25.5) with InstrumentationAnalysisTransform
Transforming grpc-netty-1.69.1.jar (io.grpc:grpc-netty:1.69.1) with InstrumentationAnalysisTransform
Transforming grpc-inprocess-1.69.1.jar (io.grpc:grpc-inprocess:1.69.1) with InstrumentationAnalysisTransform
Transforming grpc-util-1.69.1.jar (io.grpc:grpc-util:1.69.1) with InstrumentationAnalysisTransform
Transforming grpc-core-1.69.1.jar (io.grpc:grpc-core:1.69.1) with InstrumentationAnalysisTransform
Transforming gson-2.11.0.jar (com.google.code.gson:gson:2.11.0) with InstrumentationAnalysisTransform
Transforming grpc-stub-1.69.1.jar (io.grpc:grpc-stub:1.69.1) with InstrumentationAnalysisTransform
Transforming tensorflow-lite-metadata-0.2.0.jar (org.tensorflow:tensorflow-lite-metadata:0.2.0) with InstrumentationAnalysisTransform
Transforming flatbuffers-java-1.12.0.jar (com.google.flatbuffers:flatbuffers-java:1.12.0) with InstrumentationAnalysisTransform
Transforming jimfs-1.1.jar (com.google.jimfs:jimfs:1.1) with InstrumentationAnalysisTransform
Transforming grpc-context-1.69.1.jar (io.grpc:grpc-context:1.69.1) with InstrumentationAnalysisTransform
Transforming grpc-protobuf-lite-1.69.1.jar (io.grpc:grpc-protobuf-lite:1.69.1) with InstrumentationAnalysisTransform
Transforming grpc-api-1.69.1.jar (io.grpc:grpc-api:1.69.1) with InstrumentationAnalysisTransform
Transforming guava-33.3.1-jre.jar (com.google.guava:guava:33.3.1-jre) with InstrumentationAnalysisTransform
Transforming dagger-2.28.3.jar (com.google.dagger:dagger:2.28.3) with InstrumentationAnalysisTransform
Transforming javax.inject-1.jar (javax.inject:javax.inject:1) with InstrumentationAnalysisTransform
Transforming kxml2-2.3.0.jar (net.sf.kxml:kxml2:2.3.0) with InstrumentationAnalysisTransform
Transforming commons-compress-1.21.jar (org.apache.commons:commons-compress:1.21) with InstrumentationAnalysisTransform
Transforming bcutil-jdk18on-1.79.jar (org.bouncycastle:bcutil-jdk18on:1.79) with InstrumentationAnalysisTransform
Transforming bcprov-jdk18on-1.79.jar (org.bouncycastle:bcprov-jdk18on:1.79) with InstrumentationAnalysisTransform
Transforming httpclient-4.5.14.jar (org.apache.httpcomponents:httpclient:4.5.14) with InstrumentationAnalysisTransform
Transforming httpcore-4.4.16.jar (org.apache.httpcomponents:httpcore:4.4.16) with InstrumentationAnalysisTransform
Transforming javax.activation-1.2.0.jar (com.sun.activation:javax.activation:1.2.0) with InstrumentationAnalysisTransform
Transforming annotations-23.0.0.jar (org.jetbrains:annotations:23.0.0) with InstrumentationAnalysisTransform
Transforming signflinger-8.10.0.jar (com.android:signflinger:8.10.0) with InstrumentationAnalysisTransform
Transforming zipflinger-8.10.0.jar (com.android:zipflinger:8.10.0) with InstrumentationAnalysisTransform
Transforming annotations-31.10.0.jar (com.android.tools:annotations:31.10.0) with InstrumentationAnalysisTransform
Transforming jna-platform-5.6.0.jar (net.java.dev.jna:jna-platform:5.6.0) with InstrumentationAnalysisTransform
Transforming juniversalchardet-1.0.3.jar (com.googlecode.juniversalchardet:juniversalchardet:1.0.3) with InstrumentationAnalysisTransform
Transforming javax.annotation-api-1.3.2.jar (javax.annotation:javax.annotation-api:1.3.2) with InstrumentationAnalysisTransform
Transforming stax-ex-1.8.1.jar (org.jvnet.staxex:stax-ex:1.8.1) with InstrumentationAnalysisTransform
Transforming jakarta.xml.bind-api-2.3.2.jar (jakarta.xml.bind:jakarta.xml.bind-api:2.3.2) with InstrumentationAnalysisTransform
Transforming txw2-2.3.2.jar (org.glassfish.jaxb:txw2:2.3.2) with InstrumentationAnalysisTransform
Transforming istack-commons-runtime-3.0.8.jar (com.sun.istack:istack-commons-runtime:3.0.8) with InstrumentationAnalysisTransform
Transforming FastInfoset-1.2.16.jar (com.sun.xml.fastinfoset:FastInfoset:1.2.16) with InstrumentationAnalysisTransform
Transforming jakarta.activation-api-1.2.1.jar (jakarta.activation:jakarta.activation-api:1.2.1) with InstrumentationAnalysisTransform
Transforming auto-value-annotations-1.6.2.jar (com.google.auto.value:auto-value-annotations:1.6.2) with InstrumentationAnalysisTransform
Transforming error_prone_annotations-2.30.0.jar (com.google.errorprone:error_prone_annotations:2.30.0) with InstrumentationAnalysisTransform
Transforming jose4j-0.9.5.jar (org.bitbucket.b_c:jose4j:0.9.5) with InstrumentationAnalysisTransform
Transforming slf4j-api-1.7.30.jar (org.slf4j:slf4j-api:1.7.30) with InstrumentationAnalysisTransform
Transforming jdom2-2.0.6.jar (org.jdom:jdom2:2.0.6) with InstrumentationAnalysisTransform
Transforming jsr305-3.0.2.jar (com.google.code.findbugs:jsr305:3.0.2) with InstrumentationAnalysisTransform
Transforming j2objc-annotations-3.0.0.jar (com.google.j2objc:j2objc-annotations:3.0.0) with InstrumentationAnalysisTransform
Transforming annotations-4.1.1.4.jar (com.google.android:annotations:4.1.1.4) with InstrumentationAnalysisTransform
Transforming animal-sniffer-annotations-1.24.jar (org.codehaus.mojo:animal-sniffer-annotations:1.24) with InstrumentationAnalysisTransform
Transforming perfmark-api-0.27.0.jar (io.perfmark:perfmark-api:0.27.0) with InstrumentationAnalysisTransform
Transforming netty-codec-http2-4.1.110.Final.jar (io.netty:netty-codec-http2:4.1.110.Final) with InstrumentationAnalysisTransform
Transforming netty-handler-proxy-4.1.110.Final.jar (io.netty:netty-handler-proxy:4.1.110.Final) with InstrumentationAnalysisTransform
Transforming netty-codec-http-4.1.110.Final.jar (io.netty:netty-codec-http:4.1.110.Final) with InstrumentationAnalysisTransform
Transforming netty-handler-4.1.110.Final.jar (io.netty:netty-handler:4.1.110.Final) with InstrumentationAnalysisTransform
Transforming netty-transport-native-unix-common-4.1.110.Final.jar (io.netty:netty-transport-native-unix-common:4.1.110.Final) with InstrumentationAnalysisTransform
Transforming checker-qual-3.43.0.jar (org.checkerframework:checker-qual:3.43.0) with InstrumentationAnalysisTransform
Transforming apksig-8.10.0.jar (com.android.tools.build:apksig:8.10.0) with InstrumentationAnalysisTransform
Transforming javawriter-2.5.0.jar (com.squareup:javawriter:2.5.0) with InstrumentationAnalysisTransform
Transforming failureaccess-1.0.2.jar (com.google.guava:failureaccess:1.0.2) with InstrumentationAnalysisTransform
Transforming listenablefuture-9999.0-empty-to-avoid-conflict-with-guava.jar (com.google.guava:listenablefuture:9999.0-empty-to-avoid-conflict-with-guava) with InstrumentationAnalysisTransform
Transforming commons-logging-1.2.jar (commons-logging:commons-logging:1.2) with InstrumentationAnalysisTransform
Transforming commons-codec-1.11.jar (commons-codec:commons-codec:1.11) with InstrumentationAnalysisTransform
Transforming jna-5.6.0.jar (net.java.dev.jna:jna:5.6.0) with InstrumentationAnalysisTransform
Transforming netty-codec-socks-4.1.110.Final.jar (io.netty:netty-codec-socks:4.1.110.Final) with InstrumentationAnalysisTransform
Transforming netty-codec-4.1.110.Final.jar (io.netty:netty-codec:4.1.110.Final) with InstrumentationAnalysisTransform
Transforming netty-transport-4.1.110.Final.jar (io.netty:netty-transport:4.1.110.Final) with InstrumentationAnalysisTransform
Transforming netty-buffer-4.1.110.Final.jar (io.netty:netty-buffer:4.1.110.Final) with InstrumentationAnalysisTransform
Transforming netty-resolver-4.1.110.Final.jar (io.netty:netty-resolver:4.1.110.Final) with InstrumentationAnalysisTransform
Transforming netty-common-4.1.110.Final.jar (io.netty:netty-common:4.1.110.Final) with InstrumentationAnalysisTransform
Transforming gradle-8.10.0.jar (com.android.tools.build:gradle:8.10.0) with InstrumentationAnalysisTransform
Transforming gradle-8.10.0.jar (com.android.tools.build:gradle:8.10.0) with MergeInstrumentationAnalysisTransform
Transforming gradle-settings-api-8.10.0.jar (com.android.tools.build:gradle-settings-api:8.10.0) with InstrumentationAnalysisTransform
Transforming gradle-settings-api-8.10.0.jar (com.android.tools.build:gradle-settings-api:8.10.0) with MergeInstrumentationAnalysisTransform
Transforming gradle-8.10.0.jar (com.android.tools.build:gradle:8.10.0) with ExternalDependencyInstrumentingArtifactTransform
Transforming lint-model-31.10.0.jar (com.android.tools.lint:lint-model:31.10.0) with InstrumentationAnalysisTransform
Transforming lint-model-31.10.0.jar (com.android.tools.lint:lint-model:31.10.0) with MergeInstrumentationAnalysisTransform
Transforming gradle-settings-api-8.10.0.jar (com.android.tools.build:gradle-settings-api:8.10.0) with ExternalDependencyInstrumentingArtifactTransform
Transforming builder-8.10.0.jar (com.android.tools.build:builder:8.10.0) with InstrumentationAnalysisTransform
Transforming builder-8.10.0.jar (com.android.tools.build:builder:8.10.0) with MergeInstrumentationAnalysisTransform
Transforming lint-model-31.10.0.jar (com.android.tools.lint:lint-model:31.10.0) with ExternalDependencyInstrumentingArtifactTransform
Transforming manifest-merger-31.10.0.jar (com.android.tools.build:manifest-merger:31.10.0) with InstrumentationAnalysisTransform
Transforming manifest-merger-31.10.0.jar (com.android.tools.build:manifest-merger:31.10.0) with MergeInstrumentationAnalysisTransform
Transforming builder-8.10.0.jar (com.android.tools.build:builder:8.10.0) with ExternalDependencyInstrumentingArtifactTransform
Transforming sdk-common-31.10.0.jar (com.android.tools:sdk-common:31.10.0) with InstrumentationAnalysisTransform
Transforming sdk-common-31.10.0.jar (com.android.tools:sdk-common:31.10.0) with MergeInstrumentationAnalysisTransform
Transforming manifest-merger-31.10.0.jar (com.android.tools.build:manifest-merger:31.10.0) with ExternalDependencyInstrumentingArtifactTransform
Transforming sdklib-31.10.0.jar (com.android.tools:sdklib:31.10.0) with InstrumentationAnalysisTransform
Transforming sdklib-31.10.0.jar (com.android.tools:sdklib:31.10.0) with MergeInstrumentationAnalysisTransform
Transforming sdk-common-31.10.0.jar (com.android.tools:sdk-common:31.10.0) with ExternalDependencyInstrumentingArtifactTransform
Transforming repository-31.10.0.jar (com.android.tools:repository:31.10.0) with InstrumentationAnalysisTransform
Transforming repository-31.10.0.jar (com.android.tools:repository:31.10.0) with MergeInstrumentationAnalysisTransform
Transforming sdklib-31.10.0.jar (com.android.tools:sdklib:31.10.0) with ExternalDependencyInstrumentingArtifactTransform
Transforming gradle-api-8.10.0.jar (com.android.tools.build:gradle-api:8.10.0) with InstrumentationAnalysisTransform
Transforming gradle-api-8.10.0.jar (com.android.tools.build:gradle-api:8.10.0) with MergeInstrumentationAnalysisTransform
Transforming repository-31.10.0.jar (com.android.tools:repository:31.10.0) with ExternalDependencyInstrumentingArtifactTransform
Transforming builder-test-api-8.10.0.jar (com.android.tools.build:builder-test-api:8.10.0) with InstrumentationAnalysisTransform
Transforming builder-test-api-8.10.0.jar (com.android.tools.build:builder-test-api:8.10.0) with MergeInstrumentationAnalysisTransform
Transforming gradle-api-8.10.0.jar (com.android.tools.build:gradle-api:8.10.0) with ExternalDependencyInstrumentingArtifactTransform
Transforming ddmlib-31.10.0.jar (com.android.tools.ddms:ddmlib:31.10.0) with InstrumentationAnalysisTransform
Transforming ddmlib-31.10.0.jar (com.android.tools.ddms:ddmlib:31.10.0) with MergeInstrumentationAnalysisTransform
Transforming builder-test-api-8.10.0.jar (com.android.tools.build:builder-test-api:8.10.0) with ExternalDependencyInstrumentingArtifactTransform
Transforming aaptcompiler-8.10.0.jar (com.android.tools.build:aaptcompiler:8.10.0) with InstrumentationAnalysisTransform
Transforming aaptcompiler-8.10.0.jar (com.android.tools.build:aaptcompiler:8.10.0) with MergeInstrumentationAnalysisTransform
Transforming bundletool-1.18.0.jar (com.android.tools.build:bundletool:1.18.0) with InstrumentationAnalysisTransform
Transforming bundletool-1.18.0.jar (com.android.tools.build:bundletool:1.18.0) with MergeInstrumentationAnalysisTransform
Transforming aapt2-proto-8.10.0-12782657.jar (com.android.tools.build:aapt2-proto:8.10.0-12782657) with InstrumentationAnalysisTransform
Transforming aapt2-proto-8.10.0-12782657.jar (com.android.tools.build:aapt2-proto:8.10.0-12782657) with MergeInstrumentationAnalysisTransform
Transforming crash-31.10.0.jar (com.android.tools.analytics-library:crash:31.10.0) with InstrumentationAnalysisTransform
Transforming ddmlib-31.10.0.jar (com.android.tools.ddms:ddmlib:31.10.0) with ExternalDependencyInstrumentingArtifactTransform
Transforming crash-31.10.0.jar (com.android.tools.analytics-library:crash:31.10.0) with MergeInstrumentationAnalysisTransform
Transforming tracker-31.10.0.jar (com.android.tools.analytics-library:tracker:31.10.0) with InstrumentationAnalysisTransform
Transforming tracker-31.10.0.jar (com.android.tools.analytics-library:tracker:31.10.0) with MergeInstrumentationAnalysisTransform
Transforming shared-31.10.0.jar (com.android.tools.analytics-library:shared:31.10.0) with InstrumentationAnalysisTransform
Transforming shared-31.10.0.jar (com.android.tools.analytics-library:shared:31.10.0) with MergeInstrumentationAnalysisTransform
Transforming lint-typedef-remover-31.10.0.jar (com.android.tools.lint:lint-typedef-remover:31.10.0) with InstrumentationAnalysisTransform
Transforming lint-typedef-remover-31.10.0.jar (com.android.tools.lint:lint-typedef-remover:31.10.0) with MergeInstrumentationAnalysisTransform
Transforming bundletool-1.18.0.jar (com.android.tools.build:bundletool:1.18.0) with ExternalDependencyInstrumentingArtifactTransform
Transforming databinding-compiler-common-8.10.0.jar (androidx.databinding:databinding-compiler-common:8.10.0) with InstrumentationAnalysisTransform
Transforming databinding-compiler-common-8.10.0.jar (androidx.databinding:databinding-compiler-common:8.10.0) with MergeInstrumentationAnalysisTransform
Transforming databinding-common-8.10.0.jar (androidx.databinding:databinding-common:8.10.0) with InstrumentationAnalysisTransform
Transforming databinding-common-8.10.0.jar (androidx.databinding:databinding-common:8.10.0) with MergeInstrumentationAnalysisTransform
Transforming baseLibrary-8.10.0.jar (com.android.databinding:baseLibrary:8.10.0) with InstrumentationAnalysisTransform
Transforming crash-31.10.0.jar (com.android.tools.analytics-library:crash:31.10.0) with ExternalDependencyInstrumentingArtifactTransform
Transforming baseLibrary-8.10.0.jar (com.android.databinding:baseLibrary:8.10.0) with MergeInstrumentationAnalysisTransform
Transforming layoutlib-api-31.10.0.jar (com.android.tools.layoutlib:layoutlib-api:31.10.0) with InstrumentationAnalysisTransform
Transforming layoutlib-api-31.10.0.jar (com.android.tools.layoutlib:layoutlib-api:31.10.0) with MergeInstrumentationAnalysisTransform
Transforming aaptcompiler-8.10.0.jar (com.android.tools.build:aaptcompiler:8.10.0) with ExternalDependencyInstrumentingArtifactTransform
Transforming lint-typedef-remover-31.10.0.jar (com.android.tools.lint:lint-typedef-remover:31.10.0) with ExternalDependencyInstrumentingArtifactTransform
Transforming android-device-provider-ddmlib-proto-31.10.0.jar (com.android.tools.utp:android-device-provider-ddmlib-proto:31.10.0) with InstrumentationAnalysisTransform
Transforming databinding-common-8.10.0.jar (androidx.databinding:databinding-common:8.10.0) with ExternalDependencyInstrumentingArtifactTransform
Transforming aapt2-proto-8.10.0-12782657.jar (com.android.tools.build:aapt2-proto:8.10.0-12782657) with ExternalDependencyInstrumentingArtifactTransform
Transforming android-device-provider-ddmlib-proto-31.10.0.jar (com.android.tools.utp:android-device-provider-ddmlib-proto:31.10.0) with MergeInstrumentationAnalysisTransform
Transforming shared-31.10.0.jar (com.android.tools.analytics-library:shared:31.10.0) with ExternalDependencyInstrumentingArtifactTransform
Transforming tracker-31.10.0.jar (com.android.tools.analytics-library:tracker:31.10.0) with ExternalDependencyInstrumentingArtifactTransform
Transforming layoutlib-api-31.10.0.jar (com.android.tools.layoutlib:layoutlib-api:31.10.0) with ExternalDependencyInstrumentingArtifactTransform
Transforming baseLibrary-8.10.0.jar (com.android.databinding:baseLibrary:8.10.0) with ExternalDependencyInstrumentingArtifactTransform
Transforming android-device-provider-ddmlib-proto-31.10.0.jar (com.android.tools.utp:android-device-provider-ddmlib-proto:31.10.0) with ExternalDependencyInstrumentingArtifactTransform
Transforming databinding-compiler-common-8.10.0.jar (androidx.databinding:databinding-compiler-common:8.10.0) with ExternalDependencyInstrumentingArtifactTransform
Transforming android-device-provider-gradle-proto-31.10.0.jar (com.android.tools.utp:android-device-provider-gradle-proto:31.10.0) with InstrumentationAnalysisTransform
Transforming android-device-provider-gradle-proto-31.10.0.jar (com.android.tools.utp:android-device-provider-gradle-proto:31.10.0) with MergeInstrumentationAnalysisTransform
Transforming android-device-provider-profile-proto-31.10.0.jar (com.android.tools.utp:android-device-provider-profile-proto:31.10.0) with InstrumentationAnalysisTransform
Transforming android-device-provider-profile-proto-31.10.0.jar (com.android.tools.utp:android-device-provider-profile-proto:31.10.0) with MergeInstrumentationAnalysisTransform
Transforming android-test-plugin-host-additional-test-output-proto-31.10.0.jar (com.android.tools.utp:android-test-plugin-host-additional-test-output-proto:31.10.0) with InstrumentationAnalysisTransform
Transforming android-test-plugin-host-additional-test-output-proto-31.10.0.jar (com.android.tools.utp:android-test-plugin-host-additional-test-output-proto:31.10.0) with MergeInstrumentationAnalysisTransform
Transforming android-test-plugin-host-coverage-proto-31.10.0.jar (com.android.tools.utp:android-test-plugin-host-coverage-proto:31.10.0) with InstrumentationAnalysisTransform
Transforming android-test-plugin-host-coverage-proto-31.10.0.jar (com.android.tools.utp:android-test-plugin-host-coverage-proto:31.10.0) with MergeInstrumentationAnalysisTransform
Transforming android-test-plugin-host-emulator-control-proto-31.10.0.jar (com.android.tools.utp:android-test-plugin-host-emulator-control-proto:31.10.0) with InstrumentationAnalysisTransform
Transforming android-test-plugin-host-emulator-control-proto-31.10.0.jar (com.android.tools.utp:android-test-plugin-host-emulator-control-proto:31.10.0) with MergeInstrumentationAnalysisTransform
Transforming android-test-plugin-host-logcat-proto-31.10.0.jar (com.android.tools.utp:android-test-plugin-host-logcat-proto:31.10.0) with InstrumentationAnalysisTransform
Transforming android-device-provider-gradle-proto-31.10.0.jar (com.android.tools.utp:android-device-provider-gradle-proto:31.10.0) with ExternalDependencyInstrumentingArtifactTransform
Transforming android-test-plugin-host-logcat-proto-31.10.0.jar (com.android.tools.utp:android-test-plugin-host-logcat-proto:31.10.0) with MergeInstrumentationAnalysisTransform
Transforming android-test-plugin-host-apk-installer-proto-31.10.0.jar (com.android.tools.utp:android-test-plugin-host-apk-installer-proto:31.10.0) with InstrumentationAnalysisTransform
Transforming android-test-plugin-host-apk-installer-proto-31.10.0.jar (com.android.tools.utp:android-test-plugin-host-apk-installer-proto:31.10.0) with MergeInstrumentationAnalysisTransform
Transforming android-device-provider-profile-proto-31.10.0.jar (com.android.tools.utp:android-device-provider-profile-proto:31.10.0) with ExternalDependencyInstrumentingArtifactTransform
Transforming android-test-plugin-host-additional-test-output-proto-31.10.0.jar (com.android.tools.utp:android-test-plugin-host-additional-test-output-proto:31.10.0) with ExternalDependencyInstrumentingArtifactTransform
Transforming android-test-plugin-result-listener-gradle-proto-31.10.0.jar (com.android.tools.utp:android-test-plugin-result-listener-gradle-proto:31.10.0) with InstrumentationAnalysisTransform
Transforming android-test-plugin-host-coverage-proto-31.10.0.jar (com.android.tools.utp:android-test-plugin-host-coverage-proto:31.10.0) with ExternalDependencyInstrumentingArtifactTransform
Transforming android-test-plugin-host-emulator-control-proto-31.10.0.jar (com.android.tools.utp:android-test-plugin-host-emulator-control-proto:31.10.0) with ExternalDependencyInstrumentingArtifactTransform
Transforming android-test-plugin-host-apk-installer-proto-31.10.0.jar (com.android.tools.utp:android-test-plugin-host-apk-installer-proto:31.10.0) with ExternalDependencyInstrumentingArtifactTransform
Transforming android-test-plugin-result-listener-gradle-proto-31.10.0.jar (com.android.tools.utp:android-test-plugin-result-listener-gradle-proto:31.10.0) with MergeInstrumentationAnalysisTransform
Transforming builder-model-8.10.0.jar (com.android.tools.build:builder-model:8.10.0) with InstrumentationAnalysisTransform
Transforming android-test-plugin-result-listener-gradle-proto-31.10.0.jar (com.android.tools.utp:android-test-plugin-result-listener-gradle-proto:31.10.0) with ExternalDependencyInstrumentingArtifactTransform
Transforming builder-model-8.10.0.jar (com.android.tools.build:builder-model:8.10.0) with MergeInstrumentationAnalysisTransform
Transforming dvlib-31.10.0.jar (com.android.tools:dvlib:31.10.0) with InstrumentationAnalysisTransform
Transforming android-test-plugin-host-logcat-proto-31.10.0.jar (com.android.tools.utp:android-test-plugin-host-logcat-proto:31.10.0) with ExternalDependencyInstrumentingArtifactTransform
Transforming dvlib-31.10.0.jar (com.android.tools:dvlib:31.10.0) with MergeInstrumentationAnalysisTransform
Transforming common-31.10.0.jar (com.android.tools:common:31.10.0) with InstrumentationAnalysisTransform
Transforming builder-model-8.10.0.jar (com.android.tools.build:builder-model:8.10.0) with ExternalDependencyInstrumentingArtifactTransform
Transforming common-31.10.0.jar (com.android.tools:common:31.10.0) with MergeInstrumentationAnalysisTransform
Transforming jetifier-processor-1.0.0-beta10.jar (com.android.tools.build.jetifier:jetifier-processor:1.0.0-beta10) with InstrumentationAnalysisTransform
Transforming jetifier-processor-1.0.0-beta10.jar (com.android.tools.build.jetifier:jetifier-processor:1.0.0-beta10) with MergeInstrumentationAnalysisTransform
Transforming jetifier-core-1.0.0-beta10.jar (com.android.tools.build.jetifier:jetifier-core:1.0.0-beta10) with InstrumentationAnalysisTransform
Transforming dvlib-31.10.0.jar (com.android.tools:dvlib:31.10.0) with ExternalDependencyInstrumentingArtifactTransform
Transforming jetifier-core-1.0.0-beta10.jar (com.android.tools.build.jetifier:jetifier-core:1.0.0-beta10) with MergeInstrumentationAnalysisTransform
Transforming kotlin-reflect-2.1.0.jar (org.jetbrains.kotlin:kotlin-reflect:2.1.0) with InstrumentationAnalysisTransform
Transforming kotlin-reflect-2.1.0.jar (org.jetbrains.kotlin:kotlin-reflect:2.1.0) with MergeInstrumentationAnalysisTransform
Transforming jetifier-processor-1.0.0-beta10.jar (com.android.tools.build.jetifier:jetifier-processor:1.0.0-beta10) with ExternalDependencyInstrumentingArtifactTransform
Transforming kotlin-stdlib-jdk7-2.1.0.jar (org.jetbrains.kotlin:kotlin-stdlib-jdk7:2.1.0) with InstrumentationAnalysisTransform
Transforming kotlin-reflect-2.1.0.jar (org.jetbrains.kotlin:kotlin-reflect:2.1.0) with ExternalDependencyInstrumentingArtifactTransform
Transforming common-31.10.0.jar (com.android.tools:common:31.10.0) with ExternalDependencyInstrumentingArtifactTransform
Transforming kotlin-stdlib-jdk7-2.1.0.jar (org.jetbrains.kotlin:kotlin-stdlib-jdk7:2.1.0) with MergeInstrumentationAnalysisTransform
Transforming kotlin-stdlib-2.1.0.jar (org.jetbrains.kotlin:kotlin-stdlib:2.1.0) with InstrumentationAnalysisTransform
Transforming jetifier-core-1.0.0-beta10.jar (com.android.tools.build.jetifier:jetifier-core:1.0.0-beta10) with ExternalDependencyInstrumentingArtifactTransform
Transforming kotlin-stdlib-2.1.0.jar (org.jetbrains.kotlin:kotlin-stdlib:2.1.0) with MergeInstrumentationAnalysisTransform
Transforming kotlin-stdlib-jdk8-2.1.0.jar (org.jetbrains.kotlin:kotlin-stdlib-jdk8:2.1.0) with InstrumentationAnalysisTransform
Transforming kotlin-stdlib-jdk7-2.1.0.jar (org.jetbrains.kotlin:kotlin-stdlib-jdk7:2.1.0) with ExternalDependencyInstrumentingArtifactTransform
Transforming kotlin-stdlib-jdk8-2.1.0.jar (org.jetbrains.kotlin:kotlin-stdlib-jdk8:2.1.0) with MergeInstrumentationAnalysisTransform
Transforming transform-api-2.0.0-deprecated-use-gradle-api.jar (com.android.tools.build:transform-api:2.0.0-deprecated-use-gradle-api) with InstrumentationAnalysisTransform
Transforming transform-api-2.0.0-deprecated-use-gradle-api.jar (com.android.tools.build:transform-api:2.0.0-deprecated-use-gradle-api) with MergeInstrumentationAnalysisTransform
Transforming httpmime-4.5.6.jar (org.apache.httpcomponents:httpmime:4.5.6) with InstrumentationAnalysisTransform
Transforming httpmime-4.5.6.jar (org.apache.httpcomponents:httpmime:4.5.6) with MergeInstrumentationAnalysisTransform
Transforming commons-io-2.16.1.jar (commons-io:commons-io:2.16.1) with InstrumentationAnalysisTransform
Transforming kotlin-stdlib-jdk8-2.1.0.jar (org.jetbrains.kotlin:kotlin-stdlib-jdk8:2.1.0) with ExternalDependencyInstrumentingArtifactTransform
Transforming kotlin-stdlib-2.1.0.jar (org.jetbrains.kotlin:kotlin-stdlib:2.1.0) with ExternalDependencyInstrumentingArtifactTransform
Transforming httpmime-4.5.6.jar (org.apache.httpcomponents:httpmime:4.5.6) with ExternalDependencyInstrumentingArtifactTransform
Transforming commons-io-2.16.1.jar (commons-io:commons-io:2.16.1) with MergeInstrumentationAnalysisTransform
Transforming transform-api-2.0.0-deprecated-use-gradle-api.jar (com.android.tools.build:transform-api:2.0.0-deprecated-use-gradle-api) with ExternalDependencyInstrumentingArtifactTransform
Transforming commons-io-2.16.1.jar (commons-io:commons-io:2.16.1) with ExternalDependencyInstrumentingArtifactTransform
Transforming asm-commons-9.7.1.jar (org.ow2.asm:asm-commons:9.7.1) with InstrumentationAnalysisTransform
Transforming asm-commons-9.7.1.jar (org.ow2.asm:asm-commons:9.7.1) with MergeInstrumentationAnalysisTransform
Transforming asm-util-9.7.1.jar (org.ow2.asm:asm-util:9.7.1) with InstrumentationAnalysisTransform
Transforming asm-util-9.7.1.jar (org.ow2.asm:asm-util:9.7.1) with MergeInstrumentationAnalysisTransform
Transforming asm-analysis-9.7.1.jar (org.ow2.asm:asm-analysis:9.7.1) with InstrumentationAnalysisTransform
Transforming asm-analysis-9.7.1.jar (org.ow2.asm:asm-analysis:9.7.1) with MergeInstrumentationAnalysisTransform
Transforming asm-tree-9.7.1.jar (org.ow2.asm:asm-tree:9.7.1) with InstrumentationAnalysisTransform
Transforming asm-tree-9.7.1.jar (org.ow2.asm:asm-tree:9.7.1) with MergeInstrumentationAnalysisTransform
Transforming asm-util-9.7.1.jar (org.ow2.asm:asm-util:9.7.1) with ExternalDependencyInstrumentingArtifactTransform
Transforming asm-9.7.1.jar (org.ow2.asm:asm:9.7.1) with InstrumentationAnalysisTransform
Transforming asm-analysis-9.7.1.jar (org.ow2.asm:asm-analysis:9.7.1) with ExternalDependencyInstrumentingArtifactTransform
Transforming asm-tree-9.7.1.jar (org.ow2.asm:asm-tree:9.7.1) with ExternalDependencyInstrumentingArtifactTransform
Transforming asm-9.7.1.jar (org.ow2.asm:asm:9.7.1) with MergeInstrumentationAnalysisTransform
Transforming apkzlib-8.10.0.jar (com.android.tools.build:apkzlib:8.10.0) with InstrumentationAnalysisTransform
Transforming asm-commons-9.7.1.jar (org.ow2.asm:asm-commons:9.7.1) with ExternalDependencyInstrumentingArtifactTransform
Transforming apkzlib-8.10.0.jar (com.android.tools.build:apkzlib:8.10.0) with MergeInstrumentationAnalysisTransform
Transforming asm-9.7.1.jar (org.ow2.asm:asm:9.7.1) with ExternalDependencyInstrumentingArtifactTransform
Transforming bcpkix-jdk18on-1.79.jar (org.bouncycastle:bcpkix-jdk18on:1.79) with InstrumentationAnalysisTransform
Transforming bcpkix-jdk18on-1.79.jar (org.bouncycastle:bcpkix-jdk18on:1.79) with MergeInstrumentationAnalysisTransform
Transforming apkzlib-8.10.0.jar (com.android.tools.build:apkzlib:8.10.0) with ExternalDependencyInstrumentingArtifactTransform
Transforming jaxb-runtime-2.3.2.jar (org.glassfish.jaxb:jaxb-runtime:2.3.2) with InstrumentationAnalysisTransform
Transforming jaxb-runtime-2.3.2.jar (org.glassfish.jaxb:jaxb-runtime:2.3.2) with MergeInstrumentationAnalysisTransform
Transforming jopt-simple-4.9.jar (net.sf.jopt-simple:jopt-simple:4.9) with InstrumentationAnalysisTransform
Transforming jopt-simple-4.9.jar (net.sf.jopt-simple:jopt-simple:4.9) with MergeInstrumentationAnalysisTransform
Transforming javapoet-1.10.0.jar (com.squareup:javapoet:1.10.0) with InstrumentationAnalysisTransform
Transforming jaxb-runtime-2.3.2.jar (org.glassfish.jaxb:jaxb-runtime:2.3.2) with ExternalDependencyInstrumentingArtifactTransform
Transforming javapoet-1.10.0.jar (com.squareup:javapoet:1.10.0) with MergeInstrumentationAnalysisTransform
Transforming bcpkix-jdk18on-1.79.jar (org.bouncycastle:bcpkix-jdk18on:1.79) with ExternalDependencyInstrumentingArtifactTransform
Transforming protobuf-java-util-3.25.5.jar (com.google.protobuf:protobuf-java-util:3.25.5) with InstrumentationAnalysisTransform
Transforming protobuf-java-util-3.25.5.jar (com.google.protobuf:protobuf-java-util:3.25.5) with MergeInstrumentationAnalysisTransform
Transforming grpc-protobuf-1.69.1.jar (io.grpc:grpc-protobuf:1.69.1) with InstrumentationAnalysisTransform
Transforming jopt-simple-4.9.jar (net.sf.jopt-simple:jopt-simple:4.9) with ExternalDependencyInstrumentingArtifactTransform
Transforming grpc-protobuf-1.69.1.jar (io.grpc:grpc-protobuf:1.69.1) with MergeInstrumentationAnalysisTransform
Transforming javapoet-1.10.0.jar (com.squareup:javapoet:1.10.0) with ExternalDependencyInstrumentingArtifactTransform
Transforming protobuf-java-util-3.25.5.jar (com.google.protobuf:protobuf-java-util:3.25.5) with ExternalDependencyInstrumentingArtifactTransform
Transforming tink-1.7.0.jar (com.google.crypto.tink:tink:1.7.0) with InstrumentationAnalysisTransform
Transforming grpc-protobuf-1.69.1.jar (io.grpc:grpc-protobuf:1.69.1) with ExternalDependencyInstrumentingArtifactTransform
Transforming tink-1.7.0.jar (com.google.crypto.tink:tink:1.7.0) with MergeInstrumentationAnalysisTransform
Transforming core-proto-0.0.9-alpha03.jar (com.google.testing.platform:core-proto:0.0.9-alpha03) with InstrumentationAnalysisTransform
Transforming core-proto-0.0.9-alpha03.jar (com.google.testing.platform:core-proto:0.0.9-alpha03) with MergeInstrumentationAnalysisTransform
Transforming tink-1.7.0.jar (com.google.crypto.tink:tink:1.7.0) with ExternalDependencyInstrumentingArtifactTransform
Transforming protos-31.10.0.jar (com.android.tools.analytics-library:protos:31.10.0) with InstrumentationAnalysisTransform
Transforming protos-31.10.0.jar (com.android.tools.analytics-library:protos:31.10.0) with MergeInstrumentationAnalysisTransform
Transforming proto-google-common-protos-2.48.0.jar (com.google.api.grpc:proto-google-common-protos:2.48.0) with InstrumentationAnalysisTransform
Transforming proto-google-common-protos-2.48.0.jar (com.google.api.grpc:proto-google-common-protos:2.48.0) with MergeInstrumentationAnalysisTransform
Transforming core-proto-0.0.9-alpha03.jar (com.google.testing.platform:core-proto:0.0.9-alpha03) with ExternalDependencyInstrumentingArtifactTransform
Transforming protobuf-java-3.25.5.jar (com.google.protobuf:protobuf-java:3.25.5) with InstrumentationAnalysisTransform
Transforming proto-google-common-protos-2.48.0.jar (com.google.api.grpc:proto-google-common-protos:2.48.0) with ExternalDependencyInstrumentingArtifactTransform
Transforming protos-31.10.0.jar (com.android.tools.analytics-library:protos:31.10.0) with ExternalDependencyInstrumentingArtifactTransform
Transforming protobuf-java-3.25.5.jar (com.google.protobuf:protobuf-java:3.25.5) with MergeInstrumentationAnalysisTransform
Transforming grpc-netty-1.69.1.jar (io.grpc:grpc-netty:1.69.1) with InstrumentationAnalysisTransform
Transforming grpc-netty-1.69.1.jar (io.grpc:grpc-netty:1.69.1) with MergeInstrumentationAnalysisTransform
Transforming grpc-inprocess-1.69.1.jar (io.grpc:grpc-inprocess:1.69.1) with InstrumentationAnalysisTransform
Transforming protobuf-java-3.25.5.jar (com.google.protobuf:protobuf-java:3.25.5) with ExternalDependencyInstrumentingArtifactTransform
Transforming grpc-inprocess-1.69.1.jar (io.grpc:grpc-inprocess:1.69.1) with MergeInstrumentationAnalysisTransform
Transforming grpc-inprocess-1.69.1.jar (io.grpc:grpc-inprocess:1.69.1) with ExternalDependencyInstrumentingArtifactTransform
Transforming grpc-util-1.69.1.jar (io.grpc:grpc-util:1.69.1) with InstrumentationAnalysisTransform
Transforming grpc-netty-1.69.1.jar (io.grpc:grpc-netty:1.69.1) with ExternalDependencyInstrumentingArtifactTransform
Transforming grpc-util-1.69.1.jar (io.grpc:grpc-util:1.69.1) with MergeInstrumentationAnalysisTransform
Transforming grpc-core-1.69.1.jar (io.grpc:grpc-core:1.69.1) with InstrumentationAnalysisTransform
Transforming grpc-core-1.69.1.jar (io.grpc:grpc-core:1.69.1) with MergeInstrumentationAnalysisTransform
Transforming grpc-util-1.69.1.jar (io.grpc:grpc-util:1.69.1) with ExternalDependencyInstrumentingArtifactTransform
Transforming gson-2.11.0.jar (com.google.code.gson:gson:2.11.0) with InstrumentationAnalysisTransform
Transforming gson-2.11.0.jar (com.google.code.gson:gson:2.11.0) with MergeInstrumentationAnalysisTransform
Transforming grpc-core-1.69.1.jar (io.grpc:grpc-core:1.69.1) with ExternalDependencyInstrumentingArtifactTransform
Transforming grpc-stub-1.69.1.jar (io.grpc:grpc-stub:1.69.1) with InstrumentationAnalysisTransform
Transforming grpc-stub-1.69.1.jar (io.grpc:grpc-stub:1.69.1) with MergeInstrumentationAnalysisTransform
Transforming gson-2.11.0.jar (com.google.code.gson:gson:2.11.0) with ExternalDependencyInstrumentingArtifactTransform
Transforming tensorflow-lite-metadata-0.2.0.jar (org.tensorflow:tensorflow-lite-metadata:0.2.0) with InstrumentationAnalysisTransform
Transforming tensorflow-lite-metadata-0.2.0.jar (org.tensorflow:tensorflow-lite-metadata:0.2.0) with MergeInstrumentationAnalysisTransform
Transforming flatbuffers-java-1.12.0.jar (com.google.flatbuffers:flatbuffers-java:1.12.0) with InstrumentationAnalysisTransform
Transforming grpc-stub-1.69.1.jar (io.grpc:grpc-stub:1.69.1) with ExternalDependencyInstrumentingArtifactTransform
Transforming flatbuffers-java-1.12.0.jar (com.google.flatbuffers:flatbuffers-java:1.12.0) with MergeInstrumentationAnalysisTransform
Transforming jimfs-1.1.jar (com.google.jimfs:jimfs:1.1) with InstrumentationAnalysisTransform
Transforming jimfs-1.1.jar (com.google.jimfs:jimfs:1.1) with MergeInstrumentationAnalysisTransform
Transforming flatbuffers-java-1.12.0.jar (com.google.flatbuffers:flatbuffers-java:1.12.0) with ExternalDependencyInstrumentingArtifactTransform
Transforming grpc-context-1.69.1.jar (io.grpc:grpc-context:1.69.1) with InstrumentationAnalysisTransform
Transforming tensorflow-lite-metadata-0.2.0.jar (org.tensorflow:tensorflow-lite-metadata:0.2.0) with ExternalDependencyInstrumentingArtifactTransform
Transforming grpc-context-1.69.1.jar (io.grpc:grpc-context:1.69.1) with MergeInstrumentationAnalysisTransform
Transforming grpc-protobuf-lite-1.69.1.jar (io.grpc:grpc-protobuf-lite:1.69.1) with InstrumentationAnalysisTransform
Transforming grpc-protobuf-lite-1.69.1.jar (io.grpc:grpc-protobuf-lite:1.69.1) with MergeInstrumentationAnalysisTransform
Transforming jimfs-1.1.jar (com.google.jimfs:jimfs:1.1) with ExternalDependencyInstrumentingArtifactTransform
Transforming grpc-context-1.69.1.jar (io.grpc:grpc-context:1.69.1) with ExternalDependencyInstrumentingArtifactTransform
Transforming grpc-api-1.69.1.jar (io.grpc:grpc-api:1.69.1) with InstrumentationAnalysisTransform
Transforming grpc-api-1.69.1.jar (io.grpc:grpc-api:1.69.1) with MergeInstrumentationAnalysisTransform
Transforming guava-33.3.1-jre.jar (com.google.guava:guava:33.3.1-jre) with InstrumentationAnalysisTransform
Transforming grpc-protobuf-lite-1.69.1.jar (io.grpc:grpc-protobuf-lite:1.69.1) with ExternalDependencyInstrumentingArtifactTransform
Transforming guava-33.3.1-jre.jar (com.google.guava:guava:33.3.1-jre) with MergeInstrumentationAnalysisTransform
Transforming dagger-2.28.3.jar (com.google.dagger:dagger:2.28.3) with InstrumentationAnalysisTransform
Transforming dagger-2.28.3.jar (com.google.dagger:dagger:2.28.3) with MergeInstrumentationAnalysisTransform
Transforming javax.inject-1.jar (javax.inject:javax.inject:1) with InstrumentationAnalysisTransform
Transforming javax.inject-1.jar (javax.inject:javax.inject:1) with MergeInstrumentationAnalysisTransform
Transforming guava-33.3.1-jre.jar (com.google.guava:guava:33.3.1-jre) with ExternalDependencyInstrumentingArtifactTransform
Transforming kxml2-2.3.0.jar (net.sf.kxml:kxml2:2.3.0) with InstrumentationAnalysisTransform
Transforming kxml2-2.3.0.jar (net.sf.kxml:kxml2:2.3.0) with MergeInstrumentationAnalysisTransform
Transforming commons-compress-1.21.jar (org.apache.commons:commons-compress:1.21) with InstrumentationAnalysisTransform
Transforming grpc-api-1.69.1.jar (io.grpc:grpc-api:1.69.1) with ExternalDependencyInstrumentingArtifactTransform
Transforming commons-compress-1.21.jar (org.apache.commons:commons-compress:1.21) with MergeInstrumentationAnalysisTransform
Transforming bcutil-jdk18on-1.79.jar (org.bouncycastle:bcutil-jdk18on:1.79) with InstrumentationAnalysisTransform
Transforming javax.inject-1.jar (javax.inject:javax.inject:1) with ExternalDependencyInstrumentingArtifactTransform
Transforming bcutil-jdk18on-1.79.jar (org.bouncycastle:bcutil-jdk18on:1.79) with MergeInstrumentationAnalysisTransform
Transforming dagger-2.28.3.jar (com.google.dagger:dagger:2.28.3) with ExternalDependencyInstrumentingArtifactTransform
Transforming bcprov-jdk18on-1.79.jar (org.bouncycastle:bcprov-jdk18on:1.79) with InstrumentationAnalysisTransform
Transforming commons-compress-1.21.jar (org.apache.commons:commons-compress:1.21) with ExternalDependencyInstrumentingArtifactTransform
Transforming bcprov-jdk18on-1.79.jar (org.bouncycastle:bcprov-jdk18on:1.79) with MergeInstrumentationAnalysisTransform
Transforming kxml2-2.3.0.jar (net.sf.kxml:kxml2:2.3.0) with ExternalDependencyInstrumentingArtifactTransform
Transforming httpclient-4.5.14.jar (org.apache.httpcomponents:httpclient:4.5.14) with InstrumentationAnalysisTransform
Transforming bcprov-jdk18on-1.79.jar (org.bouncycastle:bcprov-jdk18on:1.79) with ExternalDependencyInstrumentingArtifactTransform
Transforming httpclient-4.5.14.jar (org.apache.httpcomponents:httpclient:4.5.14) with MergeInstrumentationAnalysisTransform
Transforming httpcore-4.4.16.jar (org.apache.httpcomponents:httpcore:4.4.16) with InstrumentationAnalysisTransform
Transforming bcutil-jdk18on-1.79.jar (org.bouncycastle:bcutil-jdk18on:1.79) with ExternalDependencyInstrumentingArtifactTransform
Transforming httpcore-4.4.16.jar (org.apache.httpcomponents:httpcore:4.4.16) with MergeInstrumentationAnalysisTransform
Transforming javax.activation-1.2.0.jar (com.sun.activation:javax.activation:1.2.0) with InstrumentationAnalysisTransform
Transforming javax.activation-1.2.0.jar (com.sun.activation:javax.activation:1.2.0) with MergeInstrumentationAnalysisTransform
Transforming httpclient-4.5.14.jar (org.apache.httpcomponents:httpclient:4.5.14) with ExternalDependencyInstrumentingArtifactTransform
Transforming annotations-23.0.0.jar (org.jetbrains:annotations:23.0.0) with InstrumentationAnalysisTransform
Transforming annotations-23.0.0.jar (org.jetbrains:annotations:23.0.0) with MergeInstrumentationAnalysisTransform
Transforming signflinger-8.10.0.jar (com.android:signflinger:8.10.0) with InstrumentationAnalysisTransform
Transforming signflinger-8.10.0.jar (com.android:signflinger:8.10.0) with MergeInstrumentationAnalysisTransform
Transforming zipflinger-8.10.0.jar (com.android:zipflinger:8.10.0) with InstrumentationAnalysisTransform
Transforming javax.activation-1.2.0.jar (com.sun.activation:javax.activation:1.2.0) with ExternalDependencyInstrumentingArtifactTransform
Transforming httpcore-4.4.16.jar (org.apache.httpcomponents:httpcore:4.4.16) with ExternalDependencyInstrumentingArtifactTransform
Transforming zipflinger-8.10.0.jar (com.android:zipflinger:8.10.0) with MergeInstrumentationAnalysisTransform
Transforming annotations-31.10.0.jar (com.android.tools:annotations:31.10.0) with InstrumentationAnalysisTransform
Transforming annotations-31.10.0.jar (com.android.tools:annotations:31.10.0) with MergeInstrumentationAnalysisTransform
Transforming jna-platform-5.6.0.jar (net.java.dev.jna:jna-platform:5.6.0) with InstrumentationAnalysisTransform
Transforming jna-platform-5.6.0.jar (net.java.dev.jna:jna-platform:5.6.0) with MergeInstrumentationAnalysisTransform
Transforming juniversalchardet-1.0.3.jar (com.googlecode.juniversalchardet:juniversalchardet:1.0.3) with InstrumentationAnalysisTransform
Transforming annotations-31.10.0.jar (com.android.tools:annotations:31.10.0) with ExternalDependencyInstrumentingArtifactTransform
Transforming signflinger-8.10.0.jar (com.android:signflinger:8.10.0) with ExternalDependencyInstrumentingArtifactTransform
Transforming juniversalchardet-1.0.3.jar (com.googlecode.juniversalchardet:juniversalchardet:1.0.3) with MergeInstrumentationAnalysisTransform
Transforming javax.annotation-api-1.3.2.jar (javax.annotation:javax.annotation-api:1.3.2) with InstrumentationAnalysisTransform
Transforming jna-platform-5.6.0.jar (net.java.dev.jna:jna-platform:5.6.0) with ExternalDependencyInstrumentingArtifactTransform
Transforming javax.annotation-api-1.3.2.jar (javax.annotation:javax.annotation-api:1.3.2) with MergeInstrumentationAnalysisTransform
Transforming stax-ex-1.8.1.jar (org.jvnet.staxex:stax-ex:1.8.1) with InstrumentationAnalysisTransform
Transforming annotations-23.0.0.jar (org.jetbrains:annotations:23.0.0) with ExternalDependencyInstrumentingArtifactTransform
Transforming javax.annotation-api-1.3.2.jar (javax.annotation:javax.annotation-api:1.3.2) with ExternalDependencyInstrumentingArtifactTransform
Transforming stax-ex-1.8.1.jar (org.jvnet.staxex:stax-ex:1.8.1) with MergeInstrumentationAnalysisTransform
Transforming zipflinger-8.10.0.jar (com.android:zipflinger:8.10.0) with ExternalDependencyInstrumentingArtifactTransform
Transforming juniversalchardet-1.0.3.jar (com.googlecode.juniversalchardet:juniversalchardet:1.0.3) with ExternalDependencyInstrumentingArtifactTransform
Transforming jakarta.xml.bind-api-2.3.2.jar (jakarta.xml.bind:jakarta.xml.bind-api:2.3.2) with InstrumentationAnalysisTransform
Transforming jakarta.xml.bind-api-2.3.2.jar (jakarta.xml.bind:jakarta.xml.bind-api:2.3.2) with MergeInstrumentationAnalysisTransform
Transforming txw2-2.3.2.jar (org.glassfish.jaxb:txw2:2.3.2) with InstrumentationAnalysisTransform
Transforming txw2-2.3.2.jar (org.glassfish.jaxb:txw2:2.3.2) with MergeInstrumentationAnalysisTransform
Transforming istack-commons-runtime-3.0.8.jar (com.sun.istack:istack-commons-runtime:3.0.8) with InstrumentationAnalysisTransform
Transforming stax-ex-1.8.1.jar (org.jvnet.staxex:stax-ex:1.8.1) with ExternalDependencyInstrumentingArtifactTransform
Transforming istack-commons-runtime-3.0.8.jar (com.sun.istack:istack-commons-runtime:3.0.8) with MergeInstrumentationAnalysisTransform
Transforming FastInfoset-1.2.16.jar (com.sun.xml.fastinfoset:FastInfoset:1.2.16) with InstrumentationAnalysisTransform
Transforming FastInfoset-1.2.16.jar (com.sun.xml.fastinfoset:FastInfoset:1.2.16) with MergeInstrumentationAnalysisTransform
Transforming jakarta.activation-api-1.2.1.jar (jakarta.activation:jakarta.activation-api:1.2.1) with InstrumentationAnalysisTransform
Transforming jakarta.xml.bind-api-2.3.2.jar (jakarta.xml.bind:jakarta.xml.bind-api:2.3.2) with ExternalDependencyInstrumentingArtifactTransform
Transforming jakarta.activation-api-1.2.1.jar (jakarta.activation:jakarta.activation-api:1.2.1) with MergeInstrumentationAnalysisTransform
Transforming auto-value-annotations-1.6.2.jar (com.google.auto.value:auto-value-annotations:1.6.2) with InstrumentationAnalysisTransform
Transforming txw2-2.3.2.jar (org.glassfish.jaxb:txw2:2.3.2) with ExternalDependencyInstrumentingArtifactTransform
Transforming auto-value-annotations-1.6.2.jar (com.google.auto.value:auto-value-annotations:1.6.2) with MergeInstrumentationAnalysisTransform
Transforming jakarta.activation-api-1.2.1.jar (jakarta.activation:jakarta.activation-api:1.2.1) with ExternalDependencyInstrumentingArtifactTransform
Transforming istack-commons-runtime-3.0.8.jar (com.sun.istack:istack-commons-runtime:3.0.8) with ExternalDependencyInstrumentingArtifactTransform
Transforming auto-value-annotations-1.6.2.jar (com.google.auto.value:auto-value-annotations:1.6.2) with ExternalDependencyInstrumentingArtifactTransform
Transforming FastInfoset-1.2.16.jar (com.sun.xml.fastinfoset:FastInfoset:1.2.16) with ExternalDependencyInstrumentingArtifactTransform
Transforming error_prone_annotations-2.30.0.jar (com.google.errorprone:error_prone_annotations:2.30.0) with InstrumentationAnalysisTransform
Transforming error_prone_annotations-2.30.0.jar (com.google.errorprone:error_prone_annotations:2.30.0) with MergeInstrumentationAnalysisTransform
Transforming jose4j-0.9.5.jar (org.bitbucket.b_c:jose4j:0.9.5) with InstrumentationAnalysisTransform
Transforming jose4j-0.9.5.jar (org.bitbucket.b_c:jose4j:0.9.5) with MergeInstrumentationAnalysisTransform
Transforming slf4j-api-1.7.30.jar (org.slf4j:slf4j-api:1.7.30) with InstrumentationAnalysisTransform
Transforming slf4j-api-1.7.30.jar (org.slf4j:slf4j-api:1.7.30) with MergeInstrumentationAnalysisTransform
Transforming jdom2-2.0.6.jar (org.jdom:jdom2:2.0.6) with InstrumentationAnalysisTransform
Transforming jdom2-2.0.6.jar (org.jdom:jdom2:2.0.6) with MergeInstrumentationAnalysisTransform
Transforming error_prone_annotations-2.30.0.jar (com.google.errorprone:error_prone_annotations:2.30.0) with ExternalDependencyInstrumentingArtifactTransform
Transforming jsr305-3.0.2.jar (com.google.code.findbugs:jsr305:3.0.2) with InstrumentationAnalysisTransform
Transforming jsr305-3.0.2.jar (com.google.code.findbugs:jsr305:3.0.2) with MergeInstrumentationAnalysisTransform
Transforming j2objc-annotations-3.0.0.jar (com.google.j2objc:j2objc-annotations:3.0.0) with InstrumentationAnalysisTransform
Transforming jose4j-0.9.5.jar (org.bitbucket.b_c:jose4j:0.9.5) with ExternalDependencyInstrumentingArtifactTransform
Transforming j2objc-annotations-3.0.0.jar (com.google.j2objc:j2objc-annotations:3.0.0) with MergeInstrumentationAnalysisTransform
Transforming annotations-4.1.1.4.jar (com.google.android:annotations:4.1.1.4) with InstrumentationAnalysisTransform
Transforming jdom2-2.0.6.jar (org.jdom:jdom2:2.0.6) with ExternalDependencyInstrumentingArtifactTransform
Transforming annotations-4.1.1.4.jar (com.google.android:annotations:4.1.1.4) with MergeInstrumentationAnalysisTransform
Transforming animal-sniffer-annotations-1.24.jar (org.codehaus.mojo:animal-sniffer-annotations:1.24) with InstrumentationAnalysisTransform
Transforming animal-sniffer-annotations-1.24.jar (org.codehaus.mojo:animal-sniffer-annotations:1.24) with MergeInstrumentationAnalysisTransform
Transforming jsr305-3.0.2.jar (com.google.code.findbugs:jsr305:3.0.2) with ExternalDependencyInstrumentingArtifactTransform
Transforming annotations-4.1.1.4.jar (com.google.android:annotations:4.1.1.4) with ExternalDependencyInstrumentingArtifactTransform
Transforming perfmark-api-0.27.0.jar (io.perfmark:perfmark-api:0.27.0) with InstrumentationAnalysisTransform
Transforming j2objc-annotations-3.0.0.jar (com.google.j2objc:j2objc-annotations:3.0.0) with ExternalDependencyInstrumentingArtifactTransform
Transforming perfmark-api-0.27.0.jar (io.perfmark:perfmark-api:0.27.0) with MergeInstrumentationAnalysisTransform
Transforming netty-codec-http2-4.1.110.Final.jar (io.netty:netty-codec-http2:4.1.110.Final) with InstrumentationAnalysisTransform
Transforming animal-sniffer-annotations-1.24.jar (org.codehaus.mojo:animal-sniffer-annotations:1.24) with ExternalDependencyInstrumentingArtifactTransform
Transforming slf4j-api-1.7.30.jar (org.slf4j:slf4j-api:1.7.30) with ExternalDependencyInstrumentingArtifactTransform
Transforming netty-codec-http2-4.1.110.Final.jar (io.netty:netty-codec-http2:4.1.110.Final) with MergeInstrumentationAnalysisTransform
Transforming netty-handler-proxy-4.1.110.Final.jar (io.netty:netty-handler-proxy:4.1.110.Final) with InstrumentationAnalysisTransform
Transforming perfmark-api-0.27.0.jar (io.perfmark:perfmark-api:0.27.0) with ExternalDependencyInstrumentingArtifactTransform
Transforming netty-codec-http2-4.1.110.Final.jar (io.netty:netty-codec-http2:4.1.110.Final) with ExternalDependencyInstrumentingArtifactTransform
Transforming netty-handler-proxy-4.1.110.Final.jar (io.netty:netty-handler-proxy:4.1.110.Final) with MergeInstrumentationAnalysisTransform
Transforming netty-codec-http-4.1.110.Final.jar (io.netty:netty-codec-http:4.1.110.Final) with InstrumentationAnalysisTransform
Transforming netty-codec-http-4.1.110.Final.jar (io.netty:netty-codec-http:4.1.110.Final) with MergeInstrumentationAnalysisTransform
Transforming netty-handler-4.1.110.Final.jar (io.netty:netty-handler:4.1.110.Final) with InstrumentationAnalysisTransform
Transforming netty-handler-4.1.110.Final.jar (io.netty:netty-handler:4.1.110.Final) with MergeInstrumentationAnalysisTransform
Transforming netty-transport-native-unix-common-4.1.110.Final.jar (io.netty:netty-transport-native-unix-common:4.1.110.Final) with InstrumentationAnalysisTransform
Transforming netty-transport-native-unix-common-4.1.110.Final.jar (io.netty:netty-transport-native-unix-common:4.1.110.Final) with MergeInstrumentationAnalysisTransform
Transforming checker-qual-3.43.0.jar (org.checkerframework:checker-qual:3.43.0) with InstrumentationAnalysisTransform
Transforming netty-handler-proxy-4.1.110.Final.jar (io.netty:netty-handler-proxy:4.1.110.Final) with ExternalDependencyInstrumentingArtifactTransform
Transforming checker-qual-3.43.0.jar (org.checkerframework:checker-qual:3.43.0) with MergeInstrumentationAnalysisTransform
Transforming apksig-8.10.0.jar (com.android.tools.build:apksig:8.10.0) with InstrumentationAnalysisTransform
Transforming netty-codec-http-4.1.110.Final.jar (io.netty:netty-codec-http:4.1.110.Final) with ExternalDependencyInstrumentingArtifactTransform
Transforming apksig-8.10.0.jar (com.android.tools.build:apksig:8.10.0) with MergeInstrumentationAnalysisTransform
Transforming javawriter-2.5.0.jar (com.squareup:javawriter:2.5.0) with InstrumentationAnalysisTransform
Transforming javawriter-2.5.0.jar (com.squareup:javawriter:2.5.0) with MergeInstrumentationAnalysisTransform
Transforming failureaccess-1.0.2.jar (com.google.guava:failureaccess:1.0.2) with InstrumentationAnalysisTransform
Transforming netty-transport-native-unix-common-4.1.110.Final.jar (io.netty:netty-transport-native-unix-common:4.1.110.Final) with ExternalDependencyInstrumentingArtifactTransform
Transforming netty-handler-4.1.110.Final.jar (io.netty:netty-handler:4.1.110.Final) with ExternalDependencyInstrumentingArtifactTransform
Transforming checker-qual-3.43.0.jar (org.checkerframework:checker-qual:3.43.0) with ExternalDependencyInstrumentingArtifactTransform
Transforming failureaccess-1.0.2.jar (com.google.guava:failureaccess:1.0.2) with MergeInstrumentationAnalysisTransform
Transforming apksig-8.10.0.jar (com.android.tools.build:apksig:8.10.0) with ExternalDependencyInstrumentingArtifactTransform
Transforming listenablefuture-9999.0-empty-to-avoid-conflict-with-guava.jar (com.google.guava:listenablefuture:9999.0-empty-to-avoid-conflict-with-guava) with InstrumentationAnalysisTransform
Transforming listenablefuture-9999.0-empty-to-avoid-conflict-with-guava.jar (com.google.guava:listenablefuture:9999.0-empty-to-avoid-conflict-with-guava) with MergeInstrumentationAnalysisTransform
Transforming commons-logging-1.2.jar (commons-logging:commons-logging:1.2) with InstrumentationAnalysisTransform
Transforming javawriter-2.5.0.jar (com.squareup:javawriter:2.5.0) with ExternalDependencyInstrumentingArtifactTransform
Transforming commons-logging-1.2.jar (commons-logging:commons-logging:1.2) with MergeInstrumentationAnalysisTransform
Transforming commons-codec-1.11.jar (commons-codec:commons-codec:1.11) with InstrumentationAnalysisTransform
Transforming commons-codec-1.11.jar (commons-codec:commons-codec:1.11) with MergeInstrumentationAnalysisTransform
Transforming listenablefuture-9999.0-empty-to-avoid-conflict-with-guava.jar (com.google.guava:listenablefuture:9999.0-empty-to-avoid-conflict-with-guava) with ExternalDependencyInstrumentingArtifactTransform
Transforming failureaccess-1.0.2.jar (com.google.guava:failureaccess:1.0.2) with ExternalDependencyInstrumentingArtifactTransform
Transforming commons-logging-1.2.jar (commons-logging:commons-logging:1.2) with ExternalDependencyInstrumentingArtifactTransform
Transforming jna-5.6.0.jar (net.java.dev.jna:jna:5.6.0) with InstrumentationAnalysisTransform
Transforming commons-codec-1.11.jar (commons-codec:commons-codec:1.11) with ExternalDependencyInstrumentingArtifactTransform
Transforming jna-5.6.0.jar (net.java.dev.jna:jna:5.6.0) with MergeInstrumentationAnalysisTransform
Transforming netty-codec-socks-4.1.110.Final.jar (io.netty:netty-codec-socks:4.1.110.Final) with InstrumentationAnalysisTransform
Transforming netty-codec-socks-4.1.110.Final.jar (io.netty:netty-codec-socks:4.1.110.Final) with MergeInstrumentationAnalysisTransform
Transforming jna-5.6.0.jar (net.java.dev.jna:jna:5.6.0) with ExternalDependencyInstrumentingArtifactTransform
Transforming netty-codec-4.1.110.Final.jar (io.netty:netty-codec:4.1.110.Final) with InstrumentationAnalysisTransform
Transforming netty-codec-4.1.110.Final.jar (io.netty:netty-codec:4.1.110.Final) with MergeInstrumentationAnalysisTransform
Transforming netty-transport-4.1.110.Final.jar (io.netty:netty-transport:4.1.110.Final) with InstrumentationAnalysisTransform
Transforming netty-transport-4.1.110.Final.jar (io.netty:netty-transport:4.1.110.Final) with MergeInstrumentationAnalysisTransform
Transforming netty-codec-socks-4.1.110.Final.jar (io.netty:netty-codec-socks:4.1.110.Final) with ExternalDependencyInstrumentingArtifactTransform
Transforming netty-buffer-4.1.110.Final.jar (io.netty:netty-buffer:4.1.110.Final) with InstrumentationAnalysisTransform
Transforming netty-buffer-4.1.110.Final.jar (io.netty:netty-buffer:4.1.110.Final) with MergeInstrumentationAnalysisTransform
Transforming netty-codec-4.1.110.Final.jar (io.netty:netty-codec:4.1.110.Final) with ExternalDependencyInstrumentingArtifactTransform
Transforming netty-transport-4.1.110.Final.jar (io.netty:netty-transport:4.1.110.Final) with ExternalDependencyInstrumentingArtifactTransform
Transforming netty-resolver-4.1.110.Final.jar (io.netty:netty-resolver:4.1.110.Final) with InstrumentationAnalysisTransform
Transforming netty-buffer-4.1.110.Final.jar (io.netty:netty-buffer:4.1.110.Final) with ExternalDependencyInstrumentingArtifactTransform
Transforming netty-resolver-4.1.110.Final.jar (io.netty:netty-resolver:4.1.110.Final) with MergeInstrumentationAnalysisTransform
Transforming netty-common-4.1.110.Final.jar (io.netty:netty-common:4.1.110.Final) with InstrumentationAnalysisTransform
Transforming netty-common-4.1.110.Final.jar (io.netty:netty-common:4.1.110.Final) with MergeInstrumentationAnalysisTransform
Transforming netty-common-4.1.110.Final.jar (io.netty:netty-common:4.1.110.Final) with ExternalDependencyInstrumentingArtifactTransform
Transforming netty-resolver-4.1.110.Final.jar (io.netty:netty-resolver:4.1.110.Final) with ExternalDependencyInstrumentingArtifactTransform

> Configure project :app
Evaluating project ':app' using build file '/home/fekerr/src/ingress-intel-total-conversion/mobile/app/build.gradle'.
Using default execution profile
All projects evaluated.
Task name matched 'assembleDebug'
Selected primary task 'assembleDebug' from project :
Tasks to be executed: [task ':app:copyUserscripts', task ':app:preBuild', task ':app:preDebugBuild', task ':app:mergeDebugNativeDebugMetadata', task ':app:generateDebugBuildConfig', task ':app:javaPreCompileDebug', task ':app:checkDebugAarMetadata', task ':app:generateDebugResValues', task ':app:mapDebugSourceSetPaths', task ':app:generateDebugResources', task ':app:mergeDebugResources', task ':app:createDebugCompatibleScreenManifests', task ':app:extractDeepLinksDebug', task ':app:processDebugMainManifest', task ':app:processDebugManifest', task ':app:processDebugManifestForPackage', task ':app:processDebugResources', task ':app:compileDebugJavaWithJavac', task ':app:mergeDebugShaders', task ':app:compileDebugShaders', task ':app:generateDebugAssets', task ':app:mergeDebugAssets', task ':app:compressDebugAssets', task ':app:desugarDebugFileDependencies', task ':app:dexBuilderDebug', task ':app:mergeDebugGlobalSynthetics', task ':app:processDebugJavaRes', task ':app:mergeDebugJavaResource', task ':app:checkDebugDuplicateClasses', task ':app:mergeExtDexDebug', task ':app:mergeLibDexDebug', task ':app:mergeProjectDexDebug', task ':app:mergeDebugJniLibFolders', task ':app:mergeDebugNativeLibs', task ':app:stripDebugDebugSymbols', task ':app:validateSigningDebug', task ':app:writeDebugAppMetadata', task ':app:writeDebugSigningConfigVersions', task ':app:packageDebug', task ':app:createDebugApkListingFileRedirect', task ':app:assembleDebug']
Tasks that were excluded: []
Resolve mutations for :app:copyUserscripts (Thread[#381,Execution worker,5,main]) started.
:app:copyUserscripts (Thread[#381,Execution worker,5,main]) started.

> Task :app:copyUserscripts NO-SOURCE
Skipping task ':app:copyUserscripts' as it has no source files and no previous output files.
Resolve mutations for :app:preBuild (Thread[#381,Execution worker,5,main]) started.
:app:preBuild (Thread[#381,Execution worker,5,main]) started.

> Task :app:preBuild UP-TO-DATE
Skipping task ':app:preBuild' as it has no actions.
Resolve mutations for :app:preDebugBuild (Thread[#381,Execution worker,5,main]) started.
:app:preDebugBuild (Thread[#381,Execution worker,5,main]) started.

> Task :app:preDebugBuild UP-TO-DATE
Skipping task ':app:preDebugBuild' as it has no actions.
Resolve mutations for :app:mergeDebugNativeDebugMetadata (Thread[#381,Execution worker,5,main]) started.
:app:mergeDebugNativeDebugMetadata (Thread[#381,Execution worker,5,main]) started.

> Task :app:mergeDebugNativeDebugMetadata NO-SOURCE
Skipping task ':app:mergeDebugNativeDebugMetadata' as it has no source files and no previous output files.
Resolve mutations for :app:generateDebugBuildConfig (Thread[#381,Execution worker,5,main]) started.
:app:generateDebugBuildConfig (Thread[#381,Execution worker,5,main]) started.

> Task :app:generateDebugBuildConfig
Caching disabled for task ':app:generateDebugBuildConfig' because:
  Build cache is disabled
Task ':app:generateDebugBuildConfig' is not up-to-date because:
  Value of input property 'versionCode' has changed for task ':app:generateDebugBuildConfig'
  Value of input property 'versionName' has changed for task ':app:generateDebugBuildConfig'
Resolve mutations for :app:javaPreCompileDebug (Thread[#383,Execution worker Thread 3,5,main]) started.
:app:javaPreCompileDebug (Thread[#383,Execution worker Thread 3,5,main]) started.

> Task :app:javaPreCompileDebug UP-TO-DATE
Caching disabled for task ':app:javaPreCompileDebug' because:
  Build cache is disabled
Skipping task ':app:javaPreCompileDebug' as it is up-to-date.
Resolve mutations for :app:checkDebugAarMetadata (Thread[#383,Execution worker Thread 3,5,main]) started.
:app:checkDebugAarMetadata (Thread[#392,Execution worker Thread 11,5,main]) started.

> Task :app:checkDebugAarMetadata UP-TO-DATE
Transforming AppIntro-6.3.1.aar (com.github.AppIntro:AppIntro:6.3.1) with JetifyTransform
Transforming AppIntro-6.3.1.aar (com.github.AppIntro:AppIntro:6.3.1) with ExtractAarTransform
Transforming AppIntro-6.3.1.aar (com.github.AppIntro:AppIntro:6.3.1) with AarTransform
Transforming localization-1.2.11.aar (com.akexorcist:localization:1.2.11) with JetifyTransform
Transforming recyclerview-1.1.0.aar (androidx.recyclerview:recyclerview:1.1.0) with JetifyTransform
Transforming localization-1.2.11.aar (com.akexorcist:localization:1.2.11) with ExtractAarTransform
Transforming recyclerview-1.1.0.aar (androidx.recyclerview:recyclerview:1.1.0) with ExtractAarTransform
Transforming recyclerview-1.1.0.aar (androidx.recyclerview:recyclerview:1.1.0) with AarTransform
Transforming localization-1.2.11.aar (com.akexorcist:localization:1.2.11) with AarTransform
Transforming appcompat-resources-1.6.1.aar (androidx.appcompat:appcompat-resources:1.6.1) with JetifyTransform
Transforming appcompat-resources-1.6.1.aar (androidx.appcompat:appcompat-resources:1.6.1) with ExtractAarTransform
Transforming appcompat-resources-1.6.1.aar (androidx.appcompat:appcompat-resources:1.6.1) with AarTransform
Transforming floatingactionbutton-1.3.0.aar (com.melnykov:floatingactionbutton:1.3.0) with JetifyTransform
Transforming appcompat-1.6.1.aar (androidx.appcompat:appcompat:1.6.1) with JetifyTransform
Transforming floatingactionbutton-1.3.0.aar (com.melnykov:floatingactionbutton:1.3.0) with ExtractAarTransform
Transforming appcompat-1.6.1.aar (androidx.appcompat:appcompat:1.6.1) with ExtractAarTransform
Transforming fragment-1.3.6.aar (androidx.fragment:fragment:1.3.6) with JetifyTransform
Transforming floatingactionbutton-1.3.0.aar (com.melnykov:floatingactionbutton:1.3.0) with AarTransform
Transforming fragment-1.3.6.aar (androidx.fragment:fragment:1.3.6) with ExtractAarTransform
Transforming appcompat-1.6.1.aar (androidx.appcompat:appcompat:1.6.1) with AarTransform
Transforming fragment-1.3.6.aar (androidx.fragment:fragment:1.3.6) with AarTransform
Transforming customview-1.0.0.aar (androidx.customview:customview:1.0.0) with JetifyTransform
Transforming customview-1.0.0.aar (androidx.customview:customview:1.0.0) with ExtractAarTransform
Transforming customview-1.0.0.aar (androidx.customview:customview:1.0.0) with AarTransform
Transforming customview-1.0.0.aar (androidx.customview:customview:1.0.0) with JetifyTransform
Transforming customview-1.0.0.aar (androidx.customview:customview:1.0.0) with JetifyTransform
Transforming customview-1.0.0.aar (androidx.customview:customview:1.0.0) with ExtractAarTransform
Transforming customview-1.0.0.aar (androidx.customview:customview:1.0.0) with ExtractAarTransform
Transforming customview-1.0.0.aar (androidx.customview:customview:1.0.0) with AarTransform
Transforming customview-1.0.0.aar (androidx.customview:customview:1.0.0) with AarTransform
Transforming activity-ktx-1.6.0.aar (androidx.activity:activity-ktx:1.6.0) with JetifyTransform
Transforming emoji2-1.2.0.aar (androidx.emoji2:emoji2:1.2.0) with JetifyTransform
Transforming activity-ktx-1.6.0.aar (androidx.activity:activity-ktx:1.6.0) with ExtractAarTransform
Transforming activity-1.6.0.aar (androidx.activity:activity:1.6.0) with JetifyTransform
Transforming activity-ktx-1.6.0.aar (androidx.activity:activity-ktx:1.6.0) with AarTransform
Transforming emoji2-1.2.0.aar (androidx.emoji2:emoji2:1.2.0) with ExtractAarTransform
Transforming activity-1.6.0.aar (androidx.activity:activity:1.6.0) with ExtractAarTransform
Transforming activity-1.6.0.aar (androidx.activity:activity:1.6.0) with AarTransform
Transforming emoji2-1.2.0.aar (androidx.emoji2:emoji2:1.2.0) with AarTransform
Transforming lifecycle-viewmodel-savedstate-2.5.1.aar (androidx.lifecycle:lifecycle-viewmodel-savedstate:2.5.1) with JetifyTransform
Transforming lifecycle-viewmodel-ktx-2.5.1.aar (androidx.lifecycle:lifecycle-viewmodel-ktx:2.5.1) with JetifyTransform
Transforming lifecycle-viewmodel-savedstate-2.5.1.aar (androidx.lifecycle:lifecycle-viewmodel-savedstate:2.5.1) with ExtractAarTransform
Transforming lifecycle-viewmodel-ktx-2.5.1.aar (androidx.lifecycle:lifecycle-viewmodel-ktx:2.5.1) with ExtractAarTransform
Transforming lifecycle-viewmodel-ktx-2.5.1.aar (androidx.lifecycle:lifecycle-viewmodel-ktx:2.5.1) with AarTransform
Transforming lifecycle-viewmodel-savedstate-2.5.1.aar (androidx.lifecycle:lifecycle-viewmodel-savedstate:2.5.1) with AarTransform
Transforming drawerlayout-1.0.0.aar (androidx.drawerlayout:drawerlayout:1.0.0) with JetifyTransform
Transforming drawerlayout-1.0.0.aar (androidx.drawerlayout:drawerlayout:1.0.0) with ExtractAarTransform
Transforming loader-1.0.0.aar (androidx.loader:loader:1.0.0) with JetifyTransform
Transforming drawerlayout-1.0.0.aar (androidx.drawerlayout:drawerlayout:1.0.0) with AarTransform
Transforming loader-1.0.0.aar (androidx.loader:loader:1.0.0) with ExtractAarTransform
Transforming loader-1.0.0.aar (androidx.loader:loader:1.0.0) with AarTransform
Transforming core-ktx-1.9.0.aar (androidx.core:core-ktx:1.9.0) with JetifyTransform
Transforming emoji2-views-helper-1.2.0.aar (androidx.emoji2:emoji2-views-helper:1.2.0) with JetifyTransform
Transforming core-ktx-1.9.0.aar (androidx.core:core-ktx:1.9.0) with ExtractAarTransform
Transforming emoji2-views-helper-1.2.0.aar (androidx.emoji2:emoji2-views-helper:1.2.0) with ExtractAarTransform
Transforming viewpager-1.0.0.aar (androidx.viewpager:viewpager:1.0.0) with JetifyTransform
Transforming vectordrawable-1.1.0.aar (androidx.vectordrawable:vectordrawable:1.1.0) with JetifyTransform
Transforming vectordrawable-1.1.0.aar (androidx.vectordrawable:vectordrawable:1.1.0) with JetifyTransform
Transforming core-ktx-1.9.0.aar (androidx.core:core-ktx:1.9.0) with AarTransform
Transforming vectordrawable-1.1.0.aar (androidx.vectordrawable:vectordrawable:1.1.0) with ExtractAarTransform
Transforming viewpager-1.0.0.aar (androidx.viewpager:viewpager:1.0.0) with ExtractAarTransform
Transforming vectordrawable-1.1.0.aar (androidx.vectordrawable:vectordrawable:1.1.0) with AarTransform
Transforming vectordrawable-1.1.0.aar (androidx.vectordrawable:vectordrawable:1.1.0) with ExtractAarTransform
Transforming lifecycle-viewmodel-2.5.1.aar (androidx.lifecycle:lifecycle-viewmodel:2.5.1) with JetifyTransform
Transforming vectordrawable-1.1.0.aar (androidx.vectordrawable:vectordrawable:1.1.0) with AarTransform
Transforming core-1.9.0.aar (androidx.core:core:1.9.0) with JetifyTransform
Transforming emoji2-views-helper-1.2.0.aar (androidx.emoji2:emoji2-views-helper:1.2.0) with AarTransform
Transforming lifecycle-viewmodel-2.5.1.aar (androidx.lifecycle:lifecycle-viewmodel:2.5.1) with ExtractAarTransform
Transforming lifecycle-viewmodel-2.5.1.aar (androidx.lifecycle:lifecycle-viewmodel:2.5.1) with AarTransform
Transforming lifecycle-viewmodel-2.5.1.aar (androidx.lifecycle:lifecycle-viewmodel:2.5.1) with JetifyTransform
Transforming lifecycle-viewmodel-2.5.1.aar (androidx.lifecycle:lifecycle-viewmodel:2.5.1) with ExtractAarTransform
Transforming lifecycle-viewmodel-2.5.1.aar (androidx.lifecycle:lifecycle-viewmodel:2.5.1) with AarTransform
Transforming cursoradapter-1.0.0.aar (androidx.cursoradapter:cursoradapter:1.0.0) with JetifyTransform
Transforming viewpager-1.0.0.aar (androidx.viewpager:viewpager:1.0.0) with AarTransform
Transforming vectordrawable-animated-1.1.0.aar (androidx.vectordrawable:vectordrawable-animated:1.1.0) with JetifyTransform
Transforming cursoradapter-1.0.0.aar (androidx.cursoradapter:cursoradapter:1.0.0) with ExtractAarTransform
Transforming core-1.9.0.aar (androidx.core:core:1.9.0) with ExtractAarTransform
Transforming vectordrawable-animated-1.1.0.aar (androidx.vectordrawable:vectordrawable-animated:1.1.0) with ExtractAarTransform
Transforming core-1.9.0.aar (androidx.core:core:1.9.0) with AarTransform
Transforming cursoradapter-1.0.0.aar (androidx.cursoradapter:cursoradapter:1.0.0) with AarTransform
Transforming vectordrawable-animated-1.1.0.aar (androidx.vectordrawable:vectordrawable-animated:1.1.0) with AarTransform
Transforming core-1.9.0.aar (androidx.core:core:1.9.0) with JetifyTransform
Transforming core-1.9.0.aar (androidx.core:core:1.9.0) with JetifyTransform
Transforming lifecycle-runtime-2.5.1.aar (androidx.lifecycle:lifecycle-runtime:2.5.1) with JetifyTransform
Transforming core-1.9.0.aar (androidx.core:core:1.9.0) with ExtractAarTransform
Transforming core-1.9.0.aar (androidx.core:core:1.9.0) with JetifyTransform
Transforming lifecycle-runtime-2.5.1.aar (androidx.lifecycle:lifecycle-runtime:2.5.1) with ExtractAarTransform
Transforming core-1.9.0.aar (androidx.core:core:1.9.0) with ExtractAarTransform
Transforming savedstate-1.2.0.aar (androidx.savedstate:savedstate:1.2.0) with JetifyTransform
Transforming core-1.9.0.aar (androidx.core:core:1.9.0) with AarTransform
Transforming core-1.9.0.aar (androidx.core:core:1.9.0) with JetifyTransform
Transforming core-1.9.0.aar (androidx.core:core:1.9.0) with ExtractAarTransform
Transforming core-1.9.0.aar (androidx.core:core:1.9.0) with JetifyTransform
Transforming constraintlayout-2.1.4.aar (androidx.constraintlayout:constraintlayout:2.1.4) with JetifyTransform
Transforming core-1.9.0.aar (androidx.core:core:1.9.0) with AarTransform
Transforming lifecycle-runtime-ktx-2.5.1.aar (androidx.lifecycle:lifecycle-runtime-ktx:2.5.1) with JetifyTransform
Transforming savedstate-1.2.0.aar (androidx.savedstate:savedstate:1.2.0) with ExtractAarTransform
Transforming lifecycle-process-2.4.1.aar (androidx.lifecycle:lifecycle-process:2.4.1) with JetifyTransform
Transforming core-1.9.0.aar (androidx.core:core:1.9.0) with ExtractAarTransform
Transforming lifecycle-process-2.4.1.aar (androidx.lifecycle:lifecycle-process:2.4.1) with ExtractAarTransform
Transforming lifecycle-process-2.4.1.aar (androidx.lifecycle:lifecycle-process:2.4.1) with AarTransform
Transforming constraintlayout-2.1.4.aar (androidx.constraintlayout:constraintlayout:2.1.4) with ExtractAarTransform
Transforming core-1.9.0.aar (androidx.core:core:1.9.0) with AarTransform
Transforming core-1.9.0.aar (androidx.core:core:1.9.0) with ExtractAarTransform
Transforming startup-runtime-1.1.1.aar (androidx.startup:startup-runtime:1.1.1) with JetifyTransform
Transforming core-1.9.0.aar (androidx.core:core:1.9.0) with AarTransform
Transforming core-1.9.0.aar (androidx.core:core:1.9.0) with AarTransform
Transforming lifecycle-runtime-2.5.1.aar (androidx.lifecycle:lifecycle-runtime:2.5.1) with AarTransform
Transforming constraintlayout-2.1.4.aar (androidx.constraintlayout:constraintlayout:2.1.4) with AarTransform
Transforming core-1.9.0.aar (androidx.core:core:1.9.0) with JetifyTransform
Transforming lifecycle-livedata-2.0.0.aar (androidx.lifecycle:lifecycle-livedata:2.0.0) with JetifyTransform
Transforming core-1.9.0.aar (androidx.core:core:1.9.0) with ExtractAarTransform
Transforming startup-runtime-1.1.1.aar (androidx.startup:startup-runtime:1.1.1) with ExtractAarTransform
Transforming core-1.9.0.aar (androidx.core:core:1.9.0) with AarTransform
Transforming lifecycle-livedata-2.0.0.aar (androidx.lifecycle:lifecycle-livedata:2.0.0) with ExtractAarTransform
Transforming lifecycle-livedata-core-2.5.1.aar (androidx.lifecycle:lifecycle-livedata-core:2.5.1) with JetifyTransform
Transforming lifecycle-livedata-2.0.0.aar (androidx.lifecycle:lifecycle-livedata:2.0.0) with AarTransform
Transforming startup-runtime-1.1.1.aar (androidx.startup:startup-runtime:1.1.1) with AarTransform
Transforming tracing-1.0.0.aar (androidx.tracing:tracing:1.0.0) with JetifyTransform
Transforming lifecycle-livedata-core-2.5.1.aar (androidx.lifecycle:lifecycle-livedata-core:2.5.1) with ExtractAarTransform
Transforming savedstate-1.2.0.aar (androidx.savedstate:savedstate:1.2.0) with AarTransform
Transforming tracing-1.0.0.aar (androidx.tracing:tracing:1.0.0) with ExtractAarTransform
Transforming lifecycle-livedata-core-2.5.1.aar (androidx.lifecycle:lifecycle-livedata-core:2.5.1) with JetifyTransform
Transforming tracing-1.0.0.aar (androidx.tracing:tracing:1.0.0) with AarTransform
Transforming interpolator-1.0.0.aar (androidx.interpolator:interpolator:1.0.0) with JetifyTransform
Transforming lifecycle-runtime-ktx-2.5.1.aar (androidx.lifecycle:lifecycle-runtime-ktx:2.5.1) with ExtractAarTransform
Transforming interpolator-1.0.0.aar (androidx.interpolator:interpolator:1.0.0) with ExtractAarTransform
Transforming lifecycle-livedata-core-2.5.1.aar (androidx.lifecycle:lifecycle-livedata-core:2.5.1) with ExtractAarTransform
Transforming savedstate-ktx-1.2.0.aar (androidx.savedstate:savedstate-ktx:1.2.0) with JetifyTransform
Transforming lifecycle-livedata-core-2.5.1.aar (androidx.lifecycle:lifecycle-livedata-core:2.5.1) with AarTransform
Transforming versionedparcelable-1.1.1.aar (androidx.versionedparcelable:versionedparcelable:1.1.1) with JetifyTransform
Transforming savedstate-ktx-1.2.0.aar (androidx.savedstate:savedstate-ktx:1.2.0) with ExtractAarTransform
Transforming core-runtime-2.1.0.aar (androidx.arch.core:core-runtime:2.1.0) with JetifyTransform
Transforming core-runtime-2.1.0.aar (androidx.arch.core:core-runtime:2.1.0) with JetifyTransform
Transforming savedstate-ktx-1.2.0.aar (androidx.savedstate:savedstate-ktx:1.2.0) with AarTransform
Transforming core-runtime-2.1.0.aar (androidx.arch.core:core-runtime:2.1.0) with ExtractAarTransform
Transforming interpolator-1.0.0.aar (androidx.interpolator:interpolator:1.0.0) with AarTransform
Transforming annotation-experimental-1.3.0.aar (androidx.annotation:annotation-experimental:1.3.0) with JetifyTransform
Transforming lifecycle-runtime-ktx-2.5.1.aar (androidx.lifecycle:lifecycle-runtime-ktx:2.5.1) with AarTransform
Transforming annotation-experimental-1.3.0.aar (androidx.annotation:annotation-experimental:1.3.0) with ExtractAarTransform
Transforming lifecycle-livedata-core-2.5.1.aar (androidx.lifecycle:lifecycle-livedata-core:2.5.1) with AarTransform
Transforming annotation-experimental-1.3.0.aar (androidx.annotation:annotation-experimental:1.3.0) with AarTransform
Transforming core-runtime-2.1.0.aar (androidx.arch.core:core-runtime:2.1.0) with ExtractAarTransform
Transforming core-runtime-2.1.0.aar (androidx.arch.core:core-runtime:2.1.0) with AarTransform
Transforming core-runtime-2.1.0.aar (androidx.arch.core:core-runtime:2.1.0) with AarTransform
Transforming versionedparcelable-1.1.1.aar (androidx.versionedparcelable:versionedparcelable:1.1.1) with ExtractAarTransform
Transforming versionedparcelable-1.1.1.aar (androidx.versionedparcelable:versionedparcelable:1.1.1) with AarTransform
Caching disabled for task ':app:checkDebugAarMetadata' because:
  Build cache is disabled
  Caching has been disabled for the task
Skipping task ':app:checkDebugAarMetadata' as it is up-to-date.
Resolve mutations for :app:generateDebugResValues (Thread[#392,Execution worker Thread 11,5,main]) started.
:app:generateDebugResValues (Thread[#392,Execution worker Thread 11,5,main]) started.

> Task :app:generateDebugResValues UP-TO-DATE
Caching disabled for task ':app:generateDebugResValues' because:
  Build cache is disabled
Skipping task ':app:generateDebugResValues' as it is up-to-date.
Resolve mutations for :app:mapDebugSourceSetPaths (Thread[#381,Execution worker,5,main]) started.
:app:mapDebugSourceSetPaths (Thread[#381,Execution worker,5,main]) started.

> Task :app:mapDebugSourceSetPaths UP-TO-DATE
Transforming AppIntro-6.3.1.aar (com.github.AppIntro:AppIntro:6.3.1) with JetifyTransform
Transforming AppIntro-6.3.1.aar (com.github.AppIntro:AppIntro:6.3.1) with ExtractAarTransform
Transforming AppIntro-6.3.1.aar (com.github.AppIntro:AppIntro:6.3.1) with AarTransform
Transforming localization-1.2.11.aar (com.akexorcist:localization:1.2.11) with JetifyTransform
Transforming localization-1.2.11.aar (com.akexorcist:localization:1.2.11) with ExtractAarTransform
Transforming localization-1.2.11.aar (com.akexorcist:localization:1.2.11) with AarTransform
Transforming constraintlayout-2.1.4.aar (androidx.constraintlayout:constraintlayout:2.1.4) with JetifyTransform
Transforming constraintlayout-2.1.4.aar (androidx.constraintlayout:constraintlayout:2.1.4) with ExtractAarTransform
Transforming constraintlayout-2.1.4.aar (androidx.constraintlayout:constraintlayout:2.1.4) with AarTransform
Transforming appcompat-resources-1.6.1.aar (androidx.appcompat:appcompat-resources:1.6.1) with JetifyTransform
Transforming appcompat-resources-1.6.1.aar (androidx.appcompat:appcompat-resources:1.6.1) with ExtractAarTransform
Transforming appcompat-resources-1.6.1.aar (androidx.appcompat:appcompat-resources:1.6.1) with AarTransform
Transforming appcompat-1.6.1.aar (androidx.appcompat:appcompat:1.6.1) with JetifyTransform
Transforming appcompat-1.6.1.aar (androidx.appcompat:appcompat:1.6.1) with ExtractAarTransform
Transforming appcompat-1.6.1.aar (androidx.appcompat:appcompat:1.6.1) with AarTransform
Transforming floatingactionbutton-1.3.0.aar (com.melnykov:floatingactionbutton:1.3.0) with JetifyTransform
Transforming floatingactionbutton-1.3.0.aar (com.melnykov:floatingactionbutton:1.3.0) with ExtractAarTransform
Transforming floatingactionbutton-1.3.0.aar (com.melnykov:floatingactionbutton:1.3.0) with AarTransform
Transforming recyclerview-1.1.0.aar (androidx.recyclerview:recyclerview:1.1.0) with JetifyTransform
Transforming recyclerview-1.1.0.aar (androidx.recyclerview:recyclerview:1.1.0) with ExtractAarTransform
Transforming recyclerview-1.1.0.aar (androidx.recyclerview:recyclerview:1.1.0) with AarTransform
Transforming drawerlayout-1.0.0.aar (androidx.drawerlayout:drawerlayout:1.0.0) with JetifyTransform
Transforming drawerlayout-1.0.0.aar (androidx.drawerlayout:drawerlayout:1.0.0) with ExtractAarTransform
Transforming drawerlayout-1.0.0.aar (androidx.drawerlayout:drawerlayout:1.0.0) with AarTransform
Transforming fragment-1.3.6.aar (androidx.fragment:fragment:1.3.6) with JetifyTransform
Transforming fragment-1.3.6.aar (androidx.fragment:fragment:1.3.6) with ExtractAarTransform
Transforming fragment-1.3.6.aar (androidx.fragment:fragment:1.3.6) with AarTransform
Transforming viewpager-1.0.0.aar (androidx.viewpager:viewpager:1.0.0) with JetifyTransform
Transforming viewpager-1.0.0.aar (androidx.viewpager:viewpager:1.0.0) with ExtractAarTransform
Transforming viewpager-1.0.0.aar (androidx.viewpager:viewpager:1.0.0) with AarTransform
Transforming customview-1.0.0.aar (androidx.customview:customview:1.0.0) with JetifyTransform
Transforming customview-1.0.0.aar (androidx.customview:customview:1.0.0) with ExtractAarTransform
Transforming customview-1.0.0.aar (androidx.customview:customview:1.0.0) with AarTransform
Transforming activity-ktx-1.6.0.aar (androidx.activity:activity-ktx:1.6.0) with JetifyTransform
Transforming activity-ktx-1.6.0.aar (androidx.activity:activity-ktx:1.6.0) with ExtractAarTransform
Transforming activity-ktx-1.6.0.aar (androidx.activity:activity-ktx:1.6.0) with AarTransform
Transforming activity-1.6.0.aar (androidx.activity:activity:1.6.0) with JetifyTransform
Transforming activity-1.6.0.aar (androidx.activity:activity:1.6.0) with ExtractAarTransform
Transforming activity-1.6.0.aar (androidx.activity:activity:1.6.0) with AarTransform
Transforming emoji2-views-helper-1.2.0.aar (androidx.emoji2:emoji2-views-helper:1.2.0) with JetifyTransform
Transforming emoji2-views-helper-1.2.0.aar (androidx.emoji2:emoji2-views-helper:1.2.0) with ExtractAarTransform
Transforming emoji2-views-helper-1.2.0.aar (androidx.emoji2:emoji2-views-helper:1.2.0) with AarTransform
Transforming emoji2-1.2.0.aar (androidx.emoji2:emoji2:1.2.0) with JetifyTransform
Transforming emoji2-1.2.0.aar (androidx.emoji2:emoji2:1.2.0) with ExtractAarTransform
Transforming emoji2-1.2.0.aar (androidx.emoji2:emoji2:1.2.0) with AarTransform
Transforming loader-1.0.0.aar (androidx.loader:loader:1.0.0) with JetifyTransform
Transforming loader-1.0.0.aar (androidx.loader:loader:1.0.0) with ExtractAarTransform
Transforming loader-1.0.0.aar (androidx.loader:loader:1.0.0) with AarTransform
Transforming lifecycle-viewmodel-ktx-2.5.1.aar (androidx.lifecycle:lifecycle-viewmodel-ktx:2.5.1) with JetifyTransform
Transforming lifecycle-viewmodel-ktx-2.5.1.aar (androidx.lifecycle:lifecycle-viewmodel-ktx:2.5.1) with ExtractAarTransform
Transforming lifecycle-viewmodel-ktx-2.5.1.aar (androidx.lifecycle:lifecycle-viewmodel-ktx:2.5.1) with AarTransform
Transforming lifecycle-viewmodel-2.5.1.aar (androidx.lifecycle:lifecycle-viewmodel:2.5.1) with JetifyTransform
Transforming lifecycle-viewmodel-2.5.1.aar (androidx.lifecycle:lifecycle-viewmodel:2.5.1) with ExtractAarTransform
Transforming lifecycle-viewmodel-2.5.1.aar (androidx.lifecycle:lifecycle-viewmodel:2.5.1) with AarTransform
Transforming lifecycle-viewmodel-2.5.1.aar (androidx.lifecycle:lifecycle-viewmodel:2.5.1) with JetifyTransform
Transforming lifecycle-viewmodel-2.5.1.aar (androidx.lifecycle:lifecycle-viewmodel:2.5.1) with ExtractAarTransform
Transforming lifecycle-viewmodel-2.5.1.aar (androidx.lifecycle:lifecycle-viewmodel:2.5.1) with AarTransform
Transforming lifecycle-viewmodel-savedstate-2.5.1.aar (androidx.lifecycle:lifecycle-viewmodel-savedstate:2.5.1) with JetifyTransform
Transforming lifecycle-viewmodel-savedstate-2.5.1.aar (androidx.lifecycle:lifecycle-viewmodel-savedstate:2.5.1) with ExtractAarTransform
Transforming lifecycle-viewmodel-savedstate-2.5.1.aar (androidx.lifecycle:lifecycle-viewmodel-savedstate:2.5.1) with AarTransform
Transforming core-ktx-1.9.0.aar (androidx.core:core-ktx:1.9.0) with JetifyTransform
Transforming core-ktx-1.9.0.aar (androidx.core:core-ktx:1.9.0) with ExtractAarTransform
Transforming core-ktx-1.9.0.aar (androidx.core:core-ktx:1.9.0) with AarTransform
Transforming vectordrawable-animated-1.1.0.aar (androidx.vectordrawable:vectordrawable-animated:1.1.0) with JetifyTransform
Transforming vectordrawable-animated-1.1.0.aar (androidx.vectordrawable:vectordrawable-animated:1.1.0) with ExtractAarTransform
Transforming vectordrawable-animated-1.1.0.aar (androidx.vectordrawable:vectordrawable-animated:1.1.0) with AarTransform
Transforming vectordrawable-1.1.0.aar (androidx.vectordrawable:vectordrawable:1.1.0) with JetifyTransform
Transforming vectordrawable-1.1.0.aar (androidx.vectordrawable:vectordrawable:1.1.0) with ExtractAarTransform
Transforming vectordrawable-1.1.0.aar (androidx.vectordrawable:vectordrawable:1.1.0) with AarTransform
Transforming vectordrawable-1.1.0.aar (androidx.vectordrawable:vectordrawable:1.1.0) with JetifyTransform
Transforming vectordrawable-1.1.0.aar (androidx.vectordrawable:vectordrawable:1.1.0) with ExtractAarTransform
Transforming vectordrawable-1.1.0.aar (androidx.vectordrawable:vectordrawable:1.1.0) with AarTransform
Transforming core-1.9.0.aar (androidx.core:core:1.9.0) with JetifyTransform
Transforming core-1.9.0.aar (androidx.core:core:1.9.0) with ExtractAarTransform
Transforming core-1.9.0.aar (androidx.core:core:1.9.0) with AarTransform
Transforming core-1.9.0.aar (androidx.core:core:1.9.0) with JetifyTransform
Transforming core-1.9.0.aar (androidx.core:core:1.9.0) with ExtractAarTransform
Transforming core-1.9.0.aar (androidx.core:core:1.9.0) with AarTransform
Transforming cursoradapter-1.0.0.aar (androidx.cursoradapter:cursoradapter:1.0.0) with JetifyTransform
Transforming cursoradapter-1.0.0.aar (androidx.cursoradapter:cursoradapter:1.0.0) with ExtractAarTransform
Transforming cursoradapter-1.0.0.aar (androidx.cursoradapter:cursoradapter:1.0.0) with AarTransform
Transforming lifecycle-process-2.4.1.aar (androidx.lifecycle:lifecycle-process:2.4.1) with JetifyTransform
Transforming lifecycle-process-2.4.1.aar (androidx.lifecycle:lifecycle-process:2.4.1) with ExtractAarTransform
Transforming lifecycle-process-2.4.1.aar (androidx.lifecycle:lifecycle-process:2.4.1) with AarTransform
Transforming lifecycle-runtime-ktx-2.5.1.aar (androidx.lifecycle:lifecycle-runtime-ktx:2.5.1) with JetifyTransform
Transforming lifecycle-runtime-ktx-2.5.1.aar (androidx.lifecycle:lifecycle-runtime-ktx:2.5.1) with ExtractAarTransform
Transforming lifecycle-runtime-ktx-2.5.1.aar (androidx.lifecycle:lifecycle-runtime-ktx:2.5.1) with AarTransform
Transforming lifecycle-runtime-2.5.1.aar (androidx.lifecycle:lifecycle-runtime:2.5.1) with JetifyTransform
Transforming lifecycle-runtime-2.5.1.aar (androidx.lifecycle:lifecycle-runtime:2.5.1) with ExtractAarTransform
Transforming lifecycle-runtime-2.5.1.aar (androidx.lifecycle:lifecycle-runtime:2.5.1) with AarTransform
Transforming savedstate-ktx-1.2.0.aar (androidx.savedstate:savedstate-ktx:1.2.0) with JetifyTransform
Transforming savedstate-ktx-1.2.0.aar (androidx.savedstate:savedstate-ktx:1.2.0) with ExtractAarTransform
Transforming savedstate-ktx-1.2.0.aar (androidx.savedstate:savedstate-ktx:1.2.0) with AarTransform
Transforming savedstate-1.2.0.aar (androidx.savedstate:savedstate:1.2.0) with JetifyTransform
Transforming savedstate-1.2.0.aar (androidx.savedstate:savedstate:1.2.0) with ExtractAarTransform
Transforming savedstate-1.2.0.aar (androidx.savedstate:savedstate:1.2.0) with AarTransform
Transforming versionedparcelable-1.1.1.aar (androidx.versionedparcelable:versionedparcelable:1.1.1) with JetifyTransform
Transforming versionedparcelable-1.1.1.aar (androidx.versionedparcelable:versionedparcelable:1.1.1) with ExtractAarTransform
Transforming versionedparcelable-1.1.1.aar (androidx.versionedparcelable:versionedparcelable:1.1.1) with AarTransform
Transforming startup-runtime-1.1.1.aar (androidx.startup:startup-runtime:1.1.1) with JetifyTransform
Transforming startup-runtime-1.1.1.aar (androidx.startup:startup-runtime:1.1.1) with ExtractAarTransform
Transforming startup-runtime-1.1.1.aar (androidx.startup:startup-runtime:1.1.1) with AarTransform
Transforming tracing-1.0.0.aar (androidx.tracing:tracing:1.0.0) with JetifyTransform
Transforming tracing-1.0.0.aar (androidx.tracing:tracing:1.0.0) with ExtractAarTransform
Transforming tracing-1.0.0.aar (androidx.tracing:tracing:1.0.0) with AarTransform
Transforming lifecycle-livedata-2.0.0.aar (androidx.lifecycle:lifecycle-livedata:2.0.0) with JetifyTransform
Transforming lifecycle-livedata-2.0.0.aar (androidx.lifecycle:lifecycle-livedata:2.0.0) with ExtractAarTransform
Transforming lifecycle-livedata-2.0.0.aar (androidx.lifecycle:lifecycle-livedata:2.0.0) with AarTransform
Transforming lifecycle-livedata-core-2.5.1.aar (androidx.lifecycle:lifecycle-livedata-core:2.5.1) with JetifyTransform
Transforming lifecycle-livedata-core-2.5.1.aar (androidx.lifecycle:lifecycle-livedata-core:2.5.1) with ExtractAarTransform
Transforming lifecycle-livedata-core-2.5.1.aar (androidx.lifecycle:lifecycle-livedata-core:2.5.1) with AarTransform
Transforming lifecycle-livedata-core-2.5.1.aar (androidx.lifecycle:lifecycle-livedata-core:2.5.1) with JetifyTransform
Transforming lifecycle-livedata-core-2.5.1.aar (androidx.lifecycle:lifecycle-livedata-core:2.5.1) with ExtractAarTransform
Transforming lifecycle-livedata-core-2.5.1.aar (androidx.lifecycle:lifecycle-livedata-core:2.5.1) with AarTransform
Transforming core-runtime-2.1.0.aar (androidx.arch.core:core-runtime:2.1.0) with JetifyTransform
Transforming core-runtime-2.1.0.aar (androidx.arch.core:core-runtime:2.1.0) with ExtractAarTransform
Transforming core-runtime-2.1.0.aar (androidx.arch.core:core-runtime:2.1.0) with AarTransform
Transforming core-runtime-2.1.0.aar (androidx.arch.core:core-runtime:2.1.0) with JetifyTransform
Transforming core-runtime-2.1.0.aar (androidx.arch.core:core-runtime:2.1.0) with ExtractAarTransform
Transforming core-runtime-2.1.0.aar (androidx.arch.core:core-runtime:2.1.0) with AarTransform
Transforming interpolator-1.0.0.aar (androidx.interpolator:interpolator:1.0.0) with JetifyTransform
Transforming interpolator-1.0.0.aar (androidx.interpolator:interpolator:1.0.0) with ExtractAarTransform
Transforming interpolator-1.0.0.aar (androidx.interpolator:interpolator:1.0.0) with AarTransform
Transforming annotation-experimental-1.3.0.aar (androidx.annotation:annotation-experimental:1.3.0) with JetifyTransform
Transforming annotation-experimental-1.3.0.aar (androidx.annotation:annotation-experimental:1.3.0) with ExtractAarTransform
Transforming annotation-experimental-1.3.0.aar (androidx.annotation:annotation-experimental:1.3.0) with AarTransform
Caching disabled for task ':app:mapDebugSourceSetPaths' because:
  Build cache is disabled
  Caching has been disabled for the task
Skipping task ':app:mapDebugSourceSetPaths' as it is up-to-date.
Resolve mutations for :app:generateDebugResources (Thread[#381,Execution worker,5,main]) started.
:app:generateDebugResources (Thread[#381,Execution worker,5,main]) started.

> Task :app:generateDebugResources UP-TO-DATE
Caching disabled for task ':app:generateDebugResources' because:
  Build cache is disabled
Skipping task ':app:generateDebugResources' as it is up-to-date.
Resolve mutations for :app:mergeDebugResources (Thread[#381,Execution worker,5,main]) started.
:app:mergeDebugResources (Thread[#381,Execution worker,5,main]) started.

> Task :app:mergeDebugResources UP-TO-DATE
Caching disabled for task ':app:mergeDebugResources' because:
  Build cache is disabled
Skipping task ':app:mergeDebugResources' as it is up-to-date.
Resolve mutations for :app:createDebugCompatibleScreenManifests (Thread[#381,Execution worker,5,main]) started.
:app:createDebugCompatibleScreenManifests (Thread[#381,Execution worker,5,main]) started.

> Task :app:createDebugCompatibleScreenManifests
Caching disabled for task ':app:createDebugCompatibleScreenManifests' because:
  Build cache is disabled
  Caching has been disabled for the task
Task ':app:createDebugCompatibleScreenManifests' is not up-to-date because:
  Value of input property 'variantOutputs.$0.versionCode' has changed for task ':app:createDebugCompatibleScreenManifests'
  Value of input property 'variantOutputs.$0.versionName' has changed for task ':app:createDebugCompatibleScreenManifests'
Resolve mutations for :app:extractDeepLinksDebug (Thread[#381,Execution worker,5,main]) started.
:app:extractDeepLinksDebug (Thread[#381,Execution worker,5,main]) started.

> Task :app:extractDeepLinksDebug UP-TO-DATE
Caching disabled for task ':app:extractDeepLinksDebug' because:
  Build cache is disabled
Skipping task ':app:extractDeepLinksDebug' as it is up-to-date.
Resolve mutations for :app:processDebugMainManifest (Thread[#381,Execution worker,5,main]) started.
:app:processDebugMainManifest (Thread[#381,Execution worker,5,main]) started.

> Task :app:processDebugMainManifest
Transforming AppIntro-6.3.1.aar (com.github.AppIntro:AppIntro:6.3.1) with JetifyTransform
Transforming AppIntro-6.3.1.aar (com.github.AppIntro:AppIntro:6.3.1) with ExtractAarTransform
Transforming AppIntro-6.3.1.aar (com.github.AppIntro:AppIntro:6.3.1) with AarTransform
Transforming localization-1.2.11.aar (com.akexorcist:localization:1.2.11) with JetifyTransform
Transforming localization-1.2.11.aar (com.akexorcist:localization:1.2.11) with ExtractAarTransform
Transforming localization-1.2.11.aar (com.akexorcist:localization:1.2.11) with AarTransform
Transforming constraintlayout-2.1.4.aar (androidx.constraintlayout:constraintlayout:2.1.4) with JetifyTransform
Transforming constraintlayout-2.1.4.aar (androidx.constraintlayout:constraintlayout:2.1.4) with ExtractAarTransform
Transforming constraintlayout-2.1.4.aar (androidx.constraintlayout:constraintlayout:2.1.4) with AarTransform
Transforming appcompat-resources-1.6.1.aar (androidx.appcompat:appcompat-resources:1.6.1) with JetifyTransform
Transforming appcompat-resources-1.6.1.aar (androidx.appcompat:appcompat-resources:1.6.1) with ExtractAarTransform
Transforming appcompat-resources-1.6.1.aar (androidx.appcompat:appcompat-resources:1.6.1) with AarTransform
Transforming appcompat-1.6.1.aar (androidx.appcompat:appcompat:1.6.1) with JetifyTransform
Transforming appcompat-1.6.1.aar (androidx.appcompat:appcompat:1.6.1) with ExtractAarTransform
Transforming appcompat-1.6.1.aar (androidx.appcompat:appcompat:1.6.1) with AarTransform
Transforming floatingactionbutton-1.3.0.aar (com.melnykov:floatingactionbutton:1.3.0) with JetifyTransform
Transforming floatingactionbutton-1.3.0.aar (com.melnykov:floatingactionbutton:1.3.0) with ExtractAarTransform
Transforming floatingactionbutton-1.3.0.aar (com.melnykov:floatingactionbutton:1.3.0) with AarTransform
Transforming recyclerview-1.1.0.aar (androidx.recyclerview:recyclerview:1.1.0) with JetifyTransform
Transforming recyclerview-1.1.0.aar (androidx.recyclerview:recyclerview:1.1.0) with ExtractAarTransform
Transforming recyclerview-1.1.0.aar (androidx.recyclerview:recyclerview:1.1.0) with AarTransform
Transforming drawerlayout-1.0.0.aar (androidx.drawerlayout:drawerlayout:1.0.0) with JetifyTransform
Transforming drawerlayout-1.0.0.aar (androidx.drawerlayout:drawerlayout:1.0.0) with ExtractAarTransform
Transforming drawerlayout-1.0.0.aar (androidx.drawerlayout:drawerlayout:1.0.0) with AarTransform
Transforming fragment-1.3.6.aar (androidx.fragment:fragment:1.3.6) with JetifyTransform
Transforming fragment-1.3.6.aar (androidx.fragment:fragment:1.3.6) with ExtractAarTransform
Transforming fragment-1.3.6.aar (androidx.fragment:fragment:1.3.6) with AarTransform
Transforming viewpager-1.0.0.aar (androidx.viewpager:viewpager:1.0.0) with JetifyTransform
Transforming viewpager-1.0.0.aar (androidx.viewpager:viewpager:1.0.0) with ExtractAarTransform
Transforming viewpager-1.0.0.aar (androidx.viewpager:viewpager:1.0.0) with AarTransform
Transforming customview-1.0.0.aar (androidx.customview:customview:1.0.0) with JetifyTransform
Transforming customview-1.0.0.aar (androidx.customview:customview:1.0.0) with ExtractAarTransform
Transforming customview-1.0.0.aar (androidx.customview:customview:1.0.0) with AarTransform
Transforming activity-ktx-1.6.0.aar (androidx.activity:activity-ktx:1.6.0) with JetifyTransform
Transforming activity-ktx-1.6.0.aar (androidx.activity:activity-ktx:1.6.0) with ExtractAarTransform
Transforming activity-ktx-1.6.0.aar (androidx.activity:activity-ktx:1.6.0) with AarTransform
Transforming activity-1.6.0.aar (androidx.activity:activity:1.6.0) with JetifyTransform
Transforming activity-1.6.0.aar (androidx.activity:activity:1.6.0) with ExtractAarTransform
Transforming activity-1.6.0.aar (androidx.activity:activity:1.6.0) with AarTransform
Transforming emoji2-views-helper-1.2.0.aar (androidx.emoji2:emoji2-views-helper:1.2.0) with JetifyTransform
Transforming emoji2-views-helper-1.2.0.aar (androidx.emoji2:emoji2-views-helper:1.2.0) with ExtractAarTransform
Transforming emoji2-views-helper-1.2.0.aar (androidx.emoji2:emoji2-views-helper:1.2.0) with AarTransform
Transforming emoji2-1.2.0.aar (androidx.emoji2:emoji2:1.2.0) with JetifyTransform
Transforming emoji2-1.2.0.aar (androidx.emoji2:emoji2:1.2.0) with ExtractAarTransform
Transforming emoji2-1.2.0.aar (androidx.emoji2:emoji2:1.2.0) with AarTransform
Transforming loader-1.0.0.aar (androidx.loader:loader:1.0.0) with JetifyTransform
Transforming loader-1.0.0.aar (androidx.loader:loader:1.0.0) with ExtractAarTransform
Transforming loader-1.0.0.aar (androidx.loader:loader:1.0.0) with AarTransform
Transforming lifecycle-viewmodel-ktx-2.5.1.aar (androidx.lifecycle:lifecycle-viewmodel-ktx:2.5.1) with JetifyTransform
Transforming lifecycle-viewmodel-ktx-2.5.1.aar (androidx.lifecycle:lifecycle-viewmodel-ktx:2.5.1) with ExtractAarTransform
Transforming lifecycle-viewmodel-ktx-2.5.1.aar (androidx.lifecycle:lifecycle-viewmodel-ktx:2.5.1) with AarTransform
Transforming lifecycle-viewmodel-2.5.1.aar (androidx.lifecycle:lifecycle-viewmodel:2.5.1) with JetifyTransform
Transforming lifecycle-viewmodel-2.5.1.aar (androidx.lifecycle:lifecycle-viewmodel:2.5.1) with ExtractAarTransform
Transforming lifecycle-viewmodel-2.5.1.aar (androidx.lifecycle:lifecycle-viewmodel:2.5.1) with AarTransform
Transforming lifecycle-viewmodel-2.5.1.aar (androidx.lifecycle:lifecycle-viewmodel:2.5.1) with JetifyTransform
Transforming lifecycle-viewmodel-2.5.1.aar (androidx.lifecycle:lifecycle-viewmodel:2.5.1) with ExtractAarTransform
Transforming lifecycle-viewmodel-2.5.1.aar (androidx.lifecycle:lifecycle-viewmodel:2.5.1) with AarTransform
Transforming lifecycle-viewmodel-savedstate-2.5.1.aar (androidx.lifecycle:lifecycle-viewmodel-savedstate:2.5.1) with JetifyTransform
Transforming lifecycle-viewmodel-savedstate-2.5.1.aar (androidx.lifecycle:lifecycle-viewmodel-savedstate:2.5.1) with ExtractAarTransform
Transforming lifecycle-viewmodel-savedstate-2.5.1.aar (androidx.lifecycle:lifecycle-viewmodel-savedstate:2.5.1) with AarTransform
Transforming core-ktx-1.9.0.aar (androidx.core:core-ktx:1.9.0) with JetifyTransform
Transforming core-ktx-1.9.0.aar (androidx.core:core-ktx:1.9.0) with ExtractAarTransform
Transforming core-ktx-1.9.0.aar (androidx.core:core-ktx:1.9.0) with AarTransform
Transforming vectordrawable-animated-1.1.0.aar (androidx.vectordrawable:vectordrawable-animated:1.1.0) with JetifyTransform
Transforming vectordrawable-animated-1.1.0.aar (androidx.vectordrawable:vectordrawable-animated:1.1.0) with ExtractAarTransform
Transforming vectordrawable-animated-1.1.0.aar (androidx.vectordrawable:vectordrawable-animated:1.1.0) with AarTransform
Transforming vectordrawable-1.1.0.aar (androidx.vectordrawable:vectordrawable:1.1.0) with JetifyTransform
Transforming vectordrawable-1.1.0.aar (androidx.vectordrawable:vectordrawable:1.1.0) with ExtractAarTransform
Transforming vectordrawable-1.1.0.aar (androidx.vectordrawable:vectordrawable:1.1.0) with AarTransform
Transforming vectordrawable-1.1.0.aar (androidx.vectordrawable:vectordrawable:1.1.0) with JetifyTransform
Transforming vectordrawable-1.1.0.aar (androidx.vectordrawable:vectordrawable:1.1.0) with ExtractAarTransform
Transforming vectordrawable-1.1.0.aar (androidx.vectordrawable:vectordrawable:1.1.0) with AarTransform
Transforming core-1.9.0.aar (androidx.core:core:1.9.0) with JetifyTransform
Transforming core-1.9.0.aar (androidx.core:core:1.9.0) with ExtractAarTransform
Transforming core-1.9.0.aar (androidx.core:core:1.9.0) with AarTransform
Transforming core-1.9.0.aar (androidx.core:core:1.9.0) with JetifyTransform
Transforming core-1.9.0.aar (androidx.core:core:1.9.0) with ExtractAarTransform
Transforming core-1.9.0.aar (androidx.core:core:1.9.0) with AarTransform
Transforming cursoradapter-1.0.0.aar (androidx.cursoradapter:cursoradapter:1.0.0) with JetifyTransform
Transforming cursoradapter-1.0.0.aar (androidx.cursoradapter:cursoradapter:1.0.0) with ExtractAarTransform
Transforming cursoradapter-1.0.0.aar (androidx.cursoradapter:cursoradapter:1.0.0) with AarTransform
Transforming lifecycle-process-2.4.1.aar (androidx.lifecycle:lifecycle-process:2.4.1) with JetifyTransform
Transforming lifecycle-process-2.4.1.aar (androidx.lifecycle:lifecycle-process:2.4.1) with ExtractAarTransform
Transforming lifecycle-process-2.4.1.aar (androidx.lifecycle:lifecycle-process:2.4.1) with AarTransform
Transforming lifecycle-runtime-ktx-2.5.1.aar (androidx.lifecycle:lifecycle-runtime-ktx:2.5.1) with JetifyTransform
Transforming lifecycle-runtime-ktx-2.5.1.aar (androidx.lifecycle:lifecycle-runtime-ktx:2.5.1) with ExtractAarTransform
Transforming lifecycle-runtime-ktx-2.5.1.aar (androidx.lifecycle:lifecycle-runtime-ktx:2.5.1) with AarTransform
Transforming lifecycle-runtime-2.5.1.aar (androidx.lifecycle:lifecycle-runtime:2.5.1) with JetifyTransform
Transforming lifecycle-runtime-2.5.1.aar (androidx.lifecycle:lifecycle-runtime:2.5.1) with ExtractAarTransform
Transforming lifecycle-runtime-2.5.1.aar (androidx.lifecycle:lifecycle-runtime:2.5.1) with AarTransform
Transforming savedstate-ktx-1.2.0.aar (androidx.savedstate:savedstate-ktx:1.2.0) with JetifyTransform
Transforming savedstate-ktx-1.2.0.aar (androidx.savedstate:savedstate-ktx:1.2.0) with ExtractAarTransform
Transforming savedstate-ktx-1.2.0.aar (androidx.savedstate:savedstate-ktx:1.2.0) with AarTransform
Transforming savedstate-1.2.0.aar (androidx.savedstate:savedstate:1.2.0) with JetifyTransform
Transforming savedstate-1.2.0.aar (androidx.savedstate:savedstate:1.2.0) with ExtractAarTransform
Transforming savedstate-1.2.0.aar (androidx.savedstate:savedstate:1.2.0) with AarTransform
Transforming versionedparcelable-1.1.1.aar (androidx.versionedparcelable:versionedparcelable:1.1.1) with JetifyTransform
Transforming versionedparcelable-1.1.1.aar (androidx.versionedparcelable:versionedparcelable:1.1.1) with ExtractAarTransform
Transforming versionedparcelable-1.1.1.aar (androidx.versionedparcelable:versionedparcelable:1.1.1) with AarTransform
Transforming startup-runtime-1.1.1.aar (androidx.startup:startup-runtime:1.1.1) with JetifyTransform
Transforming startup-runtime-1.1.1.aar (androidx.startup:startup-runtime:1.1.1) with ExtractAarTransform
Transforming startup-runtime-1.1.1.aar (androidx.startup:startup-runtime:1.1.1) with AarTransform
Transforming tracing-1.0.0.aar (androidx.tracing:tracing:1.0.0) with JetifyTransform
Transforming tracing-1.0.0.aar (androidx.tracing:tracing:1.0.0) with ExtractAarTransform
Transforming tracing-1.0.0.aar (androidx.tracing:tracing:1.0.0) with AarTransform
Transforming lifecycle-livedata-2.0.0.aar (androidx.lifecycle:lifecycle-livedata:2.0.0) with JetifyTransform
Transforming lifecycle-livedata-2.0.0.aar (androidx.lifecycle:lifecycle-livedata:2.0.0) with ExtractAarTransform
Transforming lifecycle-livedata-2.0.0.aar (androidx.lifecycle:lifecycle-livedata:2.0.0) with AarTransform
Transforming lifecycle-livedata-core-2.5.1.aar (androidx.lifecycle:lifecycle-livedata-core:2.5.1) with JetifyTransform
Transforming lifecycle-livedata-core-2.5.1.aar (androidx.lifecycle:lifecycle-livedata-core:2.5.1) with ExtractAarTransform
Transforming lifecycle-livedata-core-2.5.1.aar (androidx.lifecycle:lifecycle-livedata-core:2.5.1) with AarTransform
Transforming lifecycle-livedata-core-2.5.1.aar (androidx.lifecycle:lifecycle-livedata-core:2.5.1) with JetifyTransform
Transforming lifecycle-livedata-core-2.5.1.aar (androidx.lifecycle:lifecycle-livedata-core:2.5.1) with ExtractAarTransform
Transforming lifecycle-livedata-core-2.5.1.aar (androidx.lifecycle:lifecycle-livedata-core:2.5.1) with AarTransform
Transforming core-runtime-2.1.0.aar (androidx.arch.core:core-runtime:2.1.0) with JetifyTransform
Transforming core-runtime-2.1.0.aar (androidx.arch.core:core-runtime:2.1.0) with ExtractAarTransform
Transforming core-runtime-2.1.0.aar (androidx.arch.core:core-runtime:2.1.0) with AarTransform
Transforming core-runtime-2.1.0.aar (androidx.arch.core:core-runtime:2.1.0) with JetifyTransform
Transforming core-runtime-2.1.0.aar (androidx.arch.core:core-runtime:2.1.0) with ExtractAarTransform
Transforming core-runtime-2.1.0.aar (androidx.arch.core:core-runtime:2.1.0) with AarTransform
Transforming interpolator-1.0.0.aar (androidx.interpolator:interpolator:1.0.0) with JetifyTransform
Transforming interpolator-1.0.0.aar (androidx.interpolator:interpolator:1.0.0) with ExtractAarTransform
Transforming interpolator-1.0.0.aar (androidx.interpolator:interpolator:1.0.0) with AarTransform
Transforming annotation-experimental-1.3.0.aar (androidx.annotation:annotation-experimental:1.3.0) with JetifyTransform
Transforming annotation-experimental-1.3.0.aar (androidx.annotation:annotation-experimental:1.3.0) with ExtractAarTransform
Transforming annotation-experimental-1.3.0.aar (androidx.annotation:annotation-experimental:1.3.0) with AarTransform
Transforming AppIntro-6.3.1.aar (com.github.AppIntro:AppIntro:6.3.1) with JetifyTransform
Transforming AppIntro-6.3.1.aar (com.github.AppIntro:AppIntro:6.3.1) with ExtractAarTransform
Transforming AppIntro-6.3.1.aar (com.github.AppIntro:AppIntro:6.3.1) with AarTransform
Transforming localization-1.2.11.aar (com.akexorcist:localization:1.2.11) with JetifyTransform
Transforming localization-1.2.11.aar (com.akexorcist:localization:1.2.11) with ExtractAarTransform
Transforming localization-1.2.11.aar (com.akexorcist:localization:1.2.11) with AarTransform
Transforming constraintlayout-2.1.4.aar (androidx.constraintlayout:constraintlayout:2.1.4) with JetifyTransform
Transforming constraintlayout-2.1.4.aar (androidx.constraintlayout:constraintlayout:2.1.4) with ExtractAarTransform
Transforming constraintlayout-2.1.4.aar (androidx.constraintlayout:constraintlayout:2.1.4) with AarTransform
Transforming appcompat-resources-1.6.1.aar (androidx.appcompat:appcompat-resources:1.6.1) with JetifyTransform
Transforming appcompat-resources-1.6.1.aar (androidx.appcompat:appcompat-resources:1.6.1) with ExtractAarTransform
Transforming appcompat-resources-1.6.1.aar (androidx.appcompat:appcompat-resources:1.6.1) with AarTransform
Transforming appcompat-1.6.1.aar (androidx.appcompat:appcompat:1.6.1) with JetifyTransform
Transforming appcompat-1.6.1.aar (androidx.appcompat:appcompat:1.6.1) with ExtractAarTransform
Transforming appcompat-1.6.1.aar (androidx.appcompat:appcompat:1.6.1) with AarTransform
Transforming floatingactionbutton-1.3.0.aar (com.melnykov:floatingactionbutton:1.3.0) with JetifyTransform
Transforming floatingactionbutton-1.3.0.aar (com.melnykov:floatingactionbutton:1.3.0) with ExtractAarTransform
Transforming floatingactionbutton-1.3.0.aar (com.melnykov:floatingactionbutton:1.3.0) with AarTransform
Transforming recyclerview-1.1.0.aar (androidx.recyclerview:recyclerview:1.1.0) with JetifyTransform
Transforming recyclerview-1.1.0.aar (androidx.recyclerview:recyclerview:1.1.0) with ExtractAarTransform
Transforming recyclerview-1.1.0.aar (androidx.recyclerview:recyclerview:1.1.0) with AarTransform
Transforming drawerlayout-1.0.0.aar (androidx.drawerlayout:drawerlayout:1.0.0) with JetifyTransform
Transforming drawerlayout-1.0.0.aar (androidx.drawerlayout:drawerlayout:1.0.0) with ExtractAarTransform
Transforming drawerlayout-1.0.0.aar (androidx.drawerlayout:drawerlayout:1.0.0) with AarTransform
Transforming fragment-1.3.6.aar (androidx.fragment:fragment:1.3.6) with JetifyTransform
Transforming fragment-1.3.6.aar (androidx.fragment:fragment:1.3.6) with ExtractAarTransform
Transforming fragment-1.3.6.aar (androidx.fragment:fragment:1.3.6) with AarTransform
Transforming viewpager-1.0.0.aar (androidx.viewpager:viewpager:1.0.0) with JetifyTransform
Transforming viewpager-1.0.0.aar (androidx.viewpager:viewpager:1.0.0) with ExtractAarTransform
Transforming viewpager-1.0.0.aar (androidx.viewpager:viewpager:1.0.0) with AarTransform
Transforming customview-1.0.0.aar (androidx.customview:customview:1.0.0) with JetifyTransform
Transforming customview-1.0.0.aar (androidx.customview:customview:1.0.0) with ExtractAarTransform
Transforming customview-1.0.0.aar (androidx.customview:customview:1.0.0) with AarTransform
Transforming activity-ktx-1.6.0.aar (androidx.activity:activity-ktx:1.6.0) with JetifyTransform
Transforming activity-ktx-1.6.0.aar (androidx.activity:activity-ktx:1.6.0) with ExtractAarTransform
Transforming activity-ktx-1.6.0.aar (androidx.activity:activity-ktx:1.6.0) with AarTransform
Transforming activity-1.6.0.aar (androidx.activity:activity:1.6.0) with JetifyTransform
Transforming activity-1.6.0.aar (androidx.activity:activity:1.6.0) with ExtractAarTransform
Transforming activity-1.6.0.aar (androidx.activity:activity:1.6.0) with AarTransform
Transforming emoji2-views-helper-1.2.0.aar (androidx.emoji2:emoji2-views-helper:1.2.0) with JetifyTransform
Transforming emoji2-views-helper-1.2.0.aar (androidx.emoji2:emoji2-views-helper:1.2.0) with ExtractAarTransform
Transforming emoji2-views-helper-1.2.0.aar (androidx.emoji2:emoji2-views-helper:1.2.0) with AarTransform
Transforming emoji2-1.2.0.aar (androidx.emoji2:emoji2:1.2.0) with JetifyTransform
Transforming emoji2-1.2.0.aar (androidx.emoji2:emoji2:1.2.0) with ExtractAarTransform
Transforming emoji2-1.2.0.aar (androidx.emoji2:emoji2:1.2.0) with AarTransform
Transforming loader-1.0.0.aar (androidx.loader:loader:1.0.0) with JetifyTransform
Transforming loader-1.0.0.aar (androidx.loader:loader:1.0.0) with ExtractAarTransform
Transforming loader-1.0.0.aar (androidx.loader:loader:1.0.0) with AarTransform
Transforming lifecycle-viewmodel-ktx-2.5.1.aar (androidx.lifecycle:lifecycle-viewmodel-ktx:2.5.1) with JetifyTransform
Transforming lifecycle-viewmodel-ktx-2.5.1.aar (androidx.lifecycle:lifecycle-viewmodel-ktx:2.5.1) with ExtractAarTransform
Transforming lifecycle-viewmodel-ktx-2.5.1.aar (androidx.lifecycle:lifecycle-viewmodel-ktx:2.5.1) with AarTransform
Transforming lifecycle-viewmodel-2.5.1.aar (androidx.lifecycle:lifecycle-viewmodel:2.5.1) with JetifyTransform
Transforming lifecycle-viewmodel-2.5.1.aar (androidx.lifecycle:lifecycle-viewmodel:2.5.1) with ExtractAarTransform
Transforming lifecycle-viewmodel-2.5.1.aar (androidx.lifecycle:lifecycle-viewmodel:2.5.1) with AarTransform
Transforming lifecycle-viewmodel-2.5.1.aar (androidx.lifecycle:lifecycle-viewmodel:2.5.1) with JetifyTransform
Transforming lifecycle-viewmodel-2.5.1.aar (androidx.lifecycle:lifecycle-viewmodel:2.5.1) with ExtractAarTransform
Transforming lifecycle-viewmodel-2.5.1.aar (androidx.lifecycle:lifecycle-viewmodel:2.5.1) with AarTransform
Transforming lifecycle-viewmodel-savedstate-2.5.1.aar (androidx.lifecycle:lifecycle-viewmodel-savedstate:2.5.1) with JetifyTransform
Transforming lifecycle-viewmodel-savedstate-2.5.1.aar (androidx.lifecycle:lifecycle-viewmodel-savedstate:2.5.1) with ExtractAarTransform
Transforming lifecycle-viewmodel-savedstate-2.5.1.aar (androidx.lifecycle:lifecycle-viewmodel-savedstate:2.5.1) with AarTransform
Transforming core-ktx-1.9.0.aar (androidx.core:core-ktx:1.9.0) with JetifyTransform
Transforming core-ktx-1.9.0.aar (androidx.core:core-ktx:1.9.0) with ExtractAarTransform
Transforming core-ktx-1.9.0.aar (androidx.core:core-ktx:1.9.0) with AarTransform
Transforming vectordrawable-animated-1.1.0.aar (androidx.vectordrawable:vectordrawable-animated:1.1.0) with JetifyTransform
Transforming vectordrawable-animated-1.1.0.aar (androidx.vectordrawable:vectordrawable-animated:1.1.0) with ExtractAarTransform
Transforming vectordrawable-animated-1.1.0.aar (androidx.vectordrawable:vectordrawable-animated:1.1.0) with AarTransform
Transforming vectordrawable-1.1.0.aar (androidx.vectordrawable:vectordrawable:1.1.0) with JetifyTransform
Transforming vectordrawable-1.1.0.aar (androidx.vectordrawable:vectordrawable:1.1.0) with ExtractAarTransform
Transforming vectordrawable-1.1.0.aar (androidx.vectordrawable:vectordrawable:1.1.0) with AarTransform
Transforming vectordrawable-1.1.0.aar (androidx.vectordrawable:vectordrawable:1.1.0) with JetifyTransform
Transforming vectordrawable-1.1.0.aar (androidx.vectordrawable:vectordrawable:1.1.0) with ExtractAarTransform
Transforming vectordrawable-1.1.0.aar (androidx.vectordrawable:vectordrawable:1.1.0) with AarTransform
Transforming core-1.9.0.aar (androidx.core:core:1.9.0) with JetifyTransform
Transforming core-1.9.0.aar (androidx.core:core:1.9.0) with ExtractAarTransform
Transforming core-1.9.0.aar (androidx.core:core:1.9.0) with AarTransform
Transforming core-1.9.0.aar (androidx.core:core:1.9.0) with JetifyTransform
Transforming core-1.9.0.aar (androidx.core:core:1.9.0) with ExtractAarTransform
Transforming core-1.9.0.aar (androidx.core:core:1.9.0) with AarTransform
Transforming cursoradapter-1.0.0.aar (androidx.cursoradapter:cursoradapter:1.0.0) with JetifyTransform
Transforming cursoradapter-1.0.0.aar (androidx.cursoradapter:cursoradapter:1.0.0) with ExtractAarTransform
Transforming cursoradapter-1.0.0.aar (androidx.cursoradapter:cursoradapter:1.0.0) with AarTransform
Transforming lifecycle-process-2.4.1.aar (androidx.lifecycle:lifecycle-process:2.4.1) with JetifyTransform
Transforming lifecycle-process-2.4.1.aar (androidx.lifecycle:lifecycle-process:2.4.1) with ExtractAarTransform
Transforming lifecycle-process-2.4.1.aar (androidx.lifecycle:lifecycle-process:2.4.1) with AarTransform
Transforming lifecycle-runtime-ktx-2.5.1.aar (androidx.lifecycle:lifecycle-runtime-ktx:2.5.1) with JetifyTransform
Transforming lifecycle-runtime-ktx-2.5.1.aar (androidx.lifecycle:lifecycle-runtime-ktx:2.5.1) with ExtractAarTransform
Transforming lifecycle-runtime-ktx-2.5.1.aar (androidx.lifecycle:lifecycle-runtime-ktx:2.5.1) with AarTransform
Transforming lifecycle-runtime-2.5.1.aar (androidx.lifecycle:lifecycle-runtime:2.5.1) with JetifyTransform
Transforming lifecycle-runtime-2.5.1.aar (androidx.lifecycle:lifecycle-runtime:2.5.1) with ExtractAarTransform
Transforming lifecycle-runtime-2.5.1.aar (androidx.lifecycle:lifecycle-runtime:2.5.1) with AarTransform
Transforming savedstate-ktx-1.2.0.aar (androidx.savedstate:savedstate-ktx:1.2.0) with JetifyTransform
Transforming savedstate-ktx-1.2.0.aar (androidx.savedstate:savedstate-ktx:1.2.0) with ExtractAarTransform
Transforming savedstate-ktx-1.2.0.aar (androidx.savedstate:savedstate-ktx:1.2.0) with AarTransform
Transforming savedstate-1.2.0.aar (androidx.savedstate:savedstate:1.2.0) with JetifyTransform
Transforming savedstate-1.2.0.aar (androidx.savedstate:savedstate:1.2.0) with ExtractAarTransform
Transforming savedstate-1.2.0.aar (androidx.savedstate:savedstate:1.2.0) with AarTransform
Transforming versionedparcelable-1.1.1.aar (androidx.versionedparcelable:versionedparcelable:1.1.1) with JetifyTransform
Transforming versionedparcelable-1.1.1.aar (androidx.versionedparcelable:versionedparcelable:1.1.1) with ExtractAarTransform
Transforming versionedparcelable-1.1.1.aar (androidx.versionedparcelable:versionedparcelable:1.1.1) with AarTransform
Transforming startup-runtime-1.1.1.aar (androidx.startup:startup-runtime:1.1.1) with JetifyTransform
Transforming startup-runtime-1.1.1.aar (androidx.startup:startup-runtime:1.1.1) with ExtractAarTransform
Transforming startup-runtime-1.1.1.aar (androidx.startup:startup-runtime:1.1.1) with AarTransform
Transforming tracing-1.0.0.aar (androidx.tracing:tracing:1.0.0) with JetifyTransform
Transforming tracing-1.0.0.aar (androidx.tracing:tracing:1.0.0) with ExtractAarTransform
Transforming tracing-1.0.0.aar (androidx.tracing:tracing:1.0.0) with AarTransform
Transforming lifecycle-livedata-2.0.0.aar (androidx.lifecycle:lifecycle-livedata:2.0.0) with JetifyTransform
Transforming lifecycle-livedata-2.0.0.aar (androidx.lifecycle:lifecycle-livedata:2.0.0) with ExtractAarTransform
Transforming lifecycle-livedata-2.0.0.aar (androidx.lifecycle:lifecycle-livedata:2.0.0) with AarTransform
Transforming lifecycle-livedata-core-2.5.1.aar (androidx.lifecycle:lifecycle-livedata-core:2.5.1) with JetifyTransform
Transforming lifecycle-livedata-core-2.5.1.aar (androidx.lifecycle:lifecycle-livedata-core:2.5.1) with ExtractAarTransform
Transforming lifecycle-livedata-core-2.5.1.aar (androidx.lifecycle:lifecycle-livedata-core:2.5.1) with AarTransform
Transforming lifecycle-livedata-core-2.5.1.aar (androidx.lifecycle:lifecycle-livedata-core:2.5.1) with JetifyTransform
Transforming lifecycle-livedata-core-2.5.1.aar (androidx.lifecycle:lifecycle-livedata-core:2.5.1) with ExtractAarTransform
Transforming lifecycle-livedata-core-2.5.1.aar (androidx.lifecycle:lifecycle-livedata-core:2.5.1) with AarTransform
Transforming core-runtime-2.1.0.aar (androidx.arch.core:core-runtime:2.1.0) with JetifyTransform
Transforming core-runtime-2.1.0.aar (androidx.arch.core:core-runtime:2.1.0) with ExtractAarTransform
Transforming core-runtime-2.1.0.aar (androidx.arch.core:core-runtime:2.1.0) with AarTransform
Transforming core-runtime-2.1.0.aar (androidx.arch.core:core-runtime:2.1.0) with JetifyTransform
Transforming core-runtime-2.1.0.aar (androidx.arch.core:core-runtime:2.1.0) with ExtractAarTransform
Transforming core-runtime-2.1.0.aar (androidx.arch.core:core-runtime:2.1.0) with AarTransform
Transforming interpolator-1.0.0.aar (androidx.interpolator:interpolator:1.0.0) with JetifyTransform
Transforming interpolator-1.0.0.aar (androidx.interpolator:interpolator:1.0.0) with ExtractAarTransform
Transforming interpolator-1.0.0.aar (androidx.interpolator:interpolator:1.0.0) with AarTransform
Transforming annotation-experimental-1.3.0.aar (androidx.annotation:annotation-experimental:1.3.0) with JetifyTransform
Transforming annotation-experimental-1.3.0.aar (androidx.annotation:annotation-experimental:1.3.0) with ExtractAarTransform
Transforming annotation-experimental-1.3.0.aar (androidx.annotation:annotation-experimental:1.3.0) with AarTransform
Caching disabled for task ':app:processDebugMainManifest' because:
  Build cache is disabled
Task ':app:processDebugMainManifest' is not up-to-date because:
  Value of input property 'versionCode' has changed for task ':app:processDebugMainManifest'
  Value of input property 'versionName' has changed for task ':app:processDebugMainManifest'
Loading library manifest /home/fekerr/.gradle/caches/8.11.1/transforms/e89f9d0ecb1678963cb5e841516512ef/transformed/jetified-AppIntro-6.3.1/AndroidManifest.xml
Loading library manifest /home/fekerr/.gradle/caches/8.11.1/transforms/1b2532aad22564bf35ed6625559d9c57/transformed/jetified-localization-1.2.11/AndroidManifest.xml
Loading library manifest /home/fekerr/.gradle/caches/8.11.1/transforms/ebe4128f1be6d10ae817529ca4c6483e/transformed/constraintlayout-2.1.4/AndroidManifest.xml
Loading library manifest /home/fekerr/.gradle/caches/8.11.1/transforms/467908d4acc751c2a322d9da9a6147b1/transformed/jetified-appcompat-resources-1.6.1/AndroidManifest.xml
Loading library manifest /home/fekerr/.gradle/caches/8.11.1/transforms/988825d58de59954cd9f01dda2c915a6/transformed/appcompat-1.6.1/AndroidManifest.xml
Loading library manifest /home/fekerr/.gradle/caches/8.11.1/transforms/d1e719141e64184ea8e2a12fa56b5582/transformed/jetified-floatingactionbutton-1.3.0/AndroidManifest.xml
Loading library manifest /home/fekerr/.gradle/caches/8.11.1/transforms/47aea35bdcf2041576b3afa575239365/transformed/recyclerview-1.1.0/AndroidManifest.xml
Loading library manifest /home/fekerr/.gradle/caches/8.11.1/transforms/53b5613f0cbfab0eca9863d13f9383e8/transformed/drawerlayout-1.0.0/AndroidManifest.xml
Loading library manifest /home/fekerr/.gradle/caches/8.11.1/transforms/2817ea210f91540547e74b5969816d3f/transformed/fragment-1.3.6/AndroidManifest.xml
Loading library manifest /home/fekerr/.gradle/caches/8.11.1/transforms/74ea6b75ddf835c391fd3ae10ef256a8/transformed/viewpager-1.0.0/AndroidManifest.xml
Loading library manifest /home/fekerr/.gradle/caches/8.11.1/transforms/601d0a907251507132895e8c193e5a19/transformed/customview-1.0.0/AndroidManifest.xml
Loading library manifest /home/fekerr/.gradle/caches/8.11.1/transforms/2eb90c16fb7009f2c567ea670b325645/transformed/jetified-activity-ktx-1.6.0/AndroidManifest.xml
Loading library manifest /home/fekerr/.gradle/caches/8.11.1/transforms/efc41742e68535015053ed80124754e8/transformed/jetified-activity-1.6.0/AndroidManifest.xml
Loading library manifest /home/fekerr/.gradle/caches/8.11.1/transforms/350241d808ca72597c643c2e3337d4f3/transformed/jetified-emoji2-views-helper-1.2.0/AndroidManifest.xml
Loading library manifest /home/fekerr/.gradle/caches/8.11.1/transforms/3cf5bb2eaa89f70d2d65612efe9ce47f/transformed/jetified-emoji2-1.2.0/AndroidManifest.xml
Loading library manifest /home/fekerr/.gradle/caches/8.11.1/transforms/d5977ac61df76255e89de1fa92b20e12/transformed/loader-1.0.0/AndroidManifest.xml
Loading library manifest /home/fekerr/.gradle/caches/8.11.1/transforms/b44915b246e93418011d3bafa115382b/transformed/jetified-lifecycle-viewmodel-ktx-2.5.1/AndroidManifest.xml
Loading library manifest /home/fekerr/.gradle/caches/8.11.1/transforms/9d06d03522e596b51498c781042b5db3/transformed/lifecycle-viewmodel-2.5.1/AndroidManifest.xml
Loading library manifest /home/fekerr/.gradle/caches/8.11.1/transforms/74224bfd526dd0c1f014dc1e665510eb/transformed/jetified-lifecycle-viewmodel-savedstate-2.5.1/AndroidManifest.xml
Loading library manifest /home/fekerr/.gradle/caches/8.11.1/transforms/64ad1c2206dbf2ea628c0ff62b8016db/transformed/jetified-core-ktx-1.9.0/AndroidManifest.xml
Loading library manifest /home/fekerr/.gradle/caches/8.11.1/transforms/e8edf896fcc051ca1b25f3cd0c760d59/transformed/vectordrawable-animated-1.1.0/AndroidManifest.xml
Loading library manifest /home/fekerr/.gradle/caches/8.11.1/transforms/24e031ed87071e480067f07d990a1fb7/transformed/vectordrawable-1.1.0/AndroidManifest.xml
Loading library manifest /home/fekerr/.gradle/caches/8.11.1/transforms/4253bceb06fdecebf27e19449c4e7063/transformed/core-1.9.0/AndroidManifest.xml
Loading library manifest /home/fekerr/.gradle/caches/8.11.1/transforms/863ac9545fe7517796c50c7d10561922/transformed/cursoradapter-1.0.0/AndroidManifest.xml
Loading library manifest /home/fekerr/.gradle/caches/8.11.1/transforms/84911c8f41282b1c65d1dcf5f0d486df/transformed/jetified-lifecycle-process-2.4.1/AndroidManifest.xml
Loading library manifest /home/fekerr/.gradle/caches/8.11.1/transforms/3594f5d03472099310ea852b62fada08/transformed/jetified-lifecycle-runtime-ktx-2.5.1/AndroidManifest.xml
Loading library manifest /home/fekerr/.gradle/caches/8.11.1/transforms/d27e5fbcc497dfae01ec8024c75e59ef/transformed/lifecycle-runtime-2.5.1/AndroidManifest.xml
Loading library manifest /home/fekerr/.gradle/caches/8.11.1/transforms/f1782add8869843a9e1ffaccbf1c1192/transformed/jetified-savedstate-ktx-1.2.0/AndroidManifest.xml
Loading library manifest /home/fekerr/.gradle/caches/8.11.1/transforms/401aa9354437a443d91f9afdd20fc109/transformed/jetified-savedstate-1.2.0/AndroidManifest.xml
Loading library manifest /home/fekerr/.gradle/caches/8.11.1/transforms/faf203664fd3cd5341cefaf032595c5c/transformed/versionedparcelable-1.1.1/AndroidManifest.xml
Loading library manifest /home/fekerr/.gradle/caches/8.11.1/transforms/f7267d179324a03b74510d0a4c9cf0bd/transformed/jetified-startup-runtime-1.1.1/AndroidManifest.xml
Loading library manifest /home/fekerr/.gradle/caches/8.11.1/transforms/1ef8ee399e7b4f692305baf1232da283/transformed/jetified-tracing-1.0.0/AndroidManifest.xml
Loading library manifest /home/fekerr/.gradle/caches/8.11.1/transforms/652c2b3f1a64985ae5b04140bb54ca27/transformed/lifecycle-livedata-2.0.0/AndroidManifest.xml
Loading library manifest /home/fekerr/.gradle/caches/8.11.1/transforms/f83c75ebfcf2dd68b407f5661ec8b2a3/transformed/lifecycle-livedata-core-2.5.1/AndroidManifest.xml
Loading library manifest /home/fekerr/.gradle/caches/8.11.1/transforms/7f4421e3cb86ebe71e0d13817ca5bea8/transformed/core-runtime-2.1.0/AndroidManifest.xml
Loading library manifest /home/fekerr/.gradle/caches/8.11.1/transforms/42be9a48ee4dc4cde44b108a4e7174ab/transformed/interpolator-1.0.0/AndroidManifest.xml
Loading library manifest /home/fekerr/.gradle/caches/8.11.1/transforms/bcb0bbf34a87693227df9e3951550064/transformed/jetified-annotation-experimental-1.3.0/AndroidManifest.xml
Merging main manifest /home/fekerr/src/ingress-intel-total-conversion/mobile/app/src/main/AndroidManifest.xml

Merging library manifest /home/fekerr/.gradle/caches/8.11.1/transforms/e89f9d0ecb1678963cb5e841516512ef/transformed/jetified-AppIntro-6.3.1/AndroidManifest.xml
Merging manifest with lower [com.github.AppIntro:AppIntro:6.3.1] AndroidManifest.xml:2:1-7:12
uses-sdk defined in both files...
Merging uses-sdk with lower [com.github.AppIntro:AppIntro:6.3.1] AndroidManifest.xml:5:5-44
Merging library manifest /home/fekerr/.gradle/caches/8.11.1/transforms/1b2532aad22564bf35ed6625559d9c57/transformed/jetified-localization-1.2.11/AndroidManifest.xml
Merging manifest with lower [com.akexorcist:localization:1.2.11] AndroidManifest.xml:2:1-9:12
uses-sdk defined in both files...
Merging uses-sdk with lower [com.akexorcist:localization:1.2.11] AndroidManifest.xml:5:5-7:41
Merging library manifest /home/fekerr/.gradle/caches/8.11.1/transforms/ebe4128f1be6d10ae817529ca4c6483e/transformed/constraintlayout-2.1.4/AndroidManifest.xml
Merging manifest with lower [androidx.constraintlayout:constraintlayout:2.1.4] AndroidManifest.xml:2:1-11:12
uses-sdk defined in both files...
Merging uses-sdk with lower [androidx.constraintlayout:constraintlayout:2.1.4] AndroidManifest.xml:5:5-7:41
application defined in both files...
Merging application with lower [androidx.constraintlayout:constraintlayout:2.1.4] AndroidManifest.xml:9:5-20
Merging library manifest /home/fekerr/.gradle/caches/8.11.1/transforms/467908d4acc751c2a322d9da9a6147b1/transformed/jetified-appcompat-resources-1.6.1/AndroidManifest.xml
Merging manifest with lower [androidx.appcompat:appcompat-resources:1.6.1] AndroidManifest.xml:17:1-22:12
uses-sdk defined in both files...
Merging uses-sdk with lower [androidx.appcompat:appcompat-resources:1.6.1] AndroidManifest.xml:20:5-44
Merging library manifest /home/fekerr/.gradle/caches/8.11.1/transforms/988825d58de59954cd9f01dda2c915a6/transformed/appcompat-1.6.1/AndroidManifest.xml
Merging manifest with lower [androidx.appcompat:appcompat:1.6.1] AndroidManifest.xml:17:1-22:12
uses-sdk defined in both files...
Merging uses-sdk with lower [androidx.appcompat:appcompat:1.6.1] AndroidManifest.xml:20:5-44
Merging library manifest /home/fekerr/.gradle/caches/8.11.1/transforms/d1e719141e64184ea8e2a12fa56b5582/transformed/jetified-floatingactionbutton-1.3.0/AndroidManifest.xml
Merging manifest with lower [com.melnykov:floatingactionbutton:1.3.0] AndroidManifest.xml:2:1-14:12
uses-sdk defined in both files...
Merging uses-sdk with lower [com.melnykov:floatingactionbutton:1.3.0] AndroidManifest.xml:8:5-10:41
application defined in both files...
Merging application with lower [com.melnykov:floatingactionbutton:1.3.0] AndroidManifest.xml:12:5-20
Merging library manifest /home/fekerr/.gradle/caches/8.11.1/transforms/47aea35bdcf2041576b3afa575239365/transformed/recyclerview-1.1.0/AndroidManifest.xml
Merging manifest with lower [androidx.recyclerview:recyclerview:1.1.0] AndroidManifest.xml:17:1-24:12
uses-sdk defined in both files...
Merging uses-sdk with lower [androidx.recyclerview:recyclerview:1.1.0] AndroidManifest.xml:20:5-22:41
Merging library manifest /home/fekerr/.gradle/caches/8.11.1/transforms/53b5613f0cbfab0eca9863d13f9383e8/transformed/drawerlayout-1.0.0/AndroidManifest.xml
Merging manifest with lower [androidx.drawerlayout:drawerlayout:1.0.0] AndroidManifest.xml:17:1-22:12
uses-sdk defined in both files...
Merging uses-sdk with lower [androidx.drawerlayout:drawerlayout:1.0.0] AndroidManifest.xml:20:5-44
Merging library manifest /home/fekerr/.gradle/caches/8.11.1/transforms/2817ea210f91540547e74b5969816d3f/transformed/fragment-1.3.6/AndroidManifest.xml
Merging manifest with lower [androidx.fragment:fragment:1.3.6] AndroidManifest.xml:17:1-24:12
uses-sdk defined in both files...
Merging uses-sdk with lower [androidx.fragment:fragment:1.3.6] AndroidManifest.xml:20:5-22:41
Merging library manifest /home/fekerr/.gradle/caches/8.11.1/transforms/74ea6b75ddf835c391fd3ae10ef256a8/transformed/viewpager-1.0.0/AndroidManifest.xml
Merging manifest with lower [androidx.viewpager:viewpager:1.0.0] AndroidManifest.xml:17:1-22:12
uses-sdk defined in both files...
Merging uses-sdk with lower [androidx.viewpager:viewpager:1.0.0] AndroidManifest.xml:20:5-44
Merging library manifest /home/fekerr/.gradle/caches/8.11.1/transforms/601d0a907251507132895e8c193e5a19/transformed/customview-1.0.0/AndroidManifest.xml
Merging manifest with lower [androidx.customview:customview:1.0.0] AndroidManifest.xml:17:1-22:12
uses-sdk defined in both files...
Merging uses-sdk with lower [androidx.customview:customview:1.0.0] AndroidManifest.xml:20:5-44
Merging library manifest /home/fekerr/.gradle/caches/8.11.1/transforms/2eb90c16fb7009f2c567ea670b325645/transformed/jetified-activity-ktx-1.6.0/AndroidManifest.xml
Merging manifest with lower [androidx.activity:activity-ktx:1.6.0] AndroidManifest.xml:17:1-22:12
uses-sdk defined in both files...
Merging uses-sdk with lower [androidx.activity:activity-ktx:1.6.0] AndroidManifest.xml:20:5-44
Merging library manifest /home/fekerr/.gradle/caches/8.11.1/transforms/efc41742e68535015053ed80124754e8/transformed/jetified-activity-1.6.0/AndroidManifest.xml
Merging manifest with lower [androidx.activity:activity:1.6.0] AndroidManifest.xml:17:1-22:12
uses-sdk defined in both files...
Merging uses-sdk with lower [androidx.activity:activity:1.6.0] AndroidManifest.xml:20:5-44
Merging library manifest /home/fekerr/.gradle/caches/8.11.1/transforms/350241d808ca72597c643c2e3337d4f3/transformed/jetified-emoji2-views-helper-1.2.0/AndroidManifest.xml
Merging manifest with lower [androidx.emoji2:emoji2-views-helper:1.2.0] AndroidManifest.xml:2:1-7:12
uses-sdk defined in both files...
Merging uses-sdk with lower [androidx.emoji2:emoji2-views-helper:1.2.0] AndroidManifest.xml:5:5-44
Merging library manifest /home/fekerr/.gradle/caches/8.11.1/transforms/3cf5bb2eaa89f70d2d65612efe9ce47f/transformed/jetified-emoji2-1.2.0/AndroidManifest.xml
Merging manifest with lower [androidx.emoji2:emoji2:1.2.0] AndroidManifest.xml:17:1-35:12
uses-sdk defined in both files...
Merging uses-sdk with lower [androidx.emoji2:emoji2:1.2.0] AndroidManifest.xml:21:5-44
application defined in both files...
Merging application with lower [androidx.emoji2:emoji2:1.2.0] AndroidManifest.xml:23:5-33:19
Adopted [provider: null]
Merging library manifest /home/fekerr/.gradle/caches/8.11.1/transforms/d5977ac61df76255e89de1fa92b20e12/transformed/loader-1.0.0/AndroidManifest.xml
Merging manifest with lower [androidx.loader:loader:1.0.0] AndroidManifest.xml:17:1-22:12
uses-sdk defined in both files...
Merging uses-sdk with lower [androidx.loader:loader:1.0.0] AndroidManifest.xml:20:5-44
Merging library manifest /home/fekerr/.gradle/caches/8.11.1/transforms/b44915b246e93418011d3bafa115382b/transformed/jetified-lifecycle-viewmodel-ktx-2.5.1/AndroidManifest.xml
Merging manifest with lower [androidx.lifecycle:lifecycle-viewmodel-ktx:2.5.1] AndroidManifest.xml:17:1-24:12
uses-sdk defined in both files...
Merging uses-sdk with lower [androidx.lifecycle:lifecycle-viewmodel-ktx:2.5.1] AndroidManifest.xml:20:5-22:41
Merging library manifest /home/fekerr/.gradle/caches/8.11.1/transforms/9d06d03522e596b51498c781042b5db3/transformed/lifecycle-viewmodel-2.5.1/AndroidManifest.xml
Merging manifest with lower [androidx.lifecycle:lifecycle-viewmodel:2.5.1] AndroidManifest.xml:17:1-24:12
uses-sdk defined in both files...
Merging uses-sdk with lower [androidx.lifecycle:lifecycle-viewmodel:2.5.1] AndroidManifest.xml:20:5-22:41
Merging library manifest /home/fekerr/.gradle/caches/8.11.1/transforms/74224bfd526dd0c1f014dc1e665510eb/transformed/jetified-lifecycle-viewmodel-savedstate-2.5.1/AndroidManifest.xml
Merging manifest with lower [androidx.lifecycle:lifecycle-viewmodel-savedstate:2.5.1] AndroidManifest.xml:17:1-24:12
uses-sdk defined in both files...
Merging uses-sdk with lower [androidx.lifecycle:lifecycle-viewmodel-savedstate:2.5.1] AndroidManifest.xml:20:5-22:41
Merging library manifest /home/fekerr/.gradle/caches/8.11.1/transforms/64ad1c2206dbf2ea628c0ff62b8016db/transformed/jetified-core-ktx-1.9.0/AndroidManifest.xml
Merging manifest with lower [androidx.core:core-ktx:1.9.0] AndroidManifest.xml:2:1-7:12
uses-sdk defined in both files...
Merging uses-sdk with lower [androidx.core:core-ktx:1.9.0] AndroidManifest.xml:5:5-44
Merging library manifest /home/fekerr/.gradle/caches/8.11.1/transforms/e8edf896fcc051ca1b25f3cd0c760d59/transformed/vectordrawable-animated-1.1.0/AndroidManifest.xml
Merging manifest with lower [androidx.vectordrawable:vectordrawable-animated:1.1.0] AndroidManifest.xml:17:1-24:12
uses-sdk defined in both files...
Merging uses-sdk with lower [androidx.vectordrawable:vectordrawable-animated:1.1.0] AndroidManifest.xml:20:5-22:41
Merging library manifest /home/fekerr/.gradle/caches/8.11.1/transforms/24e031ed87071e480067f07d990a1fb7/transformed/vectordrawable-1.1.0/AndroidManifest.xml
Merging manifest with lower [androidx.vectordrawable:vectordrawable:1.1.0] AndroidManifest.xml:17:1-24:12
uses-sdk defined in both files...
Merging uses-sdk with lower [androidx.vectordrawable:vectordrawable:1.1.0] AndroidManifest.xml:20:5-22:41
Merging library manifest /home/fekerr/.gradle/caches/8.11.1/transforms/4253bceb06fdecebf27e19449c4e7063/transformed/core-1.9.0/AndroidManifest.xml
Merging manifest with lower [androidx.core:core:1.9.0] AndroidManifest.xml:17:1-30:12
uses-sdk defined in both files...
Merging uses-sdk with lower [androidx.core:core:1.9.0] AndroidManifest.xml:20:5-44
Adopted [permission: null]
Adopted [uses-permission: null]
application defined in both files...
Merging application with lower [androidx.core:core:1.9.0] AndroidManifest.xml:28:5-89
Merging library manifest /home/fekerr/.gradle/caches/8.11.1/transforms/863ac9545fe7517796c50c7d10561922/transformed/cursoradapter-1.0.0/AndroidManifest.xml
Merging manifest with lower [androidx.cursoradapter:cursoradapter:1.0.0] AndroidManifest.xml:17:1-22:12
uses-sdk defined in both files...
Merging uses-sdk with lower [androidx.cursoradapter:cursoradapter:1.0.0] AndroidManifest.xml:20:5-44
Merging library manifest /home/fekerr/.gradle/caches/8.11.1/transforms/84911c8f41282b1c65d1dcf5f0d486df/transformed/jetified-lifecycle-process-2.4.1/AndroidManifest.xml
Merging manifest with lower [androidx.lifecycle:lifecycle-process:2.4.1] AndroidManifest.xml:17:1-37:12
uses-sdk defined in both files...
Merging uses-sdk with lower [androidx.lifecycle:lifecycle-process:2.4.1] AndroidManifest.xml:21:5-23:41
application defined in both files...
Merging application with lower [androidx.lifecycle:lifecycle-process:2.4.1] AndroidManifest.xml:25:5-35:19
provider#androidx.startup.InitializationProvider defined in both files...
Merging provider#androidx.startup.InitializationProvider with lower [androidx.lifecycle:lifecycle-process:2.4.1] AndroidManifest.xml:26:9-34:20
Adopted [meta-data: null]
Merging library manifest /home/fekerr/.gradle/caches/8.11.1/transforms/3594f5d03472099310ea852b62fada08/transformed/jetified-lifecycle-runtime-ktx-2.5.1/AndroidManifest.xml
Merging manifest with lower [androidx.lifecycle:lifecycle-runtime-ktx:2.5.1] AndroidManifest.xml:17:1-24:12
uses-sdk defined in both files...
Merging uses-sdk with lower [androidx.lifecycle:lifecycle-runtime-ktx:2.5.1] AndroidManifest.xml:20:5-22:41
Merging library manifest /home/fekerr/.gradle/caches/8.11.1/transforms/d27e5fbcc497dfae01ec8024c75e59ef/transformed/lifecycle-runtime-2.5.1/AndroidManifest.xml
Merging manifest with lower [androidx.lifecycle:lifecycle-runtime:2.5.1] AndroidManifest.xml:17:1-24:12
uses-sdk defined in both files...
Merging uses-sdk with lower [androidx.lifecycle:lifecycle-runtime:2.5.1] AndroidManifest.xml:20:5-22:41
Merging library manifest /home/fekerr/.gradle/caches/8.11.1/transforms/f1782add8869843a9e1ffaccbf1c1192/transformed/jetified-savedstate-ktx-1.2.0/AndroidManifest.xml
Merging manifest with lower [androidx.savedstate:savedstate-ktx:1.2.0] AndroidManifest.xml:17:1-24:12
uses-sdk defined in both files...
Merging uses-sdk with lower [androidx.savedstate:savedstate-ktx:1.2.0] AndroidManifest.xml:20:5-22:41
Merging library manifest /home/fekerr/.gradle/caches/8.11.1/transforms/401aa9354437a443d91f9afdd20fc109/transformed/jetified-savedstate-1.2.0/AndroidManifest.xml
Merging manifest with lower [androidx.savedstate:savedstate:1.2.0] AndroidManifest.xml:17:1-24:12
uses-sdk defined in both files...
Merging uses-sdk with lower [androidx.savedstate:savedstate:1.2.0] AndroidManifest.xml:20:5-22:41
Merging library manifest /home/fekerr/.gradle/caches/8.11.1/transforms/faf203664fd3cd5341cefaf032595c5c/transformed/versionedparcelable-1.1.1/AndroidManifest.xml
Merging manifest with lower [androidx.versionedparcelable:versionedparcelable:1.1.1] AndroidManifest.xml:17:1-27:12
uses-sdk defined in both files...
Merging uses-sdk with lower [androidx.versionedparcelable:versionedparcelable:1.1.1] AndroidManifest.xml:20:5-22:41
application defined in both files...
Merging application with lower [androidx.versionedparcelable:versionedparcelable:1.1.1] AndroidManifest.xml:24:5-25:19
Merging library manifest /home/fekerr/.gradle/caches/8.11.1/transforms/f7267d179324a03b74510d0a4c9cf0bd/transformed/jetified-startup-runtime-1.1.1/AndroidManifest.xml
Merging manifest with lower [androidx.startup:startup-runtime:1.1.1] AndroidManifest.xml:17:1-33:12
uses-sdk defined in both files...
Merging uses-sdk with lower [androidx.startup:startup-runtime:1.1.1] AndroidManifest.xml:21:5-23:41
application defined in both files...
Merging application with lower [androidx.startup:startup-runtime:1.1.1] AndroidManifest.xml:25:5-31:19
provider#androidx.startup.InitializationProvider defined in both files...
Merging provider#androidx.startup.InitializationProvider with lower [androidx.startup:startup-runtime:1.1.1] AndroidManifest.xml:26:9-30:34
Merging library manifest /home/fekerr/.gradle/caches/8.11.1/transforms/1ef8ee399e7b4f692305baf1232da283/transformed/jetified-tracing-1.0.0/AndroidManifest.xml
Merging manifest with lower [androidx.tracing:tracing:1.0.0] AndroidManifest.xml:17:1-24:12
uses-sdk defined in both files...
Merging uses-sdk with lower [androidx.tracing:tracing:1.0.0] AndroidManifest.xml:20:5-22:41
Merging library manifest /home/fekerr/.gradle/caches/8.11.1/transforms/652c2b3f1a64985ae5b04140bb54ca27/transformed/lifecycle-livedata-2.0.0/AndroidManifest.xml
Merging manifest with lower [androidx.lifecycle:lifecycle-livedata:2.0.0] AndroidManifest.xml:17:1-22:12
uses-sdk defined in both files...
Merging uses-sdk with lower [androidx.lifecycle:lifecycle-livedata:2.0.0] AndroidManifest.xml:20:5-44
Merging library manifest /home/fekerr/.gradle/caches/8.11.1/transforms/f83c75ebfcf2dd68b407f5661ec8b2a3/transformed/lifecycle-livedata-core-2.5.1/AndroidManifest.xml
Merging manifest with lower [androidx.lifecycle:lifecycle-livedata-core:2.5.1] AndroidManifest.xml:17:1-24:12
uses-sdk defined in both files...
Merging uses-sdk with lower [androidx.lifecycle:lifecycle-livedata-core:2.5.1] AndroidManifest.xml:20:5-22:41
Merging library manifest /home/fekerr/.gradle/caches/8.11.1/transforms/7f4421e3cb86ebe71e0d13817ca5bea8/transformed/core-runtime-2.1.0/AndroidManifest.xml
Merging manifest with lower [androidx.arch.core:core-runtime:2.1.0] AndroidManifest.xml:17:1-24:12
uses-sdk defined in both files...
Merging uses-sdk with lower [androidx.arch.core:core-runtime:2.1.0] AndroidManifest.xml:20:5-22:41
Merging library manifest /home/fekerr/.gradle/caches/8.11.1/transforms/42be9a48ee4dc4cde44b108a4e7174ab/transformed/interpolator-1.0.0/AndroidManifest.xml
Merging manifest with lower [androidx.interpolator:interpolator:1.0.0] AndroidManifest.xml:17:1-22:12
uses-sdk defined in both files...
Merging uses-sdk with lower [androidx.interpolator:interpolator:1.0.0] AndroidManifest.xml:20:5-44
Merging library manifest /home/fekerr/.gradle/caches/8.11.1/transforms/bcb0bbf34a87693227df9e3951550064/transformed/jetified-annotation-experimental-1.3.0/AndroidManifest.xml
Merging manifest with lower [androidx.annotation:annotation-experimental:1.3.0] AndroidManifest.xml:17:1-22:12
uses-sdk defined in both files...
Merging uses-sdk with lower [androidx.annotation:annotation-experimental:1.3.0] AndroidManifest.xml:20:5-44
Merging result: SUCCESS
1<?xml version="1.0" encoding="utf-8"?>
2<manifest xmlns:android="http://schemas.android.com/apk/res/android"
3    package="org.exarhteam.iitc_mobile.debug"
4    android:versionCode="1747676075"
5    android:versionName="0.40.0-test-2025.05.19-10:36" >
6
7    <uses-sdk
8        android:minSdkVersion="23"
9        android:targetSdkVersion="35" />
10
11    <uses-permission android:name="android.permission.ACCESS_FINE_LOCATION" />
11-->/home/fekerr/src/ingress-intel-total-conversion/mobile/app/src/main/AndroidManifest.xml:3:5-78
11-->/home/fekerr/src/ingress-intel-total-conversion/mobile/app/src/main/AndroidManifest.xml:3:22-76
12    <uses-permission android:name="android.permission.ACCESS_COARSE_LOCATION" />
12-->/home/fekerr/src/ingress-intel-total-conversion/mobile/app/src/main/AndroidManifest.xml:4:5-81
12-->/home/fekerr/src/ingress-intel-total-conversion/mobile/app/src/main/AndroidManifest.xml:4:22-78
13    <uses-permission android:name="android.permission.ACCESS_NETWORK_STATE" />
13-->/home/fekerr/src/ingress-intel-total-conversion/mobile/app/src/main/AndroidManifest.xml:5:5-78
13-->/home/fekerr/src/ingress-intel-total-conversion/mobile/app/src/main/AndroidManifest.xml:5:22-76
14    <uses-permission android:name="android.permission.INTERNET" />
14-->/home/fekerr/src/ingress-intel-total-conversion/mobile/app/src/main/AndroidManifest.xml:6:5-66
14-->/home/fekerr/src/ingress-intel-total-conversion/mobile/app/src/main/AndroidManifest.xml:6:22-64
15    <uses-permission android:name="android.permission.NFC" />
15-->/home/fekerr/src/ingress-intel-total-conversion/mobile/app/src/main/AndroidManifest.xml:7:5-61
15-->/home/fekerr/src/ingress-intel-total-conversion/mobile/app/src/main/AndroidManifest.xml:7:22-59
16    <uses-permission android:name="android.permission.POST_NOTIFICATIONS" />
16-->/home/fekerr/src/ingress-intel-total-conversion/mobile/app/src/main/AndroidManifest.xml:8:5-77
16-->/home/fekerr/src/ingress-intel-total-conversion/mobile/app/src/main/AndroidManifest.xml:8:22-74
17    <uses-permission android:name="android.permission.WRITE_EXTERNAL_STORAGE" />
17-->/home/fekerr/src/ingress-intel-total-conversion/mobile/app/src/main/AndroidManifest.xml:9:5-80
17-->/home/fekerr/src/ingress-intel-total-conversion/mobile/app/src/main/AndroidManifest.xml:9:22-78
18    <uses-permission android:name="android.permission.ACCESS_WIFI_STATE" />
18-->/home/fekerr/src/ingress-intel-total-conversion/mobile/app/src/main/AndroidManifest.xml:10:5-76
18-->/home/fekerr/src/ingress-intel-total-conversion/mobile/app/src/main/AndroidManifest.xml:10:22-73
19    <uses-permission android:name="android.permission.VIBRATE" />
19-->/home/fekerr/src/ingress-intel-total-conversion/mobile/app/src/main/AndroidManifest.xml:11:5-66
19-->/home/fekerr/src/ingress-intel-total-conversion/mobile/app/src/main/AndroidManifest.xml:11:22-63
20
21    <permission
21-->[androidx.core:core:1.9.0] /home/fekerr/.gradle/caches/8.11.1/transforms/4253bceb06fdecebf27e19449c4e7063/transformed/core-1.9.0/AndroidManifest.xml:22:5-24:47
22        android:name="org.exarhteam.iitc_mobile.debug.DYNAMIC_RECEIVER_NOT_EXPORTED_PERMISSION"
22-->[androidx.core:core:1.9.0] /home/fekerr/.gradle/caches/8.11.1/transforms/4253bceb06fdecebf27e19449c4e7063/transformed/core-1.9.0/AndroidManifest.xml:23:9-81
23        android:protectionLevel="signature" />
23-->[androidx.core:core:1.9.0] /home/fekerr/.gradle/caches/8.11.1/transforms/4253bceb06fdecebf27e19449c4e7063/transformed/core-1.9.0/AndroidManifest.xml:24:9-44
24
25    <uses-permission android:name="org.exarhteam.iitc_mobile.debug.DYNAMIC_RECEIVER_NOT_EXPORTED_PERMISSION" />
25-->[androidx.core:core:1.9.0] /home/fekerr/.gradle/caches/8.11.1/transforms/4253bceb06fdecebf27e19449c4e7063/transformed/core-1.9.0/AndroidManifest.xml:26:5-97
25-->[androidx.core:core:1.9.0] /home/fekerr/.gradle/caches/8.11.1/transforms/4253bceb06fdecebf27e19449c4e7063/transformed/core-1.9.0/AndroidManifest.xml:26:22-94
26
27    <application
27-->/home/fekerr/src/ingress-intel-total-conversion/mobile/app/src/main/AndroidManifest.xml:13:5-200:19
28        android:name="org.exarhteam.iitc_mobile.IITC_Application"
28-->/home/fekerr/src/ingress-intel-total-conversion/mobile/app/src/main/AndroidManifest.xml:14:9-66
29        android:allowBackup="true"
29-->/home/fekerr/src/ingress-intel-total-conversion/mobile/app/src/main/AndroidManifest.xml:15:9-35
30        android:appComponentFactory="androidx.core.app.CoreComponentFactory"
30-->[androidx.core:core:1.9.0] /home/fekerr/.gradle/caches/8.11.1/transforms/4253bceb06fdecebf27e19449c4e7063/transformed/core-1.9.0/AndroidManifest.xml:28:18-86
31        android:debuggable="true"
32        android:extractNativeLibs="false"
33        android:icon="@mipmap/ic_iitcm"
33-->/home/fekerr/src/ingress-intel-total-conversion/mobile/app/src/main/AndroidManifest.xml:16:9-40
34        android:label="@string/app_name"
34-->/home/fekerr/src/ingress-intel-total-conversion/mobile/app/src/main/AndroidManifest.xml:18:9-41
35        android:requestLegacyExternalStorage="true"
35-->/home/fekerr/src/ingress-intel-total-conversion/mobile/app/src/main/AndroidManifest.xml:19:9-52
36        android:roundIcon="@mipmap/ic_iitcm"
36-->/home/fekerr/src/ingress-intel-total-conversion/mobile/app/src/main/AndroidManifest.xml:17:9-45
37        android:theme="@style/AppBaseTheme" >
37-->/home/fekerr/src/ingress-intel-total-conversion/mobile/app/src/main/AndroidManifest.xml:20:9-44
38        <activity
38-->/home/fekerr/src/ingress-intel-total-conversion/mobile/app/src/main/AndroidManifest.xml:21:9-22:41
39            android:name="org.exarhteam.iitc_mobile.IntroActivity"
39-->/home/fekerr/src/ingress-intel-total-conversion/mobile/app/src/main/AndroidManifest.xml:21:19-73
40            android:label="app_intro" />
40-->/home/fekerr/src/ingress-intel-total-conversion/mobile/app/src/main/AndroidManifest.xml:22:13-38
41        <activity
41-->/home/fekerr/src/ingress-intel-total-conversion/mobile/app/src/main/AndroidManifest.xml:24:9-86:20
42            android:name="org.exarhteam.iitc_mobile.IITC_Mobile"
42-->/home/fekerr/src/ingress-intel-total-conversion/mobile/app/src/main/AndroidManifest.xml:25:13-65
43            android:configChanges="orientation|keyboard|keyboardHidden|screenSize|uiMode"
43-->/home/fekerr/src/ingress-intel-total-conversion/mobile/app/src/main/AndroidManifest.xml:27:13-90
44            android:exported="true"
44-->/home/fekerr/src/ingress-intel-total-conversion/mobile/app/src/main/AndroidManifest.xml:26:13-36
45            android:label="@string/app_name"
45-->/home/fekerr/src/ingress-intel-total-conversion/mobile/app/src/main/AndroidManifest.xml:28:13-45
46            android:launchMode="singleTask" >
46-->/home/fekerr/src/ingress-intel-total-conversion/mobile/app/src/main/AndroidManifest.xml:29:13-44
47            <intent-filter>
47-->/home/fekerr/src/ingress-intel-total-conversion/mobile/app/src/main/AndroidManifest.xml:30:13-36:29
48                <action android:name="android.intent.action.MAIN" />
48-->/home/fekerr/src/ingress-intel-total-conversion/mobile/app/src/main/AndroidManifest.xml:31:17-68
48-->/home/fekerr/src/ingress-intel-total-conversion/mobile/app/src/main/AndroidManifest.xml:31:25-66
49
50                <category android:name="android.intent.category.LAUNCHER" />
50-->/home/fekerr/src/ingress-intel-total-conversion/mobile/app/src/main/AndroidManifest.xml:33:17-76
50-->/home/fekerr/src/ingress-intel-total-conversion/mobile/app/src/main/AndroidManifest.xml:33:27-74
51                <!-- Used for Samsung Multi-Window support -->
52                <category android:name="android.intent.category.MULTIWINDOW_LAUNCHER" />
52-->/home/fekerr/src/ingress-intel-total-conversion/mobile/app/src/main/AndroidManifest.xml:35:17-88
52-->/home/fekerr/src/ingress-intel-total-conversion/mobile/app/src/main/AndroidManifest.xml:35:27-86
53            </intent-filter>
54
55            <!-- Receives the search request. -->
56            <intent-filter>
56-->/home/fekerr/src/ingress-intel-total-conversion/mobile/app/src/main/AndroidManifest.xml:39:13-42:29
57                <action android:name="android.intent.action.SEARCH" />
57-->/home/fekerr/src/ingress-intel-total-conversion/mobile/app/src/main/AndroidManifest.xml:40:17-70
57-->/home/fekerr/src/ingress-intel-total-conversion/mobile/app/src/main/AndroidManifest.xml:40:25-68
58                <!-- No category needed, because the Intent will specify this class component -->
59            </intent-filter>
60
61            <!-- Handles the implicit intent to VIEW the intel.ingress.com/ URI -->
62            <intent-filter>
62-->/home/fekerr/src/ingress-intel-total-conversion/mobile/app/src/main/AndroidManifest.xml:45:13-55:29
63                <action android:name="android.intent.action.VIEW" />
63-->/home/fekerr/src/ingress-intel-total-conversion/mobile/app/src/main/AndroidManifest.xml:46:17-68
63-->/home/fekerr/src/ingress-intel-total-conversion/mobile/app/src/main/AndroidManifest.xml:46:25-66
64                <action android:name="android.nfc.action.NDEF_DISCOVERED" />
64-->/home/fekerr/src/ingress-intel-total-conversion/mobile/app/src/main/AndroidManifest.xml:47:17-76
64-->/home/fekerr/src/ingress-intel-total-conversion/mobile/app/src/main/AndroidManifest.xml:47:25-74
65
66                <category android:name="android.intent.category.DEFAULT" />
66-->/home/fekerr/src/ingress-intel-total-conversion/mobile/app/src/main/AndroidManifest.xml:49:17-75
66-->/home/fekerr/src/ingress-intel-total-conversion/mobile/app/src/main/AndroidManifest.xml:49:27-73
67                <category android:name="android.intent.category.BROWSABLE" />
67-->/home/fekerr/src/ingress-intel-total-conversion/mobile/app/src/main/AndroidManifest.xml:50:17-77
67-->/home/fekerr/src/ingress-intel-total-conversion/mobile/app/src/main/AndroidManifest.xml:50:27-75
68
69                <data android:scheme="http" />
69-->/home/fekerr/src/ingress-intel-total-conversion/mobile/app/src/main/AndroidManifest.xml:52:17-46
69-->/home/fekerr/src/ingress-intel-total-conversion/mobile/app/src/main/AndroidManifest.xml:52:23-44
70                <data android:scheme="https" />
70-->/home/fekerr/src/ingress-intel-total-conversion/mobile/app/src/main/AndroidManifest.xml:52:17-46
70-->/home/fekerr/src/ingress-intel-total-conversion/mobile/app/src/main/AndroidManifest.xml:52:23-44
71                <data android:host="intel.ingress.com" />
71-->/home/fekerr/src/ingress-intel-total-conversion/mobile/app/src/main/AndroidManifest.xml:52:17-46
71-->/home/fekerr/src/ingress-intel-total-conversion/mobile/app/src/main/AndroidManifest.xml:54:23-55
72            </intent-filter>
73
74            <!-- Handles the implicit intent to VIEW legacy [www.]ingress.com/intel URI -->
75            <intent-filter>
75-->/home/fekerr/src/ingress-intel-total-conversion/mobile/app/src/main/AndroidManifest.xml:58:13-70:29
76                <action android:name="android.intent.action.VIEW" />
76-->/home/fekerr/src/ingress-intel-total-conversion/mobile/app/src/main/AndroidManifest.xml:46:17-68
76-->/home/fekerr/src/ingress-intel-total-conversion/mobile/app/src/main/AndroidManifest.xml:46:25-66
77                <action android:name="android.nfc.action.NDEF_DISCOVERED" />
77-->/home/fekerr/src/ingress-intel-total-conversion/mobile/app/src/main/AndroidManifest.xml:47:17-76
77-->/home/fekerr/src/ingress-intel-total-conversion/mobile/app/src/main/AndroidManifest.xml:47:25-74
78
79                <category android:name="android.intent.category.DEFAULT" />
79-->/home/fekerr/src/ingress-intel-total-conversion/mobile/app/src/main/AndroidManifest.xml:49:17-75
79-->/home/fekerr/src/ingress-intel-total-conversion/mobile/app/src/main/AndroidManifest.xml:49:27-73
80                <category android:name="android.intent.category.BROWSABLE" />
80-->/home/fekerr/src/ingress-intel-total-conversion/mobile/app/src/main/AndroidManifest.xml:50:17-77
80-->/home/fekerr/src/ingress-intel-total-conversion/mobile/app/src/main/AndroidManifest.xml:50:27-75
81
82                <data android:scheme="http" />
82-->/home/fekerr/src/ingress-intel-total-conversion/mobile/app/src/main/AndroidManifest.xml:52:17-46
82-->/home/fekerr/src/ingress-intel-total-conversion/mobile/app/src/main/AndroidManifest.xml:52:23-44
83                <data android:scheme="https" />
83-->/home/fekerr/src/ingress-intel-total-conversion/mobile/app/src/main/AndroidManifest.xml:52:17-46
83-->/home/fekerr/src/ingress-intel-total-conversion/mobile/app/src/main/AndroidManifest.xml:52:23-44
84                <data android:host="ingress.com" />
84-->/home/fekerr/src/ingress-intel-total-conversion/mobile/app/src/main/AndroidManifest.xml:52:17-46
84-->/home/fekerr/src/ingress-intel-total-conversion/mobile/app/src/main/AndroidManifest.xml:54:23-55
85                <data android:host="www.ingress.com" />
85-->/home/fekerr/src/ingress-intel-total-conversion/mobile/app/src/main/AndroidManifest.xml:52:17-46
85-->/home/fekerr/src/ingress-intel-total-conversion/mobile/app/src/main/AndroidManifest.xml:54:23-55
86                <data android:pathPrefix="/intel" />
86-->/home/fekerr/src/ingress-intel-total-conversion/mobile/app/src/main/AndroidManifest.xml:52:17-46
86-->/home/fekerr/src/ingress-intel-total-conversion/mobile/app/src/main/AndroidManifest.xml:69:23-50
87            </intent-filter>
88
89            <!-- Handles geo: URIs -->
90            <intent-filter>
90-->/home/fekerr/src/ingress-intel-total-conversion/mobile/app/src/main/AndroidManifest.xml:73:13-80:29
91                <action android:name="android.intent.action.VIEW" />
91-->/home/fekerr/src/ingress-intel-total-conversion/mobile/app/src/main/AndroidManifest.xml:46:17-68
91-->/home/fekerr/src/ingress-intel-total-conversion/mobile/app/src/main/AndroidManifest.xml:46:25-66
92
93                <category android:name="android.intent.category.DEFAULT" />
93-->/home/fekerr/src/ingress-intel-total-conversion/mobile/app/src/main/AndroidManifest.xml:49:17-75
93-->/home/fekerr/src/ingress-intel-total-conversion/mobile/app/src/main/AndroidManifest.xml:49:27-73
94                <category android:name="android.intent.category.BROWSABLE" />
94-->/home/fekerr/src/ingress-intel-total-conversion/mobile/app/src/main/AndroidManifest.xml:50:17-77
94-->/home/fekerr/src/ingress-intel-total-conversion/mobile/app/src/main/AndroidManifest.xml:50:27-75
95
96                <data android:scheme="geo" />
96-->/home/fekerr/src/ingress-intel-total-conversion/mobile/app/src/main/AndroidManifest.xml:52:17-46
96-->/home/fekerr/src/ingress-intel-total-conversion/mobile/app/src/main/AndroidManifest.xml:52:23-44
97            </intent-filter>
98
99            <!-- Points to searchable meta data. -->
100            <meta-data
100-->/home/fekerr/src/ingress-intel-total-conversion/mobile/app/src/main/AndroidManifest.xml:83:13-85:53
101                android:name="android.app.searchable"
101-->/home/fekerr/src/ingress-intel-total-conversion/mobile/app/src/main/AndroidManifest.xml:84:17-54
102                android:resource="@xml/searchable" />
102-->/home/fekerr/src/ingress-intel-total-conversion/mobile/app/src/main/AndroidManifest.xml:85:17-51
103        </activity>
104        <activity
104-->/home/fekerr/src/ingress-intel-total-conversion/mobile/app/src/main/AndroidManifest.xml:88:9-93:56
105            android:name="org.exarhteam.iitc_mobile.prefs.PreferenceActivity"
105-->/home/fekerr/src/ingress-intel-total-conversion/mobile/app/src/main/AndroidManifest.xml:89:13-78
106            android:configChanges="orientation|keyboard|keyboardHidden|screenSize"
106-->/home/fekerr/src/ingress-intel-total-conversion/mobile/app/src/main/AndroidManifest.xml:92:13-83
107            android:exported="false"
107-->/home/fekerr/src/ingress-intel-total-conversion/mobile/app/src/main/AndroidManifest.xml:91:13-37
108            android:label="@string/activity_settings"
108-->/home/fekerr/src/ingress-intel-total-conversion/mobile/app/src/main/AndroidManifest.xml:93:13-54
109            android:theme="@style/AppPrefTheme" />
109-->/home/fekerr/src/ingress-intel-total-conversion/mobile/app/src/main/AndroidManifest.xml:90:13-48
110        <activity
110-->/home/fekerr/src/ingress-intel-total-conversion/mobile/app/src/main/AndroidManifest.xml:95:9-124:20
111            android:name="org.exarhteam.iitc_mobile.prefs.PluginPreferenceActivity"
111-->/home/fekerr/src/ingress-intel-total-conversion/mobile/app/src/main/AndroidManifest.xml:96:13-84
112            android:configChanges="orientation|keyboard|keyboardHidden|screenSize"
112-->/home/fekerr/src/ingress-intel-total-conversion/mobile/app/src/main/AndroidManifest.xml:99:13-83
113            android:exported="true"
113-->/home/fekerr/src/ingress-intel-total-conversion/mobile/app/src/main/AndroidManifest.xml:97:13-36
114            android:label="@string/activity_plugins"
114-->/home/fekerr/src/ingress-intel-total-conversion/mobile/app/src/main/AndroidManifest.xml:100:13-53
115            android:theme="@style/AppPrefTheme" >
115-->/home/fekerr/src/ingress-intel-total-conversion/mobile/app/src/main/AndroidManifest.xml:98:13-48
116
117            <!-- Handles external user plugins -->
118            <intent-filter>
118-->/home/fekerr/src/ingress-intel-total-conversion/mobile/app/src/main/AndroidManifest.xml:102:13-112:29
119                <action android:name="android.intent.action.VIEW" />
119-->/home/fekerr/src/ingress-intel-total-conversion/mobile/app/src/main/AndroidManifest.xml:46:17-68
119-->/home/fekerr/src/ingress-intel-total-conversion/mobile/app/src/main/AndroidManifest.xml:46:25-66
120                <action android:name="android.nfc.action.NDEF_DISCOVERED" />
120-->/home/fekerr/src/ingress-intel-total-conversion/mobile/app/src/main/AndroidManifest.xml:47:17-76
120-->/home/fekerr/src/ingress-intel-total-conversion/mobile/app/src/main/AndroidManifest.xml:47:25-74
121
122                <category android:name="android.intent.category.DEFAULT" />
122-->/home/fekerr/src/ingress-intel-total-conversion/mobile/app/src/main/AndroidManifest.xml:49:17-75
122-->/home/fekerr/src/ingress-intel-total-conversion/mobile/app/src/main/AndroidManifest.xml:49:27-73
123                <category android:name="android.intent.category.BROWSABLE" />
123-->/home/fekerr/src/ingress-intel-total-conversion/mobile/app/src/main/AndroidManifest.xml:50:17-77
123-->/home/fekerr/src/ingress-intel-total-conversion/mobile/app/src/main/AndroidManifest.xml:50:27-75
124
125                <data android:mimeType="application/javascript" />
125-->/home/fekerr/src/ingress-intel-total-conversion/mobile/app/src/main/AndroidManifest.xml:52:17-46
125-->/home/fekerr/src/ingress-intel-total-conversion/mobile/app/src/main/AndroidManifest.xml:109:23-64
126                <data android:mimeType="text/javascript" />
126-->/home/fekerr/src/ingress-intel-total-conversion/mobile/app/src/main/AndroidManifest.xml:52:17-46
126-->/home/fekerr/src/ingress-intel-total-conversion/mobile/app/src/main/AndroidManifest.xml:109:23-64
127                <data android:mimeType="text/plain" />
127-->/home/fekerr/src/ingress-intel-total-conversion/mobile/app/src/main/AndroidManifest.xml:52:17-46
127-->/home/fekerr/src/ingress-intel-total-conversion/mobile/app/src/main/AndroidManifest.xml:109:23-64
128            </intent-filter>
129            <intent-filter>
129-->/home/fekerr/src/ingress-intel-total-conversion/mobile/app/src/main/AndroidManifest.xml:113:13-123:29
130                <action android:name="android.intent.action.VIEW" />
130-->/home/fekerr/src/ingress-intel-total-conversion/mobile/app/src/main/AndroidManifest.xml:46:17-68
130-->/home/fekerr/src/ingress-intel-total-conversion/mobile/app/src/main/AndroidManifest.xml:46:25-66
131                <action android:name="android.nfc.action.NDEF_DISCOVERED" />
131-->/home/fekerr/src/ingress-intel-total-conversion/mobile/app/src/main/AndroidManifest.xml:47:17-76
131-->/home/fekerr/src/ingress-intel-total-conversion/mobile/app/src/main/AndroidManifest.xml:47:25-74
132
133                <category android:name="android.intent.category.DEFAULT" />
133-->/home/fekerr/src/ingress-intel-total-conversion/mobile/app/src/main/AndroidManifest.xml:49:17-75
133-->/home/fekerr/src/ingress-intel-total-conversion/mobile/app/src/main/AndroidManifest.xml:49:27-73
134                <category android:name="android.intent.category.BROWSABLE" />
134-->/home/fekerr/src/ingress-intel-total-conversion/mobile/app/src/main/AndroidManifest.xml:50:17-77
134-->/home/fekerr/src/ingress-intel-total-conversion/mobile/app/src/main/AndroidManifest.xml:50:27-75
135
136                <data android:scheme="http" />
136-->/home/fekerr/src/ingress-intel-total-conversion/mobile/app/src/main/AndroidManifest.xml:52:17-46
136-->/home/fekerr/src/ingress-intel-total-conversion/mobile/app/src/main/AndroidManifest.xml:52:23-44
137                <data android:scheme="https" />
137-->/home/fekerr/src/ingress-intel-total-conversion/mobile/app/src/main/AndroidManifest.xml:52:17-46
137-->/home/fekerr/src/ingress-intel-total-conversion/mobile/app/src/main/AndroidManifest.xml:52:23-44
138                <data
138-->/home/fekerr/src/ingress-intel-total-conversion/mobile/app/src/main/AndroidManifest.xml:52:17-46
139                    android:host="*"
139-->/home/fekerr/src/ingress-intel-total-conversion/mobile/app/src/main/AndroidManifest.xml:54:23-55
140                    android:pathPattern=".*\\.user.js" />
140-->/home/fekerr/src/ingress-intel-total-conversion/mobile/app/src/main/AndroidManifest.xml:122:40-74
141            </intent-filter>
142        </activity>
143        <activity
143-->/home/fekerr/src/ingress-intel-total-conversion/mobile/app/src/main/AndroidManifest.xml:126:9-135:20
144            android:name="org.exarhteam.iitc_mobile.share.ShareActivity"
144-->/home/fekerr/src/ingress-intel-total-conversion/mobile/app/src/main/AndroidManifest.xml:127:13-73
145            android:label="@string/activity_share"
145-->/home/fekerr/src/ingress-intel-total-conversion/mobile/app/src/main/AndroidManifest.xml:129:13-51
146            android:noHistory="true"
146-->/home/fekerr/src/ingress-intel-total-conversion/mobile/app/src/main/AndroidManifest.xml:130:13-37
147            android:parentActivityName="org.exarhteam.iitc_mobile.IITC_Mobile"
147-->/home/fekerr/src/ingress-intel-total-conversion/mobile/app/src/main/AndroidManifest.xml:131:13-79
148            android:theme="@style/AppPrefTheme" >
148-->/home/fekerr/src/ingress-intel-total-conversion/mobile/app/src/main/AndroidManifest.xml:128:13-48
149            <meta-data
149-->/home/fekerr/src/ingress-intel-total-conversion/mobile/app/src/main/AndroidManifest.xml:132:13-134:72
150                android:name="android.support.PARENT_ACTIVITY"
150-->/home/fekerr/src/ingress-intel-total-conversion/mobile/app/src/main/AndroidManifest.xml:133:17-63
151                android:value="org.exarhteam.iitc_mobile.IITC_Mobile" />
151-->/home/fekerr/src/ingress-intel-total-conversion/mobile/app/src/main/AndroidManifest.xml:134:17-70
152        </activity>
153        <activity
153-->/home/fekerr/src/ingress-intel-total-conversion/mobile/app/src/main/AndroidManifest.xml:137:9-144:40
154            android:name="org.exarhteam.iitc_mobile.share.SendToClipboard"
154-->/home/fekerr/src/ingress-intel-total-conversion/mobile/app/src/main/AndroidManifest.xml:138:13-75
155            android:enabled="true"
155-->/home/fekerr/src/ingress-intel-total-conversion/mobile/app/src/main/AndroidManifest.xml:139:13-35
156            android:excludeFromRecents="true"
156-->/home/fekerr/src/ingress-intel-total-conversion/mobile/app/src/main/AndroidManifest.xml:140:13-46
157            android:exported="false"
157-->/home/fekerr/src/ingress-intel-total-conversion/mobile/app/src/main/AndroidManifest.xml:141:13-37
158            android:icon="@drawable/ic_action_copy"
158-->/home/fekerr/src/ingress-intel-total-conversion/mobile/app/src/main/AndroidManifest.xml:142:13-52
159            android:label="@string/activity_share_to_clipboard"
159-->/home/fekerr/src/ingress-intel-total-conversion/mobile/app/src/main/AndroidManifest.xml:143:13-64
160            android:noHistory="false" />
160-->/home/fekerr/src/ingress-intel-total-conversion/mobile/app/src/main/AndroidManifest.xml:144:13-38
161        <activity
161-->/home/fekerr/src/ingress-intel-total-conversion/mobile/app/src/main/AndroidManifest.xml:146:9-154:63
162            android:name="org.exarhteam.iitc_mobile.share.SaveToFile"
162-->/home/fekerr/src/ingress-intel-total-conversion/mobile/app/src/main/AndroidManifest.xml:147:13-70
163            android:enabled="true"
163-->/home/fekerr/src/ingress-intel-total-conversion/mobile/app/src/main/AndroidManifest.xml:148:13-35
164            android:excludeFromRecents="true"
164-->/home/fekerr/src/ingress-intel-total-conversion/mobile/app/src/main/AndroidManifest.xml:149:13-46
165            android:exported="false"
165-->/home/fekerr/src/ingress-intel-total-conversion/mobile/app/src/main/AndroidManifest.xml:150:13-37
166            android:icon="@drawable/ic_action_save"
166-->/home/fekerr/src/ingress-intel-total-conversion/mobile/app/src/main/AndroidManifest.xml:151:13-52
167            android:label="@string/activity_save_to_file"
167-->/home/fekerr/src/ingress-intel-total-conversion/mobile/app/src/main/AndroidManifest.xml:152:13-58
168            android:noHistory="false"
168-->/home/fekerr/src/ingress-intel-total-conversion/mobile/app/src/main/AndroidManifest.xml:153:13-38
169            android:theme="@android:style/Theme.Holo.Dialog" />
169-->/home/fekerr/src/ingress-intel-total-conversion/mobile/app/src/main/AndroidManifest.xml:154:13-61
170
171        <provider
172            android:name="androidx.core.content.FileProvider"
172-->/home/fekerr/src/ingress-intel-total-conversion/mobile/app/src/main/AndroidManifest.xml:157:13-62
173            android:authorities="org.exarhteam.iitc_mobile.debug.provider"
173-->/home/fekerr/src/ingress-intel-total-conversion/mobile/app/src/main/AndroidManifest.xml:158:13-60
174            android:exported="false"
174-->/home/fekerr/src/ingress-intel-total-conversion/mobile/app/src/main/AndroidManifest.xml:159:13-37
175            android:grantUriPermissions="true" >
175-->/home/fekerr/src/ingress-intel-total-conversion/mobile/app/src/main/AndroidManifest.xml:160:13-47
176            <meta-data
176-->/home/fekerr/src/ingress-intel-total-conversion/mobile/app/src/main/AndroidManifest.xml:161:13-163:57
177                android:name="android.support.FILE_PROVIDER_PATHS"
177-->/home/fekerr/src/ingress-intel-total-conversion/mobile/app/src/main/AndroidManifest.xml:162:17-67
178                android:resource="@xml/provider_paths" />
178-->/home/fekerr/src/ingress-intel-total-conversion/mobile/app/src/main/AndroidManifest.xml:163:17-55
179        </provider>
180
181        <!-- START Used for Samsung Multi-Window support -->
182        <uses-library
182-->/home/fekerr/src/ingress-intel-total-conversion/mobile/app/src/main/AndroidManifest.xml:167:9-169:39
183            android:name="com.sec.android.app.multiwindow"
183-->/home/fekerr/src/ingress-intel-total-conversion/mobile/app/src/main/AndroidManifest.xml:168:13-59
184            android:required="false" />
184-->/home/fekerr/src/ingress-intel-total-conversion/mobile/app/src/main/AndroidManifest.xml:169:13-37
185
186        <meta-data
186-->/home/fekerr/src/ingress-intel-total-conversion/mobile/app/src/main/AndroidManifest.xml:171:9-173:35
187            android:name="com.sec.android.support.multiwindow"
187-->/home/fekerr/src/ingress-intel-total-conversion/mobile/app/src/main/AndroidManifest.xml:172:13-63
188            android:value="true" />
188-->/home/fekerr/src/ingress-intel-total-conversion/mobile/app/src/main/AndroidManifest.xml:173:13-33
189        <meta-data
189-->/home/fekerr/src/ingress-intel-total-conversion/mobile/app/src/main/AndroidManifest.xml:174:9-176:58
190            android:name="com.sec.android.multiwindow.DEFAULT_SIZE_W"
190-->/home/fekerr/src/ingress-intel-total-conversion/mobile/app/src/main/AndroidManifest.xml:175:13-70
191            android:resource="@dimen/app_defaultsize_w" />
191-->/home/fekerr/src/ingress-intel-total-conversion/mobile/app/src/main/AndroidManifest.xml:176:13-56
192        <meta-data
192-->/home/fekerr/src/ingress-intel-total-conversion/mobile/app/src/main/AndroidManifest.xml:177:9-179:58
193            android:name="com.sec.android.multiwindow.DEFAULT_SIZE_H"
193-->/home/fekerr/src/ingress-intel-total-conversion/mobile/app/src/main/AndroidManifest.xml:178:13-70
194            android:resource="@dimen/app_defaultsize_h" />
194-->/home/fekerr/src/ingress-intel-total-conversion/mobile/app/src/main/AndroidManifest.xml:179:13-56
195        <meta-data
195-->/home/fekerr/src/ingress-intel-total-conversion/mobile/app/src/main/AndroidManifest.xml:180:9-182:58
196            android:name="com.sec.android.multiwindow.MINIMUM_SIZE_W"
196-->/home/fekerr/src/ingress-intel-total-conversion/mobile/app/src/main/AndroidManifest.xml:181:13-70
197            android:resource="@dimen/app_minimumsize_w" />
197-->/home/fekerr/src/ingress-intel-total-conversion/mobile/app/src/main/AndroidManifest.xml:182:13-56
198        <meta-data
198-->/home/fekerr/src/ingress-intel-total-conversion/mobile/app/src/main/AndroidManifest.xml:183:9-185:58
199            android:name="com.sec.android.multiwindow.MINIMUM_SIZE_H"
199-->/home/fekerr/src/ingress-intel-total-conversion/mobile/app/src/main/AndroidManifest.xml:184:13-70
200            android:resource="@dimen/app_minimumsize_h" />
200-->/home/fekerr/src/ingress-intel-total-conversion/mobile/app/src/main/AndroidManifest.xml:185:13-56
201        <!-- END Used for Samsung Multi-Window support -->
202
203
204        <!-- Points to searchable activity so the whole app can invoke search. -->
205        <meta-data
205-->/home/fekerr/src/ingress-intel-total-conversion/mobile/app/src/main/AndroidManifest.xml:189:9-191:68
206            android:name="android.app.default_searchable"
206-->/home/fekerr/src/ingress-intel-total-conversion/mobile/app/src/main/AndroidManifest.xml:190:13-58
207            android:value="org.exarhteam.iitc_mobile.IITC_Mobile" />
207-->/home/fekerr/src/ingress-intel-total-conversion/mobile/app/src/main/AndroidManifest.xml:191:13-66
208
209        <receiver
209-->/home/fekerr/src/ingress-intel-total-conversion/mobile/app/src/main/AndroidManifest.xml:193:9-199:20
210            android:name="org.exarhteam.iitc_mobile.UpdateCheckerReceiver"
210-->/home/fekerr/src/ingress-intel-total-conversion/mobile/app/src/main/AndroidManifest.xml:194:13-50
211            android:exported="false" >
211-->/home/fekerr/src/ingress-intel-total-conversion/mobile/app/src/main/AndroidManifest.xml:195:13-37
212            <intent-filter>
212-->/home/fekerr/src/ingress-intel-total-conversion/mobile/app/src/main/AndroidManifest.xml:196:13-198:29
213                <action android:name="HIDE_FOREVER" />
213-->/home/fekerr/src/ingress-intel-total-conversion/mobile/app/src/main/AndroidManifest.xml:197:17-55
213-->/home/fekerr/src/ingress-intel-total-conversion/mobile/app/src/main/AndroidManifest.xml:197:25-52
214            </intent-filter>
215        </receiver>
216
217        <provider
217-->[androidx.emoji2:emoji2:1.2.0] /home/fekerr/.gradle/caches/8.11.1/transforms/3cf5bb2eaa89f70d2d65612efe9ce47f/transformed/jetified-emoji2-1.2.0/AndroidManifest.xml:24:9-32:20
218            android:name="androidx.startup.InitializationProvider"
218-->[androidx.emoji2:emoji2:1.2.0] /home/fekerr/.gradle/caches/8.11.1/transforms/3cf5bb2eaa89f70d2d65612efe9ce47f/transformed/jetified-emoji2-1.2.0/AndroidManifest.xml:25:13-67
219            android:authorities="org.exarhteam.iitc_mobile.debug.androidx-startup"
219-->[androidx.emoji2:emoji2:1.2.0] /home/fekerr/.gradle/caches/8.11.1/transforms/3cf5bb2eaa89f70d2d65612efe9ce47f/transformed/jetified-emoji2-1.2.0/AndroidManifest.xml:26:13-68
220            android:exported="false" >
220-->[androidx.emoji2:emoji2:1.2.0] /home/fekerr/.gradle/caches/8.11.1/transforms/3cf5bb2eaa89f70d2d65612efe9ce47f/transformed/jetified-emoji2-1.2.0/AndroidManifest.xml:27:13-37
221            <meta-data
221-->[androidx.emoji2:emoji2:1.2.0] /home/fekerr/.gradle/caches/8.11.1/transforms/3cf5bb2eaa89f70d2d65612efe9ce47f/transformed/jetified-emoji2-1.2.0/AndroidManifest.xml:29:13-31:52
222                android:name="androidx.emoji2.text.EmojiCompatInitializer"
222-->[androidx.emoji2:emoji2:1.2.0] /home/fekerr/.gradle/caches/8.11.1/transforms/3cf5bb2eaa89f70d2d65612efe9ce47f/transformed/jetified-emoji2-1.2.0/AndroidManifest.xml:30:17-75
223                android:value="androidx.startup" />
223-->[androidx.emoji2:emoji2:1.2.0] /home/fekerr/.gradle/caches/8.11.1/transforms/3cf5bb2eaa89f70d2d65612efe9ce47f/transformed/jetified-emoji2-1.2.0/AndroidManifest.xml:31:17-49
224            <meta-data
224-->[androidx.lifecycle:lifecycle-process:2.4.1] /home/fekerr/.gradle/caches/8.11.1/transforms/84911c8f41282b1c65d1dcf5f0d486df/transformed/jetified-lifecycle-process-2.4.1/AndroidManifest.xml:31:13-33:52
225                android:name="androidx.lifecycle.ProcessLifecycleInitializer"
225-->[androidx.lifecycle:lifecycle-process:2.4.1] /home/fekerr/.gradle/caches/8.11.1/transforms/84911c8f41282b1c65d1dcf5f0d486df/transformed/jetified-lifecycle-process-2.4.1/AndroidManifest.xml:32:17-78
226                android:value="androidx.startup" />
226-->[androidx.lifecycle:lifecycle-process:2.4.1] /home/fekerr/.gradle/caches/8.11.1/transforms/84911c8f41282b1c65d1dcf5f0d486df/transformed/jetified-lifecycle-process-2.4.1/AndroidManifest.xml:33:17-49
227        </provider>
228    </application>
229
230</manifest>

Merged manifest saved to /home/fekerr/src/ingress-intel-total-conversion/mobile/app/build/intermediates/merged_manifest/debug/processDebugMainManifest/AndroidManifest.xml
Resolve mutations for :app:processDebugManifest (Thread[#381,Execution worker,5,main]) started.
:app:processDebugManifest (Thread[#388,Execution worker Thread 7,5,main]) started.

> Task :app:processDebugManifest
Caching disabled for task ':app:processDebugManifest' because:
  Build cache is disabled
Task ':app:processDebugManifest' is not up-to-date because:
  Value of input property 'outputsHandler.variantOutputs.$0.versionCode' has changed for task ':app:processDebugManifest'
  Value of input property 'outputsHandler.variantOutputs.$0.versionName' has changed for task ':app:processDebugManifest'
Resolve mutations for :app:processDebugManifestForPackage (Thread[#388,Execution worker Thread 7,5,main]) started.
:app:processDebugManifestForPackage (Thread[#392,Execution worker Thread 11,5,main]) started.
Resolve mutations for :app:mergeDebugShaders (Thread[#388,Execution worker Thread 7,5,main]) started.
:app:mergeDebugShaders (Thread[#388,Execution worker Thread 7,5,main]) started.

> Task :app:mergeDebugShaders UP-TO-DATE
Caching disabled for task ':app:mergeDebugShaders' because:
  Build cache is disabled
  Simple merging task
Skipping task ':app:mergeDebugShaders' as it is up-to-date.
Resolve mutations for :app:compileDebugShaders (Thread[#388,Execution worker Thread 7,5,main]) started.
:app:compileDebugShaders (Thread[#388,Execution worker Thread 7,5,main]) started.

> Task :app:compileDebugShaders NO-SOURCE
Skipping task ':app:compileDebugShaders' as it has no source files and no previous output files.
Resolve mutations for :app:generateDebugAssets (Thread[#388,Execution worker Thread 7,5,main]) started.
:app:generateDebugAssets (Thread[#388,Execution worker Thread 7,5,main]) started.

> Task :app:generateDebugAssets UP-TO-DATE
Skipping task ':app:generateDebugAssets' as it has no actions.
Resolve mutations for :app:mergeDebugAssets (Thread[#388,Execution worker Thread 7,5,main]) started.
:app:mergeDebugAssets (Thread[#388,Execution worker Thread 7,5,main]) started.

> Task :app:mergeDebugAssets UP-TO-DATE
Transforming AppIntro-6.3.1.aar (com.github.AppIntro:AppIntro:6.3.1) with JetifyTransform
Transforming AppIntro-6.3.1.aar (com.github.AppIntro:AppIntro:6.3.1) with ExtractAarTransform
Transforming AppIntro-6.3.1.aar (com.github.AppIntro:AppIntro:6.3.1) with AarTransform
Transforming localization-1.2.11.aar (com.akexorcist:localization:1.2.11) with JetifyTransform
Transforming localization-1.2.11.aar (com.akexorcist:localization:1.2.11) with ExtractAarTransform
Transforming localization-1.2.11.aar (com.akexorcist:localization:1.2.11) with AarTransform
Transforming constraintlayout-2.1.4.aar (androidx.constraintlayout:constraintlayout:2.1.4) with JetifyTransform
Transforming constraintlayout-2.1.4.aar (androidx.constraintlayout:constraintlayout:2.1.4) with ExtractAarTransform
Transforming constraintlayout-2.1.4.aar (androidx.constraintlayout:constraintlayout:2.1.4) with AarTransform
Transforming appcompat-resources-1.6.1.aar (androidx.appcompat:appcompat-resources:1.6.1) with JetifyTransform
Transforming appcompat-resources-1.6.1.aar (androidx.appcompat:appcompat-resources:1.6.1) with ExtractAarTransform
Transforming appcompat-resources-1.6.1.aar (androidx.appcompat:appcompat-resources:1.6.1) with AarTransform
Transforming appcompat-1.6.1.aar (androidx.appcompat:appcompat:1.6.1) with JetifyTransform
Transforming appcompat-1.6.1.aar (androidx.appcompat:appcompat:1.6.1) with ExtractAarTransform
Transforming appcompat-1.6.1.aar (androidx.appcompat:appcompat:1.6.1) with AarTransform
Transforming floatingactionbutton-1.3.0.aar (com.melnykov:floatingactionbutton:1.3.0) with JetifyTransform
Transforming floatingactionbutton-1.3.0.aar (com.melnykov:floatingactionbutton:1.3.0) with ExtractAarTransform
Transforming floatingactionbutton-1.3.0.aar (com.melnykov:floatingactionbutton:1.3.0) with AarTransform
Transforming recyclerview-1.1.0.aar (androidx.recyclerview:recyclerview:1.1.0) with JetifyTransform
Transforming recyclerview-1.1.0.aar (androidx.recyclerview:recyclerview:1.1.0) with ExtractAarTransform
Transforming recyclerview-1.1.0.aar (androidx.recyclerview:recyclerview:1.1.0) with AarTransform
Transforming drawerlayout-1.0.0.aar (androidx.drawerlayout:drawerlayout:1.0.0) with JetifyTransform
Transforming drawerlayout-1.0.0.aar (androidx.drawerlayout:drawerlayout:1.0.0) with ExtractAarTransform
Transforming drawerlayout-1.0.0.aar (androidx.drawerlayout:drawerlayout:1.0.0) with AarTransform
Transforming fragment-1.3.6.aar (androidx.fragment:fragment:1.3.6) with JetifyTransform
Transforming fragment-1.3.6.aar (androidx.fragment:fragment:1.3.6) with ExtractAarTransform
Transforming fragment-1.3.6.aar (androidx.fragment:fragment:1.3.6) with AarTransform
Transforming viewpager-1.0.0.aar (androidx.viewpager:viewpager:1.0.0) with JetifyTransform
Transforming viewpager-1.0.0.aar (androidx.viewpager:viewpager:1.0.0) with ExtractAarTransform
Transforming viewpager-1.0.0.aar (androidx.viewpager:viewpager:1.0.0) with AarTransform
Transforming customview-1.0.0.aar (androidx.customview:customview:1.0.0) with JetifyTransform
Transforming customview-1.0.0.aar (androidx.customview:customview:1.0.0) with ExtractAarTransform
Transforming customview-1.0.0.aar (androidx.customview:customview:1.0.0) with AarTransform
Transforming activity-ktx-1.6.0.aar (androidx.activity:activity-ktx:1.6.0) with JetifyTransform
Transforming activity-ktx-1.6.0.aar (androidx.activity:activity-ktx:1.6.0) with ExtractAarTransform
Transforming activity-ktx-1.6.0.aar (androidx.activity:activity-ktx:1.6.0) with AarTransform
Transforming activity-1.6.0.aar (androidx.activity:activity:1.6.0) with JetifyTransform
Transforming activity-1.6.0.aar (androidx.activity:activity:1.6.0) with ExtractAarTransform
Transforming activity-1.6.0.aar (androidx.activity:activity:1.6.0) with AarTransform
Transforming emoji2-views-helper-1.2.0.aar (androidx.emoji2:emoji2-views-helper:1.2.0) with JetifyTransform
Transforming emoji2-views-helper-1.2.0.aar (androidx.emoji2:emoji2-views-helper:1.2.0) with ExtractAarTransform
Transforming emoji2-views-helper-1.2.0.aar (androidx.emoji2:emoji2-views-helper:1.2.0) with AarTransform
Transforming emoji2-1.2.0.aar (androidx.emoji2:emoji2:1.2.0) with JetifyTransform
Transforming emoji2-1.2.0.aar (androidx.emoji2:emoji2:1.2.0) with ExtractAarTransform
Transforming emoji2-1.2.0.aar (androidx.emoji2:emoji2:1.2.0) with AarTransform
Transforming loader-1.0.0.aar (androidx.loader:loader:1.0.0) with JetifyTransform
Transforming loader-1.0.0.aar (androidx.loader:loader:1.0.0) with ExtractAarTransform
Transforming loader-1.0.0.aar (androidx.loader:loader:1.0.0) with AarTransform
Transforming lifecycle-viewmodel-ktx-2.5.1.aar (androidx.lifecycle:lifecycle-viewmodel-ktx:2.5.1) with JetifyTransform
Transforming lifecycle-viewmodel-ktx-2.5.1.aar (androidx.lifecycle:lifecycle-viewmodel-ktx:2.5.1) with ExtractAarTransform
Transforming lifecycle-viewmodel-ktx-2.5.1.aar (androidx.lifecycle:lifecycle-viewmodel-ktx:2.5.1) with AarTransform
Transforming lifecycle-viewmodel-2.5.1.aar (androidx.lifecycle:lifecycle-viewmodel:2.5.1) with JetifyTransform
Transforming lifecycle-viewmodel-2.5.1.aar (androidx.lifecycle:lifecycle-viewmodel:2.5.1) with ExtractAarTransform
Transforming lifecycle-viewmodel-2.5.1.aar (androidx.lifecycle:lifecycle-viewmodel:2.5.1) with AarTransform
Transforming lifecycle-viewmodel-2.5.1.aar (androidx.lifecycle:lifecycle-viewmodel:2.5.1) with JetifyTransform
Transforming lifecycle-viewmodel-2.5.1.aar (androidx.lifecycle:lifecycle-viewmodel:2.5.1) with ExtractAarTransform
Transforming lifecycle-viewmodel-2.5.1.aar (androidx.lifecycle:lifecycle-viewmodel:2.5.1) with AarTransform
Transforming lifecycle-viewmodel-savedstate-2.5.1.aar (androidx.lifecycle:lifecycle-viewmodel-savedstate:2.5.1) with JetifyTransform
Transforming lifecycle-viewmodel-savedstate-2.5.1.aar (androidx.lifecycle:lifecycle-viewmodel-savedstate:2.5.1) with ExtractAarTransform
Transforming lifecycle-viewmodel-savedstate-2.5.1.aar (androidx.lifecycle:lifecycle-viewmodel-savedstate:2.5.1) with AarTransform
Transforming core-ktx-1.9.0.aar (androidx.core:core-ktx:1.9.0) with JetifyTransform
Transforming core-ktx-1.9.0.aar (androidx.core:core-ktx:1.9.0) with ExtractAarTransform
Transforming core-ktx-1.9.0.aar (androidx.core:core-ktx:1.9.0) with AarTransform
Transforming vectordrawable-animated-1.1.0.aar (androidx.vectordrawable:vectordrawable-animated:1.1.0) with JetifyTransform
Transforming vectordrawable-animated-1.1.0.aar (androidx.vectordrawable:vectordrawable-animated:1.1.0) with ExtractAarTransform
Transforming vectordrawable-animated-1.1.0.aar (androidx.vectordrawable:vectordrawable-animated:1.1.0) with AarTransform
Transforming vectordrawable-1.1.0.aar (androidx.vectordrawable:vectordrawable:1.1.0) with JetifyTransform
Transforming vectordrawable-1.1.0.aar (androidx.vectordrawable:vectordrawable:1.1.0) with ExtractAarTransform
Transforming vectordrawable-1.1.0.aar (androidx.vectordrawable:vectordrawable:1.1.0) with AarTransform
Transforming vectordrawable-1.1.0.aar (androidx.vectordrawable:vectordrawable:1.1.0) with JetifyTransform
Transforming vectordrawable-1.1.0.aar (androidx.vectordrawable:vectordrawable:1.1.0) with ExtractAarTransform
Transforming vectordrawable-1.1.0.aar (androidx.vectordrawable:vectordrawable:1.1.0) with AarTransform
Transforming core-1.9.0.aar (androidx.core:core:1.9.0) with JetifyTransform
Transforming core-1.9.0.aar (androidx.core:core:1.9.0) with ExtractAarTransform
Transforming core-1.9.0.aar (androidx.core:core:1.9.0) with AarTransform
Transforming core-1.9.0.aar (androidx.core:core:1.9.0) with JetifyTransform
Transforming core-1.9.0.aar (androidx.core:core:1.9.0) with ExtractAarTransform
Transforming core-1.9.0.aar (androidx.core:core:1.9.0) with AarTransform
Transforming cursoradapter-1.0.0.aar (androidx.cursoradapter:cursoradapter:1.0.0) with JetifyTransform
Transforming cursoradapter-1.0.0.aar (androidx.cursoradapter:cursoradapter:1.0.0) with ExtractAarTransform
Transforming cursoradapter-1.0.0.aar (androidx.cursoradapter:cursoradapter:1.0.0) with AarTransform
Transforming lifecycle-process-2.4.1.aar (androidx.lifecycle:lifecycle-process:2.4.1) with JetifyTransform
Transforming lifecycle-process-2.4.1.aar (androidx.lifecycle:lifecycle-process:2.4.1) with ExtractAarTransform
Transforming lifecycle-process-2.4.1.aar (androidx.lifecycle:lifecycle-process:2.4.1) with AarTransform
Transforming lifecycle-runtime-ktx-2.5.1.aar (androidx.lifecycle:lifecycle-runtime-ktx:2.5.1) with JetifyTransform
Transforming lifecycle-runtime-ktx-2.5.1.aar (androidx.lifecycle:lifecycle-runtime-ktx:2.5.1) with ExtractAarTransform
Transforming lifecycle-runtime-ktx-2.5.1.aar (androidx.lifecycle:lifecycle-runtime-ktx:2.5.1) with AarTransform
Transforming lifecycle-runtime-2.5.1.aar (androidx.lifecycle:lifecycle-runtime:2.5.1) with JetifyTransform
Transforming lifecycle-runtime-2.5.1.aar (androidx.lifecycle:lifecycle-runtime:2.5.1) with ExtractAarTransform
Transforming lifecycle-runtime-2.5.1.aar (androidx.lifecycle:lifecycle-runtime:2.5.1) with AarTransform
Transforming savedstate-ktx-1.2.0.aar (androidx.savedstate:savedstate-ktx:1.2.0) with JetifyTransform
Transforming savedstate-ktx-1.2.0.aar (androidx.savedstate:savedstate-ktx:1.2.0) with ExtractAarTransform
Transforming savedstate-ktx-1.2.0.aar (androidx.savedstate:savedstate-ktx:1.2.0) with AarTransform
Transforming savedstate-1.2.0.aar (androidx.savedstate:savedstate:1.2.0) with JetifyTransform
Transforming savedstate-1.2.0.aar (androidx.savedstate:savedstate:1.2.0) with ExtractAarTransform
Transforming savedstate-1.2.0.aar (androidx.savedstate:savedstate:1.2.0) with AarTransform
Transforming versionedparcelable-1.1.1.aar (androidx.versionedparcelable:versionedparcelable:1.1.1) with JetifyTransform
Transforming versionedparcelable-1.1.1.aar (androidx.versionedparcelable:versionedparcelable:1.1.1) with ExtractAarTransform
Transforming versionedparcelable-1.1.1.aar (androidx.versionedparcelable:versionedparcelable:1.1.1) with AarTransform
Transforming startup-runtime-1.1.1.aar (androidx.startup:startup-runtime:1.1.1) with JetifyTransform
Transforming startup-runtime-1.1.1.aar (androidx.startup:startup-runtime:1.1.1) with ExtractAarTransform
Transforming startup-runtime-1.1.1.aar (androidx.startup:startup-runtime:1.1.1) with AarTransform
Transforming tracing-1.0.0.aar (androidx.tracing:tracing:1.0.0) with JetifyTransform
Transforming tracing-1.0.0.aar (androidx.tracing:tracing:1.0.0) with ExtractAarTransform
Transforming tracing-1.0.0.aar (androidx.tracing:tracing:1.0.0) with AarTransform
Transforming lifecycle-livedata-2.0.0.aar (androidx.lifecycle:lifecycle-livedata:2.0.0) with JetifyTransform
Transforming lifecycle-livedata-2.0.0.aar (androidx.lifecycle:lifecycle-livedata:2.0.0) with ExtractAarTransform
Transforming lifecycle-livedata-2.0.0.aar (androidx.lifecycle:lifecycle-livedata:2.0.0) with AarTransform
Transforming lifecycle-livedata-core-2.5.1.aar (androidx.lifecycle:lifecycle-livedata-core:2.5.1) with JetifyTransform
Transforming lifecycle-livedata-core-2.5.1.aar (androidx.lifecycle:lifecycle-livedata-core:2.5.1) with ExtractAarTransform
Transforming lifecycle-livedata-core-2.5.1.aar (androidx.lifecycle:lifecycle-livedata-core:2.5.1) with AarTransform
Transforming lifecycle-livedata-core-2.5.1.aar (androidx.lifecycle:lifecycle-livedata-core:2.5.1) with JetifyTransform
Transforming lifecycle-livedata-core-2.5.1.aar (androidx.lifecycle:lifecycle-livedata-core:2.5.1) with ExtractAarTransform
Transforming lifecycle-livedata-core-2.5.1.aar (androidx.lifecycle:lifecycle-livedata-core:2.5.1) with AarTransform
Transforming core-runtime-2.1.0.aar (androidx.arch.core:core-runtime:2.1.0) with JetifyTransform
Transforming core-runtime-2.1.0.aar (androidx.arch.core:core-runtime:2.1.0) with ExtractAarTransform
Transforming core-runtime-2.1.0.aar (androidx.arch.core:core-runtime:2.1.0) with AarTransform
Transforming core-runtime-2.1.0.aar (androidx.arch.core:core-runtime:2.1.0) with JetifyTransform
Transforming core-runtime-2.1.0.aar (androidx.arch.core:core-runtime:2.1.0) with ExtractAarTransform
Transforming core-runtime-2.1.0.aar (androidx.arch.core:core-runtime:2.1.0) with AarTransform
Transforming interpolator-1.0.0.aar (androidx.interpolator:interpolator:1.0.0) with JetifyTransform
Transforming interpolator-1.0.0.aar (androidx.interpolator:interpolator:1.0.0) with ExtractAarTransform
Transforming interpolator-1.0.0.aar (androidx.interpolator:interpolator:1.0.0) with AarTransform
Transforming annotation-experimental-1.3.0.aar (androidx.annotation:annotation-experimental:1.3.0) with JetifyTransform
Transforming annotation-experimental-1.3.0.aar (androidx.annotation:annotation-experimental:1.3.0) with ExtractAarTransform
Transforming annotation-experimental-1.3.0.aar (androidx.annotation:annotation-experimental:1.3.0) with AarTransform
Caching disabled for task ':app:mergeDebugAssets' because:
  Build cache is disabled
  Simple merging task
Skipping task ':app:mergeDebugAssets' as it is up-to-date.
Resolve mutations for :app:compressDebugAssets (Thread[#388,Execution worker Thread 7,5,main]) started.
:app:compressDebugAssets (Thread[#388,Execution worker Thread 7,5,main]) started.

> Task :app:compressDebugAssets UP-TO-DATE
Caching disabled for task ':app:compressDebugAssets' because:
  Build cache is disabled
Skipping task ':app:compressDebugAssets' as it is up-to-date.
Resolve mutations for :app:desugarDebugFileDependencies (Thread[#388,Execution worker Thread 7,5,main]) started.
:app:desugarDebugFileDependencies (Thread[#388,Execution worker Thread 7,5,main]) started.

> Task :app:desugarDebugFileDependencies UP-TO-DATE
Transforming AppIntro-6.3.1.aar (com.github.AppIntro:AppIntro:6.3.1) with JetifyTransform
Transforming AppIntro-6.3.1.aar (com.github.AppIntro:AppIntro:6.3.1) with ExtractAarTransform
Transforming AppIntro-6.3.1.aar (com.github.AppIntro:AppIntro:6.3.1) with AarTransform
Transforming localization-1.2.11.aar (com.akexorcist:localization:1.2.11) with JetifyTransform
Transforming localization-1.2.11.aar (com.akexorcist:localization:1.2.11) with ExtractAarTransform
Transforming localization-1.2.11.aar (com.akexorcist:localization:1.2.11) with AarTransform
Transforming constraintlayout-2.1.4.aar (androidx.constraintlayout:constraintlayout:2.1.4) with JetifyTransform
Transforming constraintlayout-2.1.4.aar (androidx.constraintlayout:constraintlayout:2.1.4) with ExtractAarTransform
Transforming constraintlayout-2.1.4.aar (androidx.constraintlayout:constraintlayout:2.1.4) with AarTransform
Transforming appcompat-resources-1.6.1.aar (androidx.appcompat:appcompat-resources:1.6.1) with JetifyTransform
Transforming appcompat-resources-1.6.1.aar (androidx.appcompat:appcompat-resources:1.6.1) with ExtractAarTransform
Transforming appcompat-resources-1.6.1.aar (androidx.appcompat:appcompat-resources:1.6.1) with AarTransform
Transforming appcompat-1.6.1.aar (androidx.appcompat:appcompat:1.6.1) with JetifyTransform
Transforming appcompat-1.6.1.aar (androidx.appcompat:appcompat:1.6.1) with ExtractAarTransform
Transforming appcompat-1.6.1.aar (androidx.appcompat:appcompat:1.6.1) with AarTransform
Transforming floatingactionbutton-1.3.0.aar (com.melnykov:floatingactionbutton:1.3.0) with JetifyTransform
Transforming floatingactionbutton-1.3.0.aar (com.melnykov:floatingactionbutton:1.3.0) with ExtractAarTransform
Transforming floatingactionbutton-1.3.0.aar (com.melnykov:floatingactionbutton:1.3.0) with AarTransform
Transforming recyclerview-1.1.0.aar (androidx.recyclerview:recyclerview:1.1.0) with JetifyTransform
Transforming recyclerview-1.1.0.aar (androidx.recyclerview:recyclerview:1.1.0) with ExtractAarTransform
Transforming recyclerview-1.1.0.aar (androidx.recyclerview:recyclerview:1.1.0) with AarTransform
Transforming drawerlayout-1.0.0.aar (androidx.drawerlayout:drawerlayout:1.0.0) with JetifyTransform
Transforming okhttp-3.12.1.jar (com.squareup.okhttp3:okhttp:3.12.1) with JetifyTransform
Transforming drawerlayout-1.0.0.aar (androidx.drawerlayout:drawerlayout:1.0.0) with ExtractAarTransform
Transforming drawerlayout-1.0.0.aar (androidx.drawerlayout:drawerlayout:1.0.0) with AarTransform
Transforming fragment-1.3.6.aar (androidx.fragment:fragment:1.3.6) with JetifyTransform
Transforming commons-text-1.8.jar (org.apache.commons:commons-text:1.8) with JetifyTransform
Transforming fragment-1.3.6.aar (androidx.fragment:fragment:1.3.6) with ExtractAarTransform
Transforming fragment-1.3.6.aar (androidx.fragment:fragment:1.3.6) with AarTransform
Transforming viewpager-1.0.0.aar (androidx.viewpager:viewpager:1.0.0) with JetifyTransform
Transforming viewpager-1.0.0.aar (androidx.viewpager:viewpager:1.0.0) with ExtractAarTransform
Transforming viewpager-1.0.0.aar (androidx.viewpager:viewpager:1.0.0) with AarTransform
Transforming customview-1.0.0.aar (androidx.customview:customview:1.0.0) with JetifyTransform
Transforming customview-1.0.0.aar (androidx.customview:customview:1.0.0) with ExtractAarTransform
Transforming customview-1.0.0.aar (androidx.customview:customview:1.0.0) with AarTransform
Transforming activity-ktx-1.6.0.aar (androidx.activity:activity-ktx:1.6.0) with JetifyTransform
Transforming activity-ktx-1.6.0.aar (androidx.activity:activity-ktx:1.6.0) with ExtractAarTransform
Transforming activity-ktx-1.6.0.aar (androidx.activity:activity-ktx:1.6.0) with AarTransform
Transforming activity-1.6.0.aar (androidx.activity:activity:1.6.0) with JetifyTransform
Transforming activity-1.6.0.aar (androidx.activity:activity:1.6.0) with ExtractAarTransform
Transforming activity-1.6.0.aar (androidx.activity:activity:1.6.0) with AarTransform
Transforming emoji2-views-helper-1.2.0.aar (androidx.emoji2:emoji2-views-helper:1.2.0) with JetifyTransform
Transforming emoji2-views-helper-1.2.0.aar (androidx.emoji2:emoji2-views-helper:1.2.0) with ExtractAarTransform
Transforming emoji2-views-helper-1.2.0.aar (androidx.emoji2:emoji2-views-helper:1.2.0) with AarTransform
Transforming emoji2-1.2.0.aar (androidx.emoji2:emoji2:1.2.0) with JetifyTransform
Transforming emoji2-1.2.0.aar (androidx.emoji2:emoji2:1.2.0) with ExtractAarTransform
Transforming emoji2-1.2.0.aar (androidx.emoji2:emoji2:1.2.0) with AarTransform
Transforming loader-1.0.0.aar (androidx.loader:loader:1.0.0) with JetifyTransform
Transforming loader-1.0.0.aar (androidx.loader:loader:1.0.0) with ExtractAarTransform
Transforming loader-1.0.0.aar (androidx.loader:loader:1.0.0) with AarTransform
Transforming lifecycle-viewmodel-ktx-2.5.1.aar (androidx.lifecycle:lifecycle-viewmodel-ktx:2.5.1) with JetifyTransform
Transforming lifecycle-viewmodel-ktx-2.5.1.aar (androidx.lifecycle:lifecycle-viewmodel-ktx:2.5.1) with ExtractAarTransform
Transforming lifecycle-viewmodel-ktx-2.5.1.aar (androidx.lifecycle:lifecycle-viewmodel-ktx:2.5.1) with AarTransform
Transforming lifecycle-viewmodel-2.5.1.aar (androidx.lifecycle:lifecycle-viewmodel:2.5.1) with JetifyTransform
Transforming lifecycle-viewmodel-2.5.1.aar (androidx.lifecycle:lifecycle-viewmodel:2.5.1) with ExtractAarTransform
Transforming lifecycle-viewmodel-2.5.1.aar (androidx.lifecycle:lifecycle-viewmodel:2.5.1) with AarTransform
Transforming lifecycle-viewmodel-2.5.1.aar (androidx.lifecycle:lifecycle-viewmodel:2.5.1) with JetifyTransform
Transforming lifecycle-viewmodel-2.5.1.aar (androidx.lifecycle:lifecycle-viewmodel:2.5.1) with ExtractAarTransform
Transforming lifecycle-viewmodel-2.5.1.aar (androidx.lifecycle:lifecycle-viewmodel:2.5.1) with AarTransform
Transforming lifecycle-viewmodel-savedstate-2.5.1.aar (androidx.lifecycle:lifecycle-viewmodel-savedstate:2.5.1) with JetifyTransform
Transforming lifecycle-viewmodel-savedstate-2.5.1.aar (androidx.lifecycle:lifecycle-viewmodel-savedstate:2.5.1) with ExtractAarTransform
Transforming lifecycle-viewmodel-savedstate-2.5.1.aar (androidx.lifecycle:lifecycle-viewmodel-savedstate:2.5.1) with AarTransform
Transforming core-ktx-1.9.0.aar (androidx.core:core-ktx:1.9.0) with JetifyTransform
Transforming core-ktx-1.9.0.aar (androidx.core:core-ktx:1.9.0) with ExtractAarTransform
Transforming core-ktx-1.9.0.aar (androidx.core:core-ktx:1.9.0) with AarTransform
Transforming vectordrawable-animated-1.1.0.aar (androidx.vectordrawable:vectordrawable-animated:1.1.0) with JetifyTransform
Transforming vectordrawable-animated-1.1.0.aar (androidx.vectordrawable:vectordrawable-animated:1.1.0) with ExtractAarTransform
Transforming vectordrawable-animated-1.1.0.aar (androidx.vectordrawable:vectordrawable-animated:1.1.0) with AarTransform
Transforming vectordrawable-1.1.0.aar (androidx.vectordrawable:vectordrawable:1.1.0) with JetifyTransform
Transforming vectordrawable-1.1.0.aar (androidx.vectordrawable:vectordrawable:1.1.0) with ExtractAarTransform
Transforming vectordrawable-1.1.0.aar (androidx.vectordrawable:vectordrawable:1.1.0) with AarTransform
Transforming vectordrawable-1.1.0.aar (androidx.vectordrawable:vectordrawable:1.1.0) with JetifyTransform
Transforming vectordrawable-1.1.0.aar (androidx.vectordrawable:vectordrawable:1.1.0) with ExtractAarTransform
Transforming vectordrawable-1.1.0.aar (androidx.vectordrawable:vectordrawable:1.1.0) with AarTransform
Transforming core-1.9.0.aar (androidx.core:core:1.9.0) with JetifyTransform
Transforming core-1.9.0.aar (androidx.core:core:1.9.0) with ExtractAarTransform
Transforming core-1.9.0.aar (androidx.core:core:1.9.0) with AarTransform
Transforming core-1.9.0.aar (androidx.core:core:1.9.0) with JetifyTransform
Transforming core-1.9.0.aar (androidx.core:core:1.9.0) with ExtractAarTransform
Transforming core-1.9.0.aar (androidx.core:core:1.9.0) with AarTransform
Transforming cursoradapter-1.0.0.aar (androidx.cursoradapter:cursoradapter:1.0.0) with JetifyTransform
Transforming cursoradapter-1.0.0.aar (androidx.cursoradapter:cursoradapter:1.0.0) with ExtractAarTransform
Transforming cursoradapter-1.0.0.aar (androidx.cursoradapter:cursoradapter:1.0.0) with AarTransform
Transforming lifecycle-process-2.4.1.aar (androidx.lifecycle:lifecycle-process:2.4.1) with JetifyTransform
Transforming lifecycle-process-2.4.1.aar (androidx.lifecycle:lifecycle-process:2.4.1) with ExtractAarTransform
Transforming lifecycle-process-2.4.1.aar (androidx.lifecycle:lifecycle-process:2.4.1) with AarTransform
Transforming lifecycle-runtime-ktx-2.5.1.aar (androidx.lifecycle:lifecycle-runtime-ktx:2.5.1) with JetifyTransform
Transforming lifecycle-runtime-ktx-2.5.1.aar (androidx.lifecycle:lifecycle-runtime-ktx:2.5.1) with ExtractAarTransform
Transforming lifecycle-runtime-ktx-2.5.1.aar (androidx.lifecycle:lifecycle-runtime-ktx:2.5.1) with AarTransform
Transforming lifecycle-runtime-2.5.1.aar (androidx.lifecycle:lifecycle-runtime:2.5.1) with JetifyTransform
Transforming lifecycle-runtime-2.5.1.aar (androidx.lifecycle:lifecycle-runtime:2.5.1) with ExtractAarTransform
Transforming lifecycle-runtime-2.5.1.aar (androidx.lifecycle:lifecycle-runtime:2.5.1) with AarTransform
Transforming savedstate-ktx-1.2.0.aar (androidx.savedstate:savedstate-ktx:1.2.0) with JetifyTransform
Transforming savedstate-ktx-1.2.0.aar (androidx.savedstate:savedstate-ktx:1.2.0) with ExtractAarTransform
Transforming savedstate-ktx-1.2.0.aar (androidx.savedstate:savedstate-ktx:1.2.0) with AarTransform
Transforming savedstate-1.2.0.aar (androidx.savedstate:savedstate:1.2.0) with JetifyTransform
Transforming savedstate-1.2.0.aar (androidx.savedstate:savedstate:1.2.0) with ExtractAarTransform
Transforming savedstate-1.2.0.aar (androidx.savedstate:savedstate:1.2.0) with AarTransform
Transforming resourceinspection-annotation-1.0.1.jar (androidx.resourceinspection:resourceinspection-annotation:1.0.1) with JetifyTransform
Transforming versionedparcelable-1.1.1.aar (androidx.versionedparcelable:versionedparcelable:1.1.1) with JetifyTransform
Transforming versionedparcelable-1.1.1.aar (androidx.versionedparcelable:versionedparcelable:1.1.1) with ExtractAarTransform
Transforming versionedparcelable-1.1.1.aar (androidx.versionedparcelable:versionedparcelable:1.1.1) with AarTransform
Transforming startup-runtime-1.1.1.aar (androidx.startup:startup-runtime:1.1.1) with JetifyTransform
Transforming startup-runtime-1.1.1.aar (androidx.startup:startup-runtime:1.1.1) with ExtractAarTransform
Transforming startup-runtime-1.1.1.aar (androidx.startup:startup-runtime:1.1.1) with AarTransform
Transforming tracing-1.0.0.aar (androidx.tracing:tracing:1.0.0) with JetifyTransform
Transforming tracing-1.0.0.aar (androidx.tracing:tracing:1.0.0) with ExtractAarTransform
Transforming tracing-1.0.0.aar (androidx.tracing:tracing:1.0.0) with AarTransform
Transforming concurrent-futures-1.0.0.jar (androidx.concurrent:concurrent-futures:1.0.0) with JetifyTransform
Transforming lifecycle-livedata-2.0.0.aar (androidx.lifecycle:lifecycle-livedata:2.0.0) with JetifyTransform
Transforming lifecycle-livedata-2.0.0.aar (androidx.lifecycle:lifecycle-livedata:2.0.0) with ExtractAarTransform
Transforming lifecycle-livedata-2.0.0.aar (androidx.lifecycle:lifecycle-livedata:2.0.0) with AarTransform
Transforming lifecycle-livedata-core-2.5.1.aar (androidx.lifecycle:lifecycle-livedata-core:2.5.1) with JetifyTransform
Transforming lifecycle-livedata-core-2.5.1.aar (androidx.lifecycle:lifecycle-livedata-core:2.5.1) with ExtractAarTransform
Transforming lifecycle-livedata-core-2.5.1.aar (androidx.lifecycle:lifecycle-livedata-core:2.5.1) with AarTransform
Transforming collection-1.1.0.jar (androidx.collection:collection:1.1.0) with JetifyTransform
Transforming lifecycle-livedata-core-2.5.1.aar (androidx.lifecycle:lifecycle-livedata-core:2.5.1) with JetifyTransform
Transforming lifecycle-livedata-core-2.5.1.aar (androidx.lifecycle:lifecycle-livedata-core:2.5.1) with ExtractAarTransform
Transforming lifecycle-livedata-core-2.5.1.aar (androidx.lifecycle:lifecycle-livedata-core:2.5.1) with AarTransform
Transforming core-runtime-2.1.0.aar (androidx.arch.core:core-runtime:2.1.0) with JetifyTransform
Transforming core-runtime-2.1.0.aar (androidx.arch.core:core-runtime:2.1.0) with ExtractAarTransform
Transforming core-runtime-2.1.0.aar (androidx.arch.core:core-runtime:2.1.0) with AarTransform
Transforming core-runtime-2.1.0.aar (androidx.arch.core:core-runtime:2.1.0) with JetifyTransform
Transforming core-runtime-2.1.0.aar (androidx.arch.core:core-runtime:2.1.0) with ExtractAarTransform
Transforming core-runtime-2.1.0.aar (androidx.arch.core:core-runtime:2.1.0) with AarTransform
Transforming interpolator-1.0.0.aar (androidx.interpolator:interpolator:1.0.0) with JetifyTransform
Transforming interpolator-1.0.0.aar (androidx.interpolator:interpolator:1.0.0) with ExtractAarTransform
Transforming interpolator-1.0.0.aar (androidx.interpolator:interpolator:1.0.0) with AarTransform
Transforming core-common-2.1.0.jar (androidx.arch.core:core-common:2.1.0) with JetifyTransform
Transforming lifecycle-common-2.5.1.jar (androidx.lifecycle:lifecycle-common:2.5.1) with JetifyTransform
Transforming annotation-experimental-1.3.0.aar (androidx.annotation:annotation-experimental:1.3.0) with JetifyTransform
Transforming annotation-experimental-1.3.0.aar (androidx.annotation:annotation-experimental:1.3.0) with ExtractAarTransform
Transforming annotation-experimental-1.3.0.aar (androidx.annotation:annotation-experimental:1.3.0) with AarTransform
Transforming okio-1.15.0.jar (com.squareup.okio:okio:1.15.0) with JetifyTransform
Transforming kotlin-stdlib-jdk7-1.9.0.jar (org.jetbrains.kotlin:kotlin-stdlib-jdk7:1.9.0) with JetifyTransform
Transforming kotlin-stdlib-1.9.0.jar (org.jetbrains.kotlin:kotlin-stdlib:1.9.0) with JetifyTransform
Transforming constraintlayout-core-1.0.4.jar (androidx.constraintlayout:constraintlayout-core:1.0.4) with JetifyTransform
Transforming kotlin-stdlib-common-1.9.0.jar (org.jetbrains.kotlin:kotlin-stdlib-common:1.9.0) with JetifyTransform
Transforming annotation-jvm-1.6.0.jar (androidx.annotation:annotation-jvm:1.6.0) with JetifyTransform
Transforming kotlinx-coroutines-core-jvm-1.6.1.jar (org.jetbrains.kotlinx:kotlinx-coroutines-core-jvm:1.6.1) with JetifyTransform
Transforming listenablefuture-1.0.jar (com.google.guava:listenablefuture:1.0) with JetifyTransform
Transforming library-2.4.0.jar (com.nineoldandroids:library:2.4.0) with JetifyTransform
Transforming kotlin-stdlib-jdk8-1.9.0.jar (org.jetbrains.kotlin:kotlin-stdlib-jdk8:1.9.0) with JetifyTransform
Transforming kotlinx-coroutines-android-1.6.1.jar (org.jetbrains.kotlinx:kotlinx-coroutines-android:1.6.1) with JetifyTransform
Transforming commons-lang3-3.9.jar (org.apache.commons:commons-lang3:3.9) with JetifyTransform
Transforming annotations-13.0.jar (org.jetbrains:annotations:13.0) with JetifyTransform
Caching disabled for task ':app:desugarDebugFileDependencies' because:
  Build cache is disabled
Skipping task ':app:desugarDebugFileDependencies' as it is up-to-date.
Resolve mutations for :app:processDebugJavaRes (Thread[#388,Execution worker Thread 7,5,main]) started.
:app:processDebugJavaRes (Thread[#383,Execution worker Thread 3,5,main]) started.

> Task :app:processDebugJavaRes NO-SOURCE
file or directory '/home/fekerr/src/ingress-intel-total-conversion/mobile/app/src/main/resources', not found
file or directory '/home/fekerr/src/ingress-intel-total-conversion/mobile/app/src/debug/resources', not found
Skipping task ':app:processDebugJavaRes' as it has no source files and no previous output files.
Resolve mutations for :app:mergeDebugJavaResource (Thread[#383,Execution worker Thread 3,5,main]) started.
:app:mergeDebugJavaResource (Thread[#383,Execution worker Thread 3,5,main]) started.

> Task :app:mergeDebugJavaResource UP-TO-DATE
Transforming AppIntro-6.3.1.aar (com.github.AppIntro:AppIntro:6.3.1) with JetifyTransform
Transforming AppIntro-6.3.1.aar (com.github.AppIntro:AppIntro:6.3.1) with ExtractAarTransform
Transforming AppIntro-6.3.1.aar (com.github.AppIntro:AppIntro:6.3.1) with AarTransform
Transforming localization-1.2.11.aar (com.akexorcist:localization:1.2.11) with JetifyTransform
Transforming localization-1.2.11.aar (com.akexorcist:localization:1.2.11) with ExtractAarTransform
Transforming localization-1.2.11.aar (com.akexorcist:localization:1.2.11) with AarTransform
Transforming constraintlayout-2.1.4.aar (androidx.constraintlayout:constraintlayout:2.1.4) with JetifyTransform
Transforming constraintlayout-2.1.4.aar (androidx.constraintlayout:constraintlayout:2.1.4) with ExtractAarTransform
Transforming constraintlayout-2.1.4.aar (androidx.constraintlayout:constraintlayout:2.1.4) with AarTransform
Transforming appcompat-resources-1.6.1.aar (androidx.appcompat:appcompat-resources:1.6.1) with JetifyTransform
Transforming appcompat-resources-1.6.1.aar (androidx.appcompat:appcompat-resources:1.6.1) with ExtractAarTransform
Transforming appcompat-resources-1.6.1.aar (androidx.appcompat:appcompat-resources:1.6.1) with AarTransform
Transforming appcompat-1.6.1.aar (androidx.appcompat:appcompat:1.6.1) with JetifyTransform
Transforming appcompat-1.6.1.aar (androidx.appcompat:appcompat:1.6.1) with ExtractAarTransform
Transforming appcompat-1.6.1.aar (androidx.appcompat:appcompat:1.6.1) with AarTransform
Transforming okhttp-3.12.1.jar (com.squareup.okhttp3:okhttp:3.12.1) with JetifyTransform
Transforming okhttp-3.12.1.jar (com.squareup.okhttp3:okhttp:3.12.1) with IdentityTransform
Transforming commons-text-1.8.jar (org.apache.commons:commons-text:1.8) with JetifyTransform
Transforming commons-text-1.8.jar (org.apache.commons:commons-text:1.8) with IdentityTransform
Transforming floatingactionbutton-1.3.0.aar (com.melnykov:floatingactionbutton:1.3.0) with JetifyTransform
Transforming floatingactionbutton-1.3.0.aar (com.melnykov:floatingactionbutton:1.3.0) with ExtractAarTransform
Transforming floatingactionbutton-1.3.0.aar (com.melnykov:floatingactionbutton:1.3.0) with AarTransform
Transforming recyclerview-1.1.0.aar (androidx.recyclerview:recyclerview:1.1.0) with JetifyTransform
Transforming recyclerview-1.1.0.aar (androidx.recyclerview:recyclerview:1.1.0) with ExtractAarTransform
Transforming recyclerview-1.1.0.aar (androidx.recyclerview:recyclerview:1.1.0) with AarTransform
Transforming drawerlayout-1.0.0.aar (androidx.drawerlayout:drawerlayout:1.0.0) with JetifyTransform
Transforming drawerlayout-1.0.0.aar (androidx.drawerlayout:drawerlayout:1.0.0) with ExtractAarTransform
Transforming drawerlayout-1.0.0.aar (androidx.drawerlayout:drawerlayout:1.0.0) with AarTransform
Transforming fragment-1.3.6.aar (androidx.fragment:fragment:1.3.6) with JetifyTransform
Transforming fragment-1.3.6.aar (androidx.fragment:fragment:1.3.6) with ExtractAarTransform
Transforming fragment-1.3.6.aar (androidx.fragment:fragment:1.3.6) with AarTransform
Transforming viewpager-1.0.0.aar (androidx.viewpager:viewpager:1.0.0) with JetifyTransform
Transforming viewpager-1.0.0.aar (androidx.viewpager:viewpager:1.0.0) with ExtractAarTransform
Transforming viewpager-1.0.0.aar (androidx.viewpager:viewpager:1.0.0) with AarTransform
Transforming customview-1.0.0.aar (androidx.customview:customview:1.0.0) with JetifyTransform
Transforming customview-1.0.0.aar (androidx.customview:customview:1.0.0) with ExtractAarTransform
Transforming customview-1.0.0.aar (androidx.customview:customview:1.0.0) with AarTransform
Transforming activity-ktx-1.6.0.aar (androidx.activity:activity-ktx:1.6.0) with JetifyTransform
Transforming activity-ktx-1.6.0.aar (androidx.activity:activity-ktx:1.6.0) with ExtractAarTransform
Transforming activity-ktx-1.6.0.aar (androidx.activity:activity-ktx:1.6.0) with AarTransform
Transforming activity-1.6.0.aar (androidx.activity:activity:1.6.0) with JetifyTransform
Transforming activity-1.6.0.aar (androidx.activity:activity:1.6.0) with ExtractAarTransform
Transforming activity-1.6.0.aar (androidx.activity:activity:1.6.0) with AarTransform
Transforming emoji2-views-helper-1.2.0.aar (androidx.emoji2:emoji2-views-helper:1.2.0) with JetifyTransform
Transforming emoji2-views-helper-1.2.0.aar (androidx.emoji2:emoji2-views-helper:1.2.0) with ExtractAarTransform
Transforming emoji2-views-helper-1.2.0.aar (androidx.emoji2:emoji2-views-helper:1.2.0) with AarTransform
Transforming emoji2-1.2.0.aar (androidx.emoji2:emoji2:1.2.0) with JetifyTransform
Transforming emoji2-1.2.0.aar (androidx.emoji2:emoji2:1.2.0) with ExtractAarTransform
Transforming emoji2-1.2.0.aar (androidx.emoji2:emoji2:1.2.0) with AarTransform
Transforming loader-1.0.0.aar (androidx.loader:loader:1.0.0) with JetifyTransform
Transforming loader-1.0.0.aar (androidx.loader:loader:1.0.0) with ExtractAarTransform
Transforming loader-1.0.0.aar (androidx.loader:loader:1.0.0) with AarTransform
Transforming lifecycle-viewmodel-ktx-2.5.1.aar (androidx.lifecycle:lifecycle-viewmodel-ktx:2.5.1) with JetifyTransform
Transforming lifecycle-viewmodel-ktx-2.5.1.aar (androidx.lifecycle:lifecycle-viewmodel-ktx:2.5.1) with ExtractAarTransform
Transforming lifecycle-viewmodel-ktx-2.5.1.aar (androidx.lifecycle:lifecycle-viewmodel-ktx:2.5.1) with AarTransform
Transforming lifecycle-viewmodel-2.5.1.aar (androidx.lifecycle:lifecycle-viewmodel:2.5.1) with JetifyTransform
Transforming lifecycle-viewmodel-2.5.1.aar (androidx.lifecycle:lifecycle-viewmodel:2.5.1) with ExtractAarTransform
Transforming lifecycle-viewmodel-2.5.1.aar (androidx.lifecycle:lifecycle-viewmodel:2.5.1) with AarTransform
Transforming lifecycle-viewmodel-2.5.1.aar (androidx.lifecycle:lifecycle-viewmodel:2.5.1) with JetifyTransform
Transforming lifecycle-viewmodel-2.5.1.aar (androidx.lifecycle:lifecycle-viewmodel:2.5.1) with ExtractAarTransform
Transforming lifecycle-viewmodel-2.5.1.aar (androidx.lifecycle:lifecycle-viewmodel:2.5.1) with AarTransform
Transforming lifecycle-viewmodel-savedstate-2.5.1.aar (androidx.lifecycle:lifecycle-viewmodel-savedstate:2.5.1) with JetifyTransform
Transforming lifecycle-viewmodel-savedstate-2.5.1.aar (androidx.lifecycle:lifecycle-viewmodel-savedstate:2.5.1) with ExtractAarTransform
Transforming lifecycle-viewmodel-savedstate-2.5.1.aar (androidx.lifecycle:lifecycle-viewmodel-savedstate:2.5.1) with AarTransform
Transforming core-ktx-1.9.0.aar (androidx.core:core-ktx:1.9.0) with JetifyTransform
Transforming core-ktx-1.9.0.aar (androidx.core:core-ktx:1.9.0) with ExtractAarTransform
Transforming core-ktx-1.9.0.aar (androidx.core:core-ktx:1.9.0) with AarTransform
Transforming vectordrawable-animated-1.1.0.aar (androidx.vectordrawable:vectordrawable-animated:1.1.0) with JetifyTransform
Transforming vectordrawable-animated-1.1.0.aar (androidx.vectordrawable:vectordrawable-animated:1.1.0) with ExtractAarTransform
Transforming vectordrawable-animated-1.1.0.aar (androidx.vectordrawable:vectordrawable-animated:1.1.0) with AarTransform
Transforming vectordrawable-1.1.0.aar (androidx.vectordrawable:vectordrawable:1.1.0) with JetifyTransform
Transforming vectordrawable-1.1.0.aar (androidx.vectordrawable:vectordrawable:1.1.0) with ExtractAarTransform
Transforming vectordrawable-1.1.0.aar (androidx.vectordrawable:vectordrawable:1.1.0) with AarTransform
Transforming vectordrawable-1.1.0.aar (androidx.vectordrawable:vectordrawable:1.1.0) with JetifyTransform
Transforming vectordrawable-1.1.0.aar (androidx.vectordrawable:vectordrawable:1.1.0) with ExtractAarTransform
Transforming vectordrawable-1.1.0.aar (androidx.vectordrawable:vectordrawable:1.1.0) with AarTransform
Transforming core-1.9.0.aar (androidx.core:core:1.9.0) with JetifyTransform
Transforming core-1.9.0.aar (androidx.core:core:1.9.0) with ExtractAarTransform
Transforming core-1.9.0.aar (androidx.core:core:1.9.0) with AarTransform
Transforming core-1.9.0.aar (androidx.core:core:1.9.0) with JetifyTransform
Transforming core-1.9.0.aar (androidx.core:core:1.9.0) with ExtractAarTransform
Transforming core-1.9.0.aar (androidx.core:core:1.9.0) with AarTransform
Transforming cursoradapter-1.0.0.aar (androidx.cursoradapter:cursoradapter:1.0.0) with JetifyTransform
Transforming cursoradapter-1.0.0.aar (androidx.cursoradapter:cursoradapter:1.0.0) with ExtractAarTransform
Transforming cursoradapter-1.0.0.aar (androidx.cursoradapter:cursoradapter:1.0.0) with AarTransform
Transforming lifecycle-process-2.4.1.aar (androidx.lifecycle:lifecycle-process:2.4.1) with JetifyTransform
Transforming lifecycle-process-2.4.1.aar (androidx.lifecycle:lifecycle-process:2.4.1) with ExtractAarTransform
Transforming lifecycle-process-2.4.1.aar (androidx.lifecycle:lifecycle-process:2.4.1) with AarTransform
Transforming lifecycle-runtime-ktx-2.5.1.aar (androidx.lifecycle:lifecycle-runtime-ktx:2.5.1) with JetifyTransform
Transforming lifecycle-runtime-ktx-2.5.1.aar (androidx.lifecycle:lifecycle-runtime-ktx:2.5.1) with ExtractAarTransform
Transforming lifecycle-runtime-ktx-2.5.1.aar (androidx.lifecycle:lifecycle-runtime-ktx:2.5.1) with AarTransform
Transforming lifecycle-runtime-2.5.1.aar (androidx.lifecycle:lifecycle-runtime:2.5.1) with JetifyTransform
Transforming lifecycle-runtime-2.5.1.aar (androidx.lifecycle:lifecycle-runtime:2.5.1) with ExtractAarTransform
Transforming lifecycle-runtime-2.5.1.aar (androidx.lifecycle:lifecycle-runtime:2.5.1) with AarTransform
Transforming resourceinspection-annotation-1.0.1.jar (androidx.resourceinspection:resourceinspection-annotation:1.0.1) with JetifyTransform
Transforming resourceinspection-annotation-1.0.1.jar (androidx.resourceinspection:resourceinspection-annotation:1.0.1) with IdentityTransform
Transforming savedstate-ktx-1.2.0.aar (androidx.savedstate:savedstate-ktx:1.2.0) with JetifyTransform
Transforming savedstate-ktx-1.2.0.aar (androidx.savedstate:savedstate-ktx:1.2.0) with ExtractAarTransform
Transforming savedstate-ktx-1.2.0.aar (androidx.savedstate:savedstate-ktx:1.2.0) with AarTransform
Transforming savedstate-1.2.0.aar (androidx.savedstate:savedstate:1.2.0) with JetifyTransform
Transforming savedstate-1.2.0.aar (androidx.savedstate:savedstate:1.2.0) with ExtractAarTransform
Transforming savedstate-1.2.0.aar (androidx.savedstate:savedstate:1.2.0) with AarTransform
Transforming concurrent-futures-1.0.0.jar (androidx.concurrent:concurrent-futures:1.0.0) with JetifyTransform
Transforming concurrent-futures-1.0.0.jar (androidx.concurrent:concurrent-futures:1.0.0) with IdentityTransform
Transforming versionedparcelable-1.1.1.aar (androidx.versionedparcelable:versionedparcelable:1.1.1) with JetifyTransform
Transforming versionedparcelable-1.1.1.aar (androidx.versionedparcelable:versionedparcelable:1.1.1) with ExtractAarTransform
Transforming versionedparcelable-1.1.1.aar (androidx.versionedparcelable:versionedparcelable:1.1.1) with AarTransform
Transforming startup-runtime-1.1.1.aar (androidx.startup:startup-runtime:1.1.1) with JetifyTransform
Transforming startup-runtime-1.1.1.aar (androidx.startup:startup-runtime:1.1.1) with ExtractAarTransform
Transforming startup-runtime-1.1.1.aar (androidx.startup:startup-runtime:1.1.1) with AarTransform
Transforming tracing-1.0.0.aar (androidx.tracing:tracing:1.0.0) with JetifyTransform
Transforming tracing-1.0.0.aar (androidx.tracing:tracing:1.0.0) with ExtractAarTransform
Transforming tracing-1.0.0.aar (androidx.tracing:tracing:1.0.0) with AarTransform
Transforming collection-1.1.0.jar (androidx.collection:collection:1.1.0) with JetifyTransform
Transforming collection-1.1.0.jar (androidx.collection:collection:1.1.0) with IdentityTransform
Transforming lifecycle-livedata-2.0.0.aar (androidx.lifecycle:lifecycle-livedata:2.0.0) with JetifyTransform
Transforming lifecycle-livedata-2.0.0.aar (androidx.lifecycle:lifecycle-livedata:2.0.0) with ExtractAarTransform
Transforming lifecycle-livedata-2.0.0.aar (androidx.lifecycle:lifecycle-livedata:2.0.0) with AarTransform
Transforming lifecycle-livedata-core-2.5.1.aar (androidx.lifecycle:lifecycle-livedata-core:2.5.1) with JetifyTransform
Transforming lifecycle-livedata-core-2.5.1.aar (androidx.lifecycle:lifecycle-livedata-core:2.5.1) with ExtractAarTransform
Transforming lifecycle-livedata-core-2.5.1.aar (androidx.lifecycle:lifecycle-livedata-core:2.5.1) with AarTransform
Transforming lifecycle-livedata-core-2.5.1.aar (androidx.lifecycle:lifecycle-livedata-core:2.5.1) with JetifyTransform
Transforming lifecycle-livedata-core-2.5.1.aar (androidx.lifecycle:lifecycle-livedata-core:2.5.1) with ExtractAarTransform
Transforming lifecycle-livedata-core-2.5.1.aar (androidx.lifecycle:lifecycle-livedata-core:2.5.1) with AarTransform
Transforming core-runtime-2.1.0.aar (androidx.arch.core:core-runtime:2.1.0) with JetifyTransform
Transforming core-runtime-2.1.0.aar (androidx.arch.core:core-runtime:2.1.0) with ExtractAarTransform
Transforming core-runtime-2.1.0.aar (androidx.arch.core:core-runtime:2.1.0) with AarTransform
Transforming core-runtime-2.1.0.aar (androidx.arch.core:core-runtime:2.1.0) with JetifyTransform
Transforming core-runtime-2.1.0.aar (androidx.arch.core:core-runtime:2.1.0) with ExtractAarTransform
Transforming core-runtime-2.1.0.aar (androidx.arch.core:core-runtime:2.1.0) with AarTransform
Transforming core-common-2.1.0.jar (androidx.arch.core:core-common:2.1.0) with JetifyTransform
Transforming core-common-2.1.0.jar (androidx.arch.core:core-common:2.1.0) with IdentityTransform
Transforming lifecycle-common-2.5.1.jar (androidx.lifecycle:lifecycle-common:2.5.1) with JetifyTransform
Transforming lifecycle-common-2.5.1.jar (androidx.lifecycle:lifecycle-common:2.5.1) with IdentityTransform
Transforming interpolator-1.0.0.aar (androidx.interpolator:interpolator:1.0.0) with JetifyTransform
Transforming interpolator-1.0.0.aar (androidx.interpolator:interpolator:1.0.0) with ExtractAarTransform
Transforming interpolator-1.0.0.aar (androidx.interpolator:interpolator:1.0.0) with AarTransform
Transforming okio-1.15.0.jar (com.squareup.okio:okio:1.15.0) with JetifyTransform
Transforming okio-1.15.0.jar (com.squareup.okio:okio:1.15.0) with IdentityTransform
Transforming kotlinx-coroutines-core-jvm-1.6.1.jar (org.jetbrains.kotlinx:kotlinx-coroutines-core-jvm:1.6.1) with JetifyTransform
Transforming kotlinx-coroutines-core-jvm-1.6.1.jar (org.jetbrains.kotlinx:kotlinx-coroutines-core-jvm:1.6.1) with IdentityTransform
Transforming kotlinx-coroutines-android-1.6.1.jar (org.jetbrains.kotlinx:kotlinx-coroutines-android:1.6.1) with JetifyTransform
Transforming kotlinx-coroutines-android-1.6.1.jar (org.jetbrains.kotlinx:kotlinx-coroutines-android:1.6.1) with IdentityTransform
Transforming kotlin-stdlib-jdk8-1.9.0.jar (org.jetbrains.kotlin:kotlin-stdlib-jdk8:1.9.0) with JetifyTransform
Transforming kotlin-stdlib-jdk8-1.9.0.jar (org.jetbrains.kotlin:kotlin-stdlib-jdk8:1.9.0) with IdentityTransform
Transforming kotlin-stdlib-jdk7-1.9.0.jar (org.jetbrains.kotlin:kotlin-stdlib-jdk7:1.9.0) with JetifyTransform
Transforming kotlin-stdlib-jdk7-1.9.0.jar (org.jetbrains.kotlin:kotlin-stdlib-jdk7:1.9.0) with IdentityTransform
Transforming commons-lang3-3.9.jar (org.apache.commons:commons-lang3:3.9) with JetifyTransform
Transforming commons-lang3-3.9.jar (org.apache.commons:commons-lang3:3.9) with IdentityTransform
Transforming library-2.4.0.jar (com.nineoldandroids:library:2.4.0) with JetifyTransform
Transforming library-2.4.0.jar (com.nineoldandroids:library:2.4.0) with IdentityTransform
Transforming annotation-jvm-1.6.0.jar (androidx.annotation:annotation-jvm:1.6.0) with JetifyTransform
Transforming annotation-jvm-1.6.0.jar (androidx.annotation:annotation-jvm:1.6.0) with IdentityTransform
Transforming annotation-experimental-1.3.0.aar (androidx.annotation:annotation-experimental:1.3.0) with JetifyTransform
Transforming annotation-experimental-1.3.0.aar (androidx.annotation:annotation-experimental:1.3.0) with ExtractAarTransform
Transforming annotation-experimental-1.3.0.aar (androidx.annotation:annotation-experimental:1.3.0) with AarTransform
Transforming kotlin-stdlib-1.9.0.jar (org.jetbrains.kotlin:kotlin-stdlib:1.9.0) with JetifyTransform
Transforming kotlin-stdlib-1.9.0.jar (org.jetbrains.kotlin:kotlin-stdlib:1.9.0) with IdentityTransform
Transforming constraintlayout-core-1.0.4.jar (androidx.constraintlayout:constraintlayout-core:1.0.4) with JetifyTransform
Transforming constraintlayout-core-1.0.4.jar (androidx.constraintlayout:constraintlayout-core:1.0.4) with IdentityTransform
Transforming kotlin-stdlib-common-1.9.0.jar (org.jetbrains.kotlin:kotlin-stdlib-common:1.9.0) with JetifyTransform
Transforming kotlin-stdlib-common-1.9.0.jar (org.jetbrains.kotlin:kotlin-stdlib-common:1.9.0) with IdentityTransform
Transforming annotations-13.0.jar (org.jetbrains:annotations:13.0) with JetifyTransform
Transforming annotations-13.0.jar (org.jetbrains:annotations:13.0) with IdentityTransform
Transforming listenablefuture-1.0.jar (com.google.guava:listenablefuture:1.0) with JetifyTransform
Transforming listenablefuture-1.0.jar (com.google.guava:listenablefuture:1.0) with IdentityTransform
Caching disabled for task ':app:mergeDebugJavaResource' because:
  Build cache is disabled
  Caching has been disabled for the task
Skipping task ':app:mergeDebugJavaResource' as it is up-to-date.
Resolve mutations for :app:checkDebugDuplicateClasses (Thread[#383,Execution worker Thread 3,5,main]) started.
:app:checkDebugDuplicateClasses (Thread[#383,Execution worker Thread 3,5,main]) started.

> Task :app:checkDebugDuplicateClasses UP-TO-DATE
Transforming AppIntro-6.3.1.aar (com.github.AppIntro:AppIntro:6.3.1) with JetifyTransform
Transforming AppIntro-6.3.1.aar (com.github.AppIntro:AppIntro:6.3.1) with AarToClassTransform
Transforming AppIntro-6.3.1.aar (com.github.AppIntro:AppIntro:6.3.1) with EnumerateClassesTransform
Transforming localization-1.2.11.aar (com.akexorcist:localization:1.2.11) with JetifyTransform
Transforming localization-1.2.11.aar (com.akexorcist:localization:1.2.11) with AarToClassTransform
Transforming localization-1.2.11.aar (com.akexorcist:localization:1.2.11) with EnumerateClassesTransform
Transforming constraintlayout-2.1.4.aar (androidx.constraintlayout:constraintlayout:2.1.4) with JetifyTransform
Transforming constraintlayout-2.1.4.aar (androidx.constraintlayout:constraintlayout:2.1.4) with AarToClassTransform
Transforming constraintlayout-2.1.4.aar (androidx.constraintlayout:constraintlayout:2.1.4) with EnumerateClassesTransform
Transforming appcompat-resources-1.6.1.aar (androidx.appcompat:appcompat-resources:1.6.1) with JetifyTransform
Transforming appcompat-resources-1.6.1.aar (androidx.appcompat:appcompat-resources:1.6.1) with AarToClassTransform
Transforming appcompat-resources-1.6.1.aar (androidx.appcompat:appcompat-resources:1.6.1) with EnumerateClassesTransform
Transforming appcompat-1.6.1.aar (androidx.appcompat:appcompat:1.6.1) with JetifyTransform
Transforming appcompat-1.6.1.aar (androidx.appcompat:appcompat:1.6.1) with AarToClassTransform
Transforming appcompat-1.6.1.aar (androidx.appcompat:appcompat:1.6.1) with EnumerateClassesTransform
Transforming okhttp-3.12.1.jar (com.squareup.okhttp3:okhttp:3.12.1) with JetifyTransform
Transforming okhttp-3.12.1.jar (com.squareup.okhttp3:okhttp:3.12.1) with IdentityTransform
Transforming okhttp-3.12.1.jar (com.squareup.okhttp3:okhttp:3.12.1) with EnumerateClassesTransform
Transforming commons-text-1.8.jar (org.apache.commons:commons-text:1.8) with JetifyTransform
Transforming commons-text-1.8.jar (org.apache.commons:commons-text:1.8) with IdentityTransform
Transforming commons-text-1.8.jar (org.apache.commons:commons-text:1.8) with EnumerateClassesTransform
Transforming floatingactionbutton-1.3.0.aar (com.melnykov:floatingactionbutton:1.3.0) with JetifyTransform
Transforming floatingactionbutton-1.3.0.aar (com.melnykov:floatingactionbutton:1.3.0) with AarToClassTransform
Transforming floatingactionbutton-1.3.0.aar (com.melnykov:floatingactionbutton:1.3.0) with EnumerateClassesTransform
Transforming recyclerview-1.1.0.aar (androidx.recyclerview:recyclerview:1.1.0) with JetifyTransform
Transforming recyclerview-1.1.0.aar (androidx.recyclerview:recyclerview:1.1.0) with AarToClassTransform
Transforming recyclerview-1.1.0.aar (androidx.recyclerview:recyclerview:1.1.0) with EnumerateClassesTransform
Transforming drawerlayout-1.0.0.aar (androidx.drawerlayout:drawerlayout:1.0.0) with JetifyTransform
Transforming drawerlayout-1.0.0.aar (androidx.drawerlayout:drawerlayout:1.0.0) with AarToClassTransform
Transforming drawerlayout-1.0.0.aar (androidx.drawerlayout:drawerlayout:1.0.0) with EnumerateClassesTransform
Transforming fragment-1.3.6.aar (androidx.fragment:fragment:1.3.6) with JetifyTransform
Transforming fragment-1.3.6.aar (androidx.fragment:fragment:1.3.6) with AarToClassTransform
Transforming fragment-1.3.6.aar (androidx.fragment:fragment:1.3.6) with EnumerateClassesTransform
Transforming viewpager-1.0.0.aar (androidx.viewpager:viewpager:1.0.0) with JetifyTransform
Transforming viewpager-1.0.0.aar (androidx.viewpager:viewpager:1.0.0) with AarToClassTransform
Transforming viewpager-1.0.0.aar (androidx.viewpager:viewpager:1.0.0) with EnumerateClassesTransform
Transforming customview-1.0.0.aar (androidx.customview:customview:1.0.0) with JetifyTransform
Transforming customview-1.0.0.aar (androidx.customview:customview:1.0.0) with AarToClassTransform
Transforming customview-1.0.0.aar (androidx.customview:customview:1.0.0) with EnumerateClassesTransform
Transforming activity-ktx-1.6.0.aar (androidx.activity:activity-ktx:1.6.0) with JetifyTransform
Transforming activity-ktx-1.6.0.aar (androidx.activity:activity-ktx:1.6.0) with AarToClassTransform
Transforming activity-ktx-1.6.0.aar (androidx.activity:activity-ktx:1.6.0) with EnumerateClassesTransform
Transforming activity-1.6.0.aar (androidx.activity:activity:1.6.0) with JetifyTransform
Transforming activity-1.6.0.aar (androidx.activity:activity:1.6.0) with AarToClassTransform
Transforming activity-1.6.0.aar (androidx.activity:activity:1.6.0) with EnumerateClassesTransform
Transforming emoji2-views-helper-1.2.0.aar (androidx.emoji2:emoji2-views-helper:1.2.0) with JetifyTransform
Transforming emoji2-views-helper-1.2.0.aar (androidx.emoji2:emoji2-views-helper:1.2.0) with AarToClassTransform
Transforming emoji2-views-helper-1.2.0.aar (androidx.emoji2:emoji2-views-helper:1.2.0) with EnumerateClassesTransform
Transforming emoji2-1.2.0.aar (androidx.emoji2:emoji2:1.2.0) with JetifyTransform
Transforming emoji2-1.2.0.aar (androidx.emoji2:emoji2:1.2.0) with AarToClassTransform
Transforming emoji2-1.2.0.aar (androidx.emoji2:emoji2:1.2.0) with EnumerateClassesTransform
Transforming loader-1.0.0.aar (androidx.loader:loader:1.0.0) with JetifyTransform
Transforming loader-1.0.0.aar (androidx.loader:loader:1.0.0) with AarToClassTransform
Transforming loader-1.0.0.aar (androidx.loader:loader:1.0.0) with EnumerateClassesTransform
Transforming lifecycle-viewmodel-ktx-2.5.1.aar (androidx.lifecycle:lifecycle-viewmodel-ktx:2.5.1) with JetifyTransform
Transforming lifecycle-viewmodel-ktx-2.5.1.aar (androidx.lifecycle:lifecycle-viewmodel-ktx:2.5.1) with AarToClassTransform
Transforming lifecycle-viewmodel-ktx-2.5.1.aar (androidx.lifecycle:lifecycle-viewmodel-ktx:2.5.1) with EnumerateClassesTransform
Transforming lifecycle-viewmodel-2.5.1.aar (androidx.lifecycle:lifecycle-viewmodel:2.5.1) with JetifyTransform
Transforming lifecycle-viewmodel-2.5.1.aar (androidx.lifecycle:lifecycle-viewmodel:2.5.1) with AarToClassTransform
Transforming lifecycle-viewmodel-2.5.1.aar (androidx.lifecycle:lifecycle-viewmodel:2.5.1) with EnumerateClassesTransform
Transforming lifecycle-viewmodel-2.5.1.aar (androidx.lifecycle:lifecycle-viewmodel:2.5.1) with JetifyTransform
Transforming lifecycle-viewmodel-2.5.1.aar (androidx.lifecycle:lifecycle-viewmodel:2.5.1) with AarToClassTransform
Transforming lifecycle-viewmodel-2.5.1.aar (androidx.lifecycle:lifecycle-viewmodel:2.5.1) with EnumerateClassesTransform
Transforming lifecycle-viewmodel-savedstate-2.5.1.aar (androidx.lifecycle:lifecycle-viewmodel-savedstate:2.5.1) with JetifyTransform
Transforming lifecycle-viewmodel-savedstate-2.5.1.aar (androidx.lifecycle:lifecycle-viewmodel-savedstate:2.5.1) with AarToClassTransform
Transforming lifecycle-viewmodel-savedstate-2.5.1.aar (androidx.lifecycle:lifecycle-viewmodel-savedstate:2.5.1) with EnumerateClassesTransform
Transforming core-ktx-1.9.0.aar (androidx.core:core-ktx:1.9.0) with JetifyTransform
Transforming core-ktx-1.9.0.aar (androidx.core:core-ktx:1.9.0) with AarToClassTransform
Transforming core-ktx-1.9.0.aar (androidx.core:core-ktx:1.9.0) with EnumerateClassesTransform
Transforming vectordrawable-animated-1.1.0.aar (androidx.vectordrawable:vectordrawable-animated:1.1.0) with JetifyTransform
Transforming vectordrawable-animated-1.1.0.aar (androidx.vectordrawable:vectordrawable-animated:1.1.0) with AarToClassTransform
Transforming vectordrawable-animated-1.1.0.aar (androidx.vectordrawable:vectordrawable-animated:1.1.0) with EnumerateClassesTransform
Transforming vectordrawable-1.1.0.aar (androidx.vectordrawable:vectordrawable:1.1.0) with JetifyTransform
Transforming vectordrawable-1.1.0.aar (androidx.vectordrawable:vectordrawable:1.1.0) with AarToClassTransform
Transforming vectordrawable-1.1.0.aar (androidx.vectordrawable:vectordrawable:1.1.0) with EnumerateClassesTransform
Transforming vectordrawable-1.1.0.aar (androidx.vectordrawable:vectordrawable:1.1.0) with JetifyTransform
Transforming vectordrawable-1.1.0.aar (androidx.vectordrawable:vectordrawable:1.1.0) with AarToClassTransform
Transforming vectordrawable-1.1.0.aar (androidx.vectordrawable:vectordrawable:1.1.0) with EnumerateClassesTransform
Transforming core-1.9.0.aar (androidx.core:core:1.9.0) with JetifyTransform
Transforming core-1.9.0.aar (androidx.core:core:1.9.0) with AarToClassTransform
Transforming core-1.9.0.aar (androidx.core:core:1.9.0) with EnumerateClassesTransform
Transforming core-1.9.0.aar (androidx.core:core:1.9.0) with JetifyTransform
Transforming core-1.9.0.aar (androidx.core:core:1.9.0) with AarToClassTransform
Transforming core-1.9.0.aar (androidx.core:core:1.9.0) with EnumerateClassesTransform
Transforming cursoradapter-1.0.0.aar (androidx.cursoradapter:cursoradapter:1.0.0) with JetifyTransform
Transforming cursoradapter-1.0.0.aar (androidx.cursoradapter:cursoradapter:1.0.0) with AarToClassTransform
Transforming cursoradapter-1.0.0.aar (androidx.cursoradapter:cursoradapter:1.0.0) with EnumerateClassesTransform
Transforming lifecycle-process-2.4.1.aar (androidx.lifecycle:lifecycle-process:2.4.1) with JetifyTransform
Transforming lifecycle-process-2.4.1.aar (androidx.lifecycle:lifecycle-process:2.4.1) with AarToClassTransform
Transforming lifecycle-process-2.4.1.aar (androidx.lifecycle:lifecycle-process:2.4.1) with EnumerateClassesTransform
Transforming lifecycle-runtime-ktx-2.5.1.aar (androidx.lifecycle:lifecycle-runtime-ktx:2.5.1) with JetifyTransform
Transforming lifecycle-runtime-ktx-2.5.1.aar (androidx.lifecycle:lifecycle-runtime-ktx:2.5.1) with AarToClassTransform
Transforming lifecycle-runtime-ktx-2.5.1.aar (androidx.lifecycle:lifecycle-runtime-ktx:2.5.1) with EnumerateClassesTransform
Transforming lifecycle-runtime-2.5.1.aar (androidx.lifecycle:lifecycle-runtime:2.5.1) with JetifyTransform
Transforming lifecycle-runtime-2.5.1.aar (androidx.lifecycle:lifecycle-runtime:2.5.1) with AarToClassTransform
Transforming lifecycle-runtime-2.5.1.aar (androidx.lifecycle:lifecycle-runtime:2.5.1) with EnumerateClassesTransform
Transforming resourceinspection-annotation-1.0.1.jar (androidx.resourceinspection:resourceinspection-annotation:1.0.1) with JetifyTransform
Transforming resourceinspection-annotation-1.0.1.jar (androidx.resourceinspection:resourceinspection-annotation:1.0.1) with IdentityTransform
Transforming resourceinspection-annotation-1.0.1.jar (androidx.resourceinspection:resourceinspection-annotation:1.0.1) with EnumerateClassesTransform
Transforming savedstate-ktx-1.2.0.aar (androidx.savedstate:savedstate-ktx:1.2.0) with JetifyTransform
Transforming savedstate-ktx-1.2.0.aar (androidx.savedstate:savedstate-ktx:1.2.0) with AarToClassTransform
Transforming savedstate-ktx-1.2.0.aar (androidx.savedstate:savedstate-ktx:1.2.0) with EnumerateClassesTransform
Transforming savedstate-1.2.0.aar (androidx.savedstate:savedstate:1.2.0) with JetifyTransform
Transforming savedstate-1.2.0.aar (androidx.savedstate:savedstate:1.2.0) with AarToClassTransform
Transforming savedstate-1.2.0.aar (androidx.savedstate:savedstate:1.2.0) with EnumerateClassesTransform
Transforming concurrent-futures-1.0.0.jar (androidx.concurrent:concurrent-futures:1.0.0) with JetifyTransform
Transforming concurrent-futures-1.0.0.jar (androidx.concurrent:concurrent-futures:1.0.0) with IdentityTransform
Transforming concurrent-futures-1.0.0.jar (androidx.concurrent:concurrent-futures:1.0.0) with EnumerateClassesTransform
Transforming versionedparcelable-1.1.1.aar (androidx.versionedparcelable:versionedparcelable:1.1.1) with JetifyTransform
Transforming versionedparcelable-1.1.1.aar (androidx.versionedparcelable:versionedparcelable:1.1.1) with AarToClassTransform
Transforming versionedparcelable-1.1.1.aar (androidx.versionedparcelable:versionedparcelable:1.1.1) with EnumerateClassesTransform
Transforming startup-runtime-1.1.1.aar (androidx.startup:startup-runtime:1.1.1) with JetifyTransform
Transforming startup-runtime-1.1.1.aar (androidx.startup:startup-runtime:1.1.1) with AarToClassTransform
Transforming startup-runtime-1.1.1.aar (androidx.startup:startup-runtime:1.1.1) with EnumerateClassesTransform
Transforming tracing-1.0.0.aar (androidx.tracing:tracing:1.0.0) with JetifyTransform
Transforming tracing-1.0.0.aar (androidx.tracing:tracing:1.0.0) with AarToClassTransform
Transforming tracing-1.0.0.aar (androidx.tracing:tracing:1.0.0) with EnumerateClassesTransform
Transforming collection-1.1.0.jar (androidx.collection:collection:1.1.0) with JetifyTransform
Transforming collection-1.1.0.jar (androidx.collection:collection:1.1.0) with IdentityTransform
Transforming collection-1.1.0.jar (androidx.collection:collection:1.1.0) with EnumerateClassesTransform
Transforming lifecycle-livedata-2.0.0.aar (androidx.lifecycle:lifecycle-livedata:2.0.0) with JetifyTransform
Transforming lifecycle-livedata-2.0.0.aar (androidx.lifecycle:lifecycle-livedata:2.0.0) with AarToClassTransform
Transforming lifecycle-livedata-2.0.0.aar (androidx.lifecycle:lifecycle-livedata:2.0.0) with EnumerateClassesTransform
Transforming lifecycle-livedata-core-2.5.1.aar (androidx.lifecycle:lifecycle-livedata-core:2.5.1) with JetifyTransform
Transforming lifecycle-livedata-core-2.5.1.aar (androidx.lifecycle:lifecycle-livedata-core:2.5.1) with AarToClassTransform
Transforming lifecycle-livedata-core-2.5.1.aar (androidx.lifecycle:lifecycle-livedata-core:2.5.1) with EnumerateClassesTransform
Transforming lifecycle-livedata-core-2.5.1.aar (androidx.lifecycle:lifecycle-livedata-core:2.5.1) with JetifyTransform
Transforming lifecycle-livedata-core-2.5.1.aar (androidx.lifecycle:lifecycle-livedata-core:2.5.1) with AarToClassTransform
Transforming lifecycle-livedata-core-2.5.1.aar (androidx.lifecycle:lifecycle-livedata-core:2.5.1) with EnumerateClassesTransform
Transforming core-runtime-2.1.0.aar (androidx.arch.core:core-runtime:2.1.0) with JetifyTransform
Transforming core-runtime-2.1.0.aar (androidx.arch.core:core-runtime:2.1.0) with AarToClassTransform
Transforming core-runtime-2.1.0.aar (androidx.arch.core:core-runtime:2.1.0) with EnumerateClassesTransform
Transforming core-runtime-2.1.0.aar (androidx.arch.core:core-runtime:2.1.0) with JetifyTransform
Transforming core-runtime-2.1.0.aar (androidx.arch.core:core-runtime:2.1.0) with AarToClassTransform
Transforming core-runtime-2.1.0.aar (androidx.arch.core:core-runtime:2.1.0) with EnumerateClassesTransform
Transforming core-common-2.1.0.jar (androidx.arch.core:core-common:2.1.0) with JetifyTransform
Transforming core-common-2.1.0.jar (androidx.arch.core:core-common:2.1.0) with IdentityTransform
Transforming core-common-2.1.0.jar (androidx.arch.core:core-common:2.1.0) with EnumerateClassesTransform
Transforming lifecycle-common-2.5.1.jar (androidx.lifecycle:lifecycle-common:2.5.1) with JetifyTransform
Transforming lifecycle-common-2.5.1.jar (androidx.lifecycle:lifecycle-common:2.5.1) with IdentityTransform
Transforming lifecycle-common-2.5.1.jar (androidx.lifecycle:lifecycle-common:2.5.1) with EnumerateClassesTransform
Transforming interpolator-1.0.0.aar (androidx.interpolator:interpolator:1.0.0) with JetifyTransform
Transforming interpolator-1.0.0.aar (androidx.interpolator:interpolator:1.0.0) with AarToClassTransform
Transforming interpolator-1.0.0.aar (androidx.interpolator:interpolator:1.0.0) with EnumerateClassesTransform
Transforming okio-1.15.0.jar (com.squareup.okio:okio:1.15.0) with JetifyTransform
Transforming okio-1.15.0.jar (com.squareup.okio:okio:1.15.0) with IdentityTransform
Transforming okio-1.15.0.jar (com.squareup.okio:okio:1.15.0) with EnumerateClassesTransform
Transforming kotlinx-coroutines-core-jvm-1.6.1.jar (org.jetbrains.kotlinx:kotlinx-coroutines-core-jvm:1.6.1) with JetifyTransform
Transforming kotlinx-coroutines-core-jvm-1.6.1.jar (org.jetbrains.kotlinx:kotlinx-coroutines-core-jvm:1.6.1) with IdentityTransform
Transforming kotlinx-coroutines-core-jvm-1.6.1.jar (org.jetbrains.kotlinx:kotlinx-coroutines-core-jvm:1.6.1) with EnumerateClassesTransform
Transforming kotlinx-coroutines-android-1.6.1.jar (org.jetbrains.kotlinx:kotlinx-coroutines-android:1.6.1) with JetifyTransform
Transforming kotlinx-coroutines-android-1.6.1.jar (org.jetbrains.kotlinx:kotlinx-coroutines-android:1.6.1) with IdentityTransform
Transforming kotlinx-coroutines-android-1.6.1.jar (org.jetbrains.kotlinx:kotlinx-coroutines-android:1.6.1) with EnumerateClassesTransform
Transforming kotlin-stdlib-jdk8-1.9.0.jar (org.jetbrains.kotlin:kotlin-stdlib-jdk8:1.9.0) with JetifyTransform
Transforming kotlin-stdlib-jdk8-1.9.0.jar (org.jetbrains.kotlin:kotlin-stdlib-jdk8:1.9.0) with IdentityTransform
Transforming kotlin-stdlib-jdk8-1.9.0.jar (org.jetbrains.kotlin:kotlin-stdlib-jdk8:1.9.0) with EnumerateClassesTransform
Transforming kotlin-stdlib-jdk7-1.9.0.jar (org.jetbrains.kotlin:kotlin-stdlib-jdk7:1.9.0) with JetifyTransform
Transforming kotlin-stdlib-jdk7-1.9.0.jar (org.jetbrains.kotlin:kotlin-stdlib-jdk7:1.9.0) with IdentityTransform
Transforming kotlin-stdlib-jdk7-1.9.0.jar (org.jetbrains.kotlin:kotlin-stdlib-jdk7:1.9.0) with EnumerateClassesTransform
Transforming commons-lang3-3.9.jar (org.apache.commons:commons-lang3:3.9) with JetifyTransform
Transforming commons-lang3-3.9.jar (org.apache.commons:commons-lang3:3.9) with IdentityTransform
Transforming commons-lang3-3.9.jar (org.apache.commons:commons-lang3:3.9) with EnumerateClassesTransform
Transforming library-2.4.0.jar (com.nineoldandroids:library:2.4.0) with JetifyTransform
Transforming library-2.4.0.jar (com.nineoldandroids:library:2.4.0) with IdentityTransform
Transforming library-2.4.0.jar (com.nineoldandroids:library:2.4.0) with EnumerateClassesTransform
Transforming annotation-jvm-1.6.0.jar (androidx.annotation:annotation-jvm:1.6.0) with JetifyTransform
Transforming annotation-jvm-1.6.0.jar (androidx.annotation:annotation-jvm:1.6.0) with IdentityTransform
Transforming annotation-jvm-1.6.0.jar (androidx.annotation:annotation-jvm:1.6.0) with EnumerateClassesTransform
Transforming annotation-experimental-1.3.0.aar (androidx.annotation:annotation-experimental:1.3.0) with JetifyTransform
Transforming annotation-experimental-1.3.0.aar (androidx.annotation:annotation-experimental:1.3.0) with AarToClassTransform
Transforming annotation-experimental-1.3.0.aar (androidx.annotation:annotation-experimental:1.3.0) with EnumerateClassesTransform
Transforming kotlin-stdlib-1.9.0.jar (org.jetbrains.kotlin:kotlin-stdlib:1.9.0) with JetifyTransform
Transforming kotlin-stdlib-1.9.0.jar (org.jetbrains.kotlin:kotlin-stdlib:1.9.0) with IdentityTransform
Transforming kotlin-stdlib-1.9.0.jar (org.jetbrains.kotlin:kotlin-stdlib:1.9.0) with EnumerateClassesTransform
Transforming constraintlayout-core-1.0.4.jar (androidx.constraintlayout:constraintlayout-core:1.0.4) with JetifyTransform
Transforming constraintlayout-core-1.0.4.jar (androidx.constraintlayout:constraintlayout-core:1.0.4) with IdentityTransform
Transforming constraintlayout-core-1.0.4.jar (androidx.constraintlayout:constraintlayout-core:1.0.4) with EnumerateClassesTransform
Transforming kotlin-stdlib-common-1.9.0.jar (org.jetbrains.kotlin:kotlin-stdlib-common:1.9.0) with JetifyTransform
Transforming kotlin-stdlib-common-1.9.0.jar (org.jetbrains.kotlin:kotlin-stdlib-common:1.9.0) with IdentityTransform
Transforming kotlin-stdlib-common-1.9.0.jar (org.jetbrains.kotlin:kotlin-stdlib-common:1.9.0) with EnumerateClassesTransform
Transforming annotations-13.0.jar (org.jetbrains:annotations:13.0) with JetifyTransform
Transforming annotations-13.0.jar (org.jetbrains:annotations:13.0) with IdentityTransform
Transforming annotations-13.0.jar (org.jetbrains:annotations:13.0) with EnumerateClassesTransform
Transforming listenablefuture-1.0.jar (com.google.guava:listenablefuture:1.0) with JetifyTransform
Transforming listenablefuture-1.0.jar (com.google.guava:listenablefuture:1.0) with IdentityTransform
Transforming listenablefuture-1.0.jar (com.google.guava:listenablefuture:1.0) with EnumerateClassesTransform
Caching disabled for task ':app:checkDebugDuplicateClasses' because:
  Build cache is disabled
  Caching has been disabled for the task
Skipping task ':app:checkDebugDuplicateClasses' as it is up-to-date.
Resolve mutations for :app:mergeExtDexDebug (Thread[#383,Execution worker Thread 3,5,main]) started.
:app:mergeExtDexDebug (Thread[#383,Execution worker Thread 3,5,main]) started.

> Task :app:mergeExtDexDebug UP-TO-DATE
Transforming constraintlayout-2.1.4.aar (androidx.constraintlayout:constraintlayout:2.1.4) with JetifyTransform
Transforming constraintlayout-2.1.4.aar (androidx.constraintlayout:constraintlayout:2.1.4) with AarToClassTransform
Transforming appcompat-resources-1.6.1.aar (androidx.appcompat:appcompat-resources:1.6.1) with JetifyTransform
Transforming appcompat-resources-1.6.1.aar (androidx.appcompat:appcompat-resources:1.6.1) with AarToClassTransform
Transforming appcompat-1.6.1.aar (androidx.appcompat:appcompat:1.6.1) with JetifyTransform
Transforming appcompat-1.6.1.aar (androidx.appcompat:appcompat:1.6.1) with AarToClassTransform
Transforming drawerlayout-1.0.0.aar (androidx.drawerlayout:drawerlayout:1.0.0) with JetifyTransform
Transforming drawerlayout-1.0.0.aar (androidx.drawerlayout:drawerlayout:1.0.0) with AarToClassTransform
Transforming fragment-1.3.6.aar (androidx.fragment:fragment:1.3.6) with JetifyTransform
Transforming fragment-1.3.6.aar (androidx.fragment:fragment:1.3.6) with AarToClassTransform
Transforming viewpager-1.0.0.aar (androidx.viewpager:viewpager:1.0.0) with JetifyTransform
Transforming viewpager-1.0.0.aar (androidx.viewpager:viewpager:1.0.0) with AarToClassTransform
Transforming customview-1.0.0.aar (androidx.customview:customview:1.0.0) with JetifyTransform
Transforming customview-1.0.0.aar (androidx.customview:customview:1.0.0) with AarToClassTransform
Transforming activity-1.6.0.aar (androidx.activity:activity:1.6.0) with JetifyTransform
Transforming activity-1.6.0.aar (androidx.activity:activity:1.6.0) with AarToClassTransform
Transforming emoji2-views-helper-1.2.0.aar (androidx.emoji2:emoji2-views-helper:1.2.0) with JetifyTransform
Transforming emoji2-views-helper-1.2.0.aar (androidx.emoji2:emoji2-views-helper:1.2.0) with AarToClassTransform
Transforming emoji2-1.2.0.aar (androidx.emoji2:emoji2:1.2.0) with JetifyTransform
Transforming emoji2-1.2.0.aar (androidx.emoji2:emoji2:1.2.0) with AarToClassTransform
Transforming loader-1.0.0.aar (androidx.loader:loader:1.0.0) with JetifyTransform
Transforming loader-1.0.0.aar (androidx.loader:loader:1.0.0) with AarToClassTransform
Transforming lifecycle-viewmodel-2.5.1.aar (androidx.lifecycle:lifecycle-viewmodel:2.5.1) with JetifyTransform
Transforming lifecycle-viewmodel-2.5.1.aar (androidx.lifecycle:lifecycle-viewmodel:2.5.1) with AarToClassTransform
Transforming lifecycle-viewmodel-2.5.1.aar (androidx.lifecycle:lifecycle-viewmodel:2.5.1) with JetifyTransform
Transforming lifecycle-viewmodel-2.5.1.aar (androidx.lifecycle:lifecycle-viewmodel:2.5.1) with AarToClassTransform
Transforming lifecycle-viewmodel-savedstate-2.5.1.aar (androidx.lifecycle:lifecycle-viewmodel-savedstate:2.5.1) with JetifyTransform
Transforming lifecycle-viewmodel-savedstate-2.5.1.aar (androidx.lifecycle:lifecycle-viewmodel-savedstate:2.5.1) with AarToClassTransform
Transforming core-ktx-1.9.0.aar (androidx.core:core-ktx:1.9.0) with JetifyTransform
Transforming core-ktx-1.9.0.aar (androidx.core:core-ktx:1.9.0) with AarToClassTransform
Transforming vectordrawable-animated-1.1.0.aar (androidx.vectordrawable:vectordrawable-animated:1.1.0) with JetifyTransform
Transforming vectordrawable-animated-1.1.0.aar (androidx.vectordrawable:vectordrawable-animated:1.1.0) with AarToClassTransform
Transforming vectordrawable-1.1.0.aar (androidx.vectordrawable:vectordrawable:1.1.0) with JetifyTransform
Transforming vectordrawable-1.1.0.aar (androidx.vectordrawable:vectordrawable:1.1.0) with AarToClassTransform
Transforming vectordrawable-1.1.0.aar (androidx.vectordrawable:vectordrawable:1.1.0) with JetifyTransform
Transforming vectordrawable-1.1.0.aar (androidx.vectordrawable:vectordrawable:1.1.0) with AarToClassTransform
Transforming core-1.9.0.aar (androidx.core:core:1.9.0) with JetifyTransform
Transforming core-1.9.0.aar (androidx.core:core:1.9.0) with AarToClassTransform
Transforming core-1.9.0.aar (androidx.core:core:1.9.0) with JetifyTransform
Transforming core-1.9.0.aar (androidx.core:core:1.9.0) with AarToClassTransform
Transforming cursoradapter-1.0.0.aar (androidx.cursoradapter:cursoradapter:1.0.0) with JetifyTransform
Transforming cursoradapter-1.0.0.aar (androidx.cursoradapter:cursoradapter:1.0.0) with AarToClassTransform
Transforming lifecycle-process-2.4.1.aar (androidx.lifecycle:lifecycle-process:2.4.1) with JetifyTransform
Transforming lifecycle-process-2.4.1.aar (androidx.lifecycle:lifecycle-process:2.4.1) with AarToClassTransform
Transforming lifecycle-runtime-2.5.1.aar (androidx.lifecycle:lifecycle-runtime:2.5.1) with JetifyTransform
Transforming lifecycle-runtime-2.5.1.aar (androidx.lifecycle:lifecycle-runtime:2.5.1) with AarToClassTransform
Transforming resourceinspection-annotation-1.0.1.jar (androidx.resourceinspection:resourceinspection-annotation:1.0.1) with JetifyTransform
Transforming resourceinspection-annotation-1.0.1.jar (androidx.resourceinspection:resourceinspection-annotation:1.0.1) with IdentityTransform
Transforming savedstate-1.2.0.aar (androidx.savedstate:savedstate:1.2.0) with JetifyTransform
Transforming savedstate-1.2.0.aar (androidx.savedstate:savedstate:1.2.0) with AarToClassTransform
Transforming concurrent-futures-1.0.0.jar (androidx.concurrent:concurrent-futures:1.0.0) with JetifyTransform
Transforming concurrent-futures-1.0.0.jar (androidx.concurrent:concurrent-futures:1.0.0) with IdentityTransform
Transforming versionedparcelable-1.1.1.aar (androidx.versionedparcelable:versionedparcelable:1.1.1) with JetifyTransform
Transforming versionedparcelable-1.1.1.aar (androidx.versionedparcelable:versionedparcelable:1.1.1) with AarToClassTransform
Transforming startup-runtime-1.1.1.aar (androidx.startup:startup-runtime:1.1.1) with JetifyTransform
Transforming startup-runtime-1.1.1.aar (androidx.startup:startup-runtime:1.1.1) with AarToClassTransform
Transforming tracing-1.0.0.aar (androidx.tracing:tracing:1.0.0) with JetifyTransform
Transforming tracing-1.0.0.aar (androidx.tracing:tracing:1.0.0) with AarToClassTransform
Transforming collection-1.1.0.jar (androidx.collection:collection:1.1.0) with JetifyTransform
Transforming collection-1.1.0.jar (androidx.collection:collection:1.1.0) with IdentityTransform
Transforming lifecycle-livedata-2.0.0.aar (androidx.lifecycle:lifecycle-livedata:2.0.0) with JetifyTransform
Transforming lifecycle-livedata-2.0.0.aar (androidx.lifecycle:lifecycle-livedata:2.0.0) with AarToClassTransform
Transforming lifecycle-livedata-core-2.5.1.aar (androidx.lifecycle:lifecycle-livedata-core:2.5.1) with JetifyTransform
Transforming lifecycle-livedata-core-2.5.1.aar (androidx.lifecycle:lifecycle-livedata-core:2.5.1) with AarToClassTransform
Transforming lifecycle-livedata-core-2.5.1.aar (androidx.lifecycle:lifecycle-livedata-core:2.5.1) with JetifyTransform
Transforming lifecycle-livedata-core-2.5.1.aar (androidx.lifecycle:lifecycle-livedata-core:2.5.1) with AarToClassTransform
Transforming core-runtime-2.1.0.aar (androidx.arch.core:core-runtime:2.1.0) with JetifyTransform
Transforming core-runtime-2.1.0.aar (androidx.arch.core:core-runtime:2.1.0) with AarToClassTransform
Transforming core-runtime-2.1.0.aar (androidx.arch.core:core-runtime:2.1.0) with JetifyTransform
Transforming core-runtime-2.1.0.aar (androidx.arch.core:core-runtime:2.1.0) with AarToClassTransform
Transforming core-common-2.1.0.jar (androidx.arch.core:core-common:2.1.0) with JetifyTransform
Transforming core-common-2.1.0.jar (androidx.arch.core:core-common:2.1.0) with IdentityTransform
Transforming lifecycle-common-2.5.1.jar (androidx.lifecycle:lifecycle-common:2.5.1) with JetifyTransform
Transforming lifecycle-common-2.5.1.jar (androidx.lifecycle:lifecycle-common:2.5.1) with IdentityTransform
Transforming interpolator-1.0.0.aar (androidx.interpolator:interpolator:1.0.0) with JetifyTransform
Transforming interpolator-1.0.0.aar (androidx.interpolator:interpolator:1.0.0) with AarToClassTransform
Transforming kotlinx-coroutines-core-jvm-1.6.1.jar (org.jetbrains.kotlinx:kotlinx-coroutines-core-jvm:1.6.1) with JetifyTransform
Transforming kotlinx-coroutines-core-jvm-1.6.1.jar (org.jetbrains.kotlinx:kotlinx-coroutines-core-jvm:1.6.1) with IdentityTransform
Transforming kotlinx-coroutines-android-1.6.1.jar (org.jetbrains.kotlinx:kotlinx-coroutines-android:1.6.1) with JetifyTransform
Transforming kotlinx-coroutines-android-1.6.1.jar (org.jetbrains.kotlinx:kotlinx-coroutines-android:1.6.1) with IdentityTransform
Transforming kotlin-stdlib-jdk8-1.9.0.jar (org.jetbrains.kotlin:kotlin-stdlib-jdk8:1.9.0) with JetifyTransform
Transforming kotlin-stdlib-jdk8-1.9.0.jar (org.jetbrains.kotlin:kotlin-stdlib-jdk8:1.9.0) with IdentityTransform
Transforming kotlin-stdlib-jdk7-1.9.0.jar (org.jetbrains.kotlin:kotlin-stdlib-jdk7:1.9.0) with JetifyTransform
Transforming kotlin-stdlib-jdk7-1.9.0.jar (org.jetbrains.kotlin:kotlin-stdlib-jdk7:1.9.0) with IdentityTransform
Transforming annotation-jvm-1.6.0.jar (androidx.annotation:annotation-jvm:1.6.0) with JetifyTransform
Transforming annotation-jvm-1.6.0.jar (androidx.annotation:annotation-jvm:1.6.0) with IdentityTransform
Transforming annotation-experimental-1.3.0.aar (androidx.annotation:annotation-experimental:1.3.0) with JetifyTransform
Transforming annotation-experimental-1.3.0.aar (androidx.annotation:annotation-experimental:1.3.0) with AarToClassTransform
Transforming kotlin-stdlib-1.9.0.jar (org.jetbrains.kotlin:kotlin-stdlib:1.9.0) with JetifyTransform
Transforming kotlin-stdlib-1.9.0.jar (org.jetbrains.kotlin:kotlin-stdlib:1.9.0) with IdentityTransform
Transforming constraintlayout-core-1.0.4.jar (androidx.constraintlayout:constraintlayout-core:1.0.4) with JetifyTransform
Transforming constraintlayout-core-1.0.4.jar (androidx.constraintlayout:constraintlayout-core:1.0.4) with IdentityTransform
Transforming kotlin-stdlib-common-1.9.0.jar (org.jetbrains.kotlin:kotlin-stdlib-common:1.9.0) with JetifyTransform
Transforming kotlin-stdlib-common-1.9.0.jar (org.jetbrains.kotlin:kotlin-stdlib-common:1.9.0) with IdentityTransform
Transforming annotations-13.0.jar (org.jetbrains:annotations:13.0) with JetifyTransform
Transforming annotations-13.0.jar (org.jetbrains:annotations:13.0) with IdentityTransform
Transforming listenablefuture-1.0.jar (com.google.guava:listenablefuture:1.0) with JetifyTransform
Transforming listenablefuture-1.0.jar (com.google.guava:listenablefuture:1.0) with IdentityTransform
Transforming AppIntro-6.3.1.aar (com.github.AppIntro:AppIntro:6.3.1) with JetifyTransform
Transforming AppIntro-6.3.1.aar (com.github.AppIntro:AppIntro:6.3.1) with AarToClassTransform
Transforming AppIntro-6.3.1.aar (com.github.AppIntro:AppIntro:6.3.1) with DexingWithClasspathTransform
Transforming AppIntro-6.3.1.aar (com.github.AppIntro:AppIntro:6.3.1) with DexingOutputSplitTransform
Transforming activity-ktx-1.6.0.aar (androidx.activity:activity-ktx:1.6.0) with JetifyTransform
Transforming activity-ktx-1.6.0.aar (androidx.activity:activity-ktx:1.6.0) with AarToClassTransform
Transforming lifecycle-viewmodel-ktx-2.5.1.aar (androidx.lifecycle:lifecycle-viewmodel-ktx:2.5.1) with JetifyTransform
Transforming lifecycle-viewmodel-ktx-2.5.1.aar (androidx.lifecycle:lifecycle-viewmodel-ktx:2.5.1) with AarToClassTransform
Transforming lifecycle-runtime-ktx-2.5.1.aar (androidx.lifecycle:lifecycle-runtime-ktx:2.5.1) with JetifyTransform
Transforming lifecycle-runtime-ktx-2.5.1.aar (androidx.lifecycle:lifecycle-runtime-ktx:2.5.1) with AarToClassTransform
Transforming savedstate-ktx-1.2.0.aar (androidx.savedstate:savedstate-ktx:1.2.0) with JetifyTransform
Transforming savedstate-ktx-1.2.0.aar (androidx.savedstate:savedstate-ktx:1.2.0) with AarToClassTransform
Transforming localization-1.2.11.aar (com.akexorcist:localization:1.2.11) with JetifyTransform
Transforming localization-1.2.11.aar (com.akexorcist:localization:1.2.11) with AarToClassTransform
Transforming localization-1.2.11.aar (com.akexorcist:localization:1.2.11) with DexingWithClasspathTransform
Transforming localization-1.2.11.aar (com.akexorcist:localization:1.2.11) with DexingOutputSplitTransform
Transforming constraintlayout-2.1.4.aar (androidx.constraintlayout:constraintlayout:2.1.4) with JetifyTransform
Transforming constraintlayout-2.1.4.aar (androidx.constraintlayout:constraintlayout:2.1.4) with AarToClassTransform
Transforming constraintlayout-2.1.4.aar (androidx.constraintlayout:constraintlayout:2.1.4) with DexingWithClasspathTransform
Transforming constraintlayout-2.1.4.aar (androidx.constraintlayout:constraintlayout:2.1.4) with DexingOutputSplitTransform
Transforming appcompat-resources-1.6.1.aar (androidx.appcompat:appcompat-resources:1.6.1) with JetifyTransform
Transforming appcompat-resources-1.6.1.aar (androidx.appcompat:appcompat-resources:1.6.1) with AarToClassTransform
Transforming appcompat-resources-1.6.1.aar (androidx.appcompat:appcompat-resources:1.6.1) with DexingWithClasspathTransform
Transforming appcompat-resources-1.6.1.aar (androidx.appcompat:appcompat-resources:1.6.1) with DexingOutputSplitTransform
Transforming appcompat-1.6.1.aar (androidx.appcompat:appcompat:1.6.1) with JetifyTransform
Transforming appcompat-1.6.1.aar (androidx.appcompat:appcompat:1.6.1) with AarToClassTransform
Transforming appcompat-1.6.1.aar (androidx.appcompat:appcompat:1.6.1) with DexingWithClasspathTransform
Transforming appcompat-1.6.1.aar (androidx.appcompat:appcompat:1.6.1) with DexingOutputSplitTransform
Transforming okio-1.15.0.jar (com.squareup.okio:okio:1.15.0) with JetifyTransform
Transforming okio-1.15.0.jar (com.squareup.okio:okio:1.15.0) with IdentityTransform
Transforming okhttp-3.12.1.jar (com.squareup.okhttp3:okhttp:3.12.1) with JetifyTransform
Transforming okhttp-3.12.1.jar (com.squareup.okhttp3:okhttp:3.12.1) with IdentityTransform
Transforming okhttp-3.12.1.jar (com.squareup.okhttp3:okhttp:3.12.1) with DexingWithClasspathTransform
Transforming okhttp-3.12.1.jar (com.squareup.okhttp3:okhttp:3.12.1) with DexingOutputSplitTransform
Transforming commons-lang3-3.9.jar (org.apache.commons:commons-lang3:3.9) with JetifyTransform
Transforming commons-lang3-3.9.jar (org.apache.commons:commons-lang3:3.9) with IdentityTransform
Transforming commons-text-1.8.jar (org.apache.commons:commons-text:1.8) with JetifyTransform
Transforming commons-text-1.8.jar (org.apache.commons:commons-text:1.8) with IdentityTransform
Transforming commons-text-1.8.jar (org.apache.commons:commons-text:1.8) with DexingWithClasspathTransform
Transforming commons-text-1.8.jar (org.apache.commons:commons-text:1.8) with DexingOutputSplitTransform
Transforming recyclerview-1.1.0.aar (androidx.recyclerview:recyclerview:1.1.0) with JetifyTransform
Transforming recyclerview-1.1.0.aar (androidx.recyclerview:recyclerview:1.1.0) with AarToClassTransform
Transforming library-2.4.0.jar (com.nineoldandroids:library:2.4.0) with JetifyTransform
Transforming library-2.4.0.jar (com.nineoldandroids:library:2.4.0) with IdentityTransform
Transforming floatingactionbutton-1.3.0.aar (com.melnykov:floatingactionbutton:1.3.0) with JetifyTransform
Transforming floatingactionbutton-1.3.0.aar (com.melnykov:floatingactionbutton:1.3.0) with AarToClassTransform
Transforming floatingactionbutton-1.3.0.aar (com.melnykov:floatingactionbutton:1.3.0) with DexingWithClasspathTransform
Transforming floatingactionbutton-1.3.0.aar (com.melnykov:floatingactionbutton:1.3.0) with DexingOutputSplitTransform
Transforming recyclerview-1.1.0.aar (androidx.recyclerview:recyclerview:1.1.0) with JetifyTransform
Transforming recyclerview-1.1.0.aar (androidx.recyclerview:recyclerview:1.1.0) with AarToClassTransform
Transforming recyclerview-1.1.0.aar (androidx.recyclerview:recyclerview:1.1.0) with DexingWithClasspathTransform
Transforming recyclerview-1.1.0.aar (androidx.recyclerview:recyclerview:1.1.0) with DexingOutputSplitTransform
Transforming drawerlayout-1.0.0.aar (androidx.drawerlayout:drawerlayout:1.0.0) with JetifyTransform
Transforming drawerlayout-1.0.0.aar (androidx.drawerlayout:drawerlayout:1.0.0) with AarToClassTransform
Transforming drawerlayout-1.0.0.aar (androidx.drawerlayout:drawerlayout:1.0.0) with DexingWithClasspathTransform
Transforming drawerlayout-1.0.0.aar (androidx.drawerlayout:drawerlayout:1.0.0) with DexingOutputSplitTransform
Transforming fragment-1.3.6.aar (androidx.fragment:fragment:1.3.6) with JetifyTransform
Transforming fragment-1.3.6.aar (androidx.fragment:fragment:1.3.6) with AarToClassTransform
Transforming fragment-1.3.6.aar (androidx.fragment:fragment:1.3.6) with DexingWithClasspathTransform
Transforming fragment-1.3.6.aar (androidx.fragment:fragment:1.3.6) with DexingOutputSplitTransform
Transforming viewpager-1.0.0.aar (androidx.viewpager:viewpager:1.0.0) with JetifyTransform
Transforming viewpager-1.0.0.aar (androidx.viewpager:viewpager:1.0.0) with AarToClassTransform
Transforming viewpager-1.0.0.aar (androidx.viewpager:viewpager:1.0.0) with DexingWithClasspathTransform
Transforming viewpager-1.0.0.aar (androidx.viewpager:viewpager:1.0.0) with DexingOutputSplitTransform
Transforming customview-1.0.0.aar (androidx.customview:customview:1.0.0) with JetifyTransform
Transforming customview-1.0.0.aar (androidx.customview:customview:1.0.0) with AarToClassTransform
Transforming customview-1.0.0.aar (androidx.customview:customview:1.0.0) with DexingWithClasspathTransform
Transforming customview-1.0.0.aar (androidx.customview:customview:1.0.0) with DexingOutputSplitTransform
Transforming activity-ktx-1.6.0.aar (androidx.activity:activity-ktx:1.6.0) with JetifyTransform
Transforming activity-ktx-1.6.0.aar (androidx.activity:activity-ktx:1.6.0) with AarToClassTransform
Transforming activity-ktx-1.6.0.aar (androidx.activity:activity-ktx:1.6.0) with DexingWithClasspathTransform
Transforming activity-ktx-1.6.0.aar (androidx.activity:activity-ktx:1.6.0) with DexingOutputSplitTransform
Transforming activity-1.6.0.aar (androidx.activity:activity:1.6.0) with JetifyTransform
Transforming activity-1.6.0.aar (androidx.activity:activity:1.6.0) with AarToClassTransform
Transforming activity-1.6.0.aar (androidx.activity:activity:1.6.0) with DexingWithClasspathTransform
Transforming activity-1.6.0.aar (androidx.activity:activity:1.6.0) with DexingOutputSplitTransform
Transforming emoji2-views-helper-1.2.0.aar (androidx.emoji2:emoji2-views-helper:1.2.0) with JetifyTransform
Transforming emoji2-views-helper-1.2.0.aar (androidx.emoji2:emoji2-views-helper:1.2.0) with AarToClassTransform
Transforming emoji2-views-helper-1.2.0.aar (androidx.emoji2:emoji2-views-helper:1.2.0) with DexingWithClasspathTransform
Transforming emoji2-views-helper-1.2.0.aar (androidx.emoji2:emoji2-views-helper:1.2.0) with DexingOutputSplitTransform
Transforming emoji2-1.2.0.aar (androidx.emoji2:emoji2:1.2.0) with JetifyTransform
Transforming emoji2-1.2.0.aar (androidx.emoji2:emoji2:1.2.0) with AarToClassTransform
Transforming emoji2-1.2.0.aar (androidx.emoji2:emoji2:1.2.0) with DexingWithClasspathTransform
Transforming emoji2-1.2.0.aar (androidx.emoji2:emoji2:1.2.0) with DexingOutputSplitTransform
Transforming loader-1.0.0.aar (androidx.loader:loader:1.0.0) with JetifyTransform
Transforming loader-1.0.0.aar (androidx.loader:loader:1.0.0) with AarToClassTransform
Transforming loader-1.0.0.aar (androidx.loader:loader:1.0.0) with DexingWithClasspathTransform
Transforming loader-1.0.0.aar (androidx.loader:loader:1.0.0) with DexingOutputSplitTransform
Transforming lifecycle-viewmodel-ktx-2.5.1.aar (androidx.lifecycle:lifecycle-viewmodel-ktx:2.5.1) with JetifyTransform
Transforming lifecycle-viewmodel-ktx-2.5.1.aar (androidx.lifecycle:lifecycle-viewmodel-ktx:2.5.1) with AarToClassTransform
Transforming lifecycle-viewmodel-ktx-2.5.1.aar (androidx.lifecycle:lifecycle-viewmodel-ktx:2.5.1) with DexingWithClasspathTransform
Transforming lifecycle-viewmodel-ktx-2.5.1.aar (androidx.lifecycle:lifecycle-viewmodel-ktx:2.5.1) with DexingOutputSplitTransform
Transforming lifecycle-viewmodel-2.5.1.aar (androidx.lifecycle:lifecycle-viewmodel:2.5.1) with JetifyTransform
Transforming lifecycle-viewmodel-2.5.1.aar (androidx.lifecycle:lifecycle-viewmodel:2.5.1) with AarToClassTransform
Transforming lifecycle-viewmodel-2.5.1.aar (androidx.lifecycle:lifecycle-viewmodel:2.5.1) with DexingWithClasspathTransform
Transforming lifecycle-viewmodel-2.5.1.aar (androidx.lifecycle:lifecycle-viewmodel:2.5.1) with DexingOutputSplitTransform
Transforming lifecycle-viewmodel-2.5.1.aar (androidx.lifecycle:lifecycle-viewmodel:2.5.1) with JetifyTransform
Transforming lifecycle-viewmodel-2.5.1.aar (androidx.lifecycle:lifecycle-viewmodel:2.5.1) with AarToClassTransform
Transforming lifecycle-viewmodel-2.5.1.aar (androidx.lifecycle:lifecycle-viewmodel:2.5.1) with DexingWithClasspathTransform
Transforming lifecycle-viewmodel-2.5.1.aar (androidx.lifecycle:lifecycle-viewmodel:2.5.1) with DexingOutputSplitTransform
Transforming lifecycle-viewmodel-savedstate-2.5.1.aar (androidx.lifecycle:lifecycle-viewmodel-savedstate:2.5.1) with JetifyTransform
Transforming lifecycle-viewmodel-savedstate-2.5.1.aar (androidx.lifecycle:lifecycle-viewmodel-savedstate:2.5.1) with AarToClassTransform
Transforming lifecycle-viewmodel-savedstate-2.5.1.aar (androidx.lifecycle:lifecycle-viewmodel-savedstate:2.5.1) with DexingWithClasspathTransform
Transforming lifecycle-viewmodel-savedstate-2.5.1.aar (androidx.lifecycle:lifecycle-viewmodel-savedstate:2.5.1) with DexingOutputSplitTransform
Transforming core-ktx-1.9.0.aar (androidx.core:core-ktx:1.9.0) with JetifyTransform
Transforming core-ktx-1.9.0.aar (androidx.core:core-ktx:1.9.0) with AarToClassTransform
Transforming core-ktx-1.9.0.aar (androidx.core:core-ktx:1.9.0) with DexingWithClasspathTransform
Transforming core-ktx-1.9.0.aar (androidx.core:core-ktx:1.9.0) with DexingOutputSplitTransform
Transforming vectordrawable-animated-1.1.0.aar (androidx.vectordrawable:vectordrawable-animated:1.1.0) with JetifyTransform
Transforming vectordrawable-animated-1.1.0.aar (androidx.vectordrawable:vectordrawable-animated:1.1.0) with AarToClassTransform
Transforming vectordrawable-animated-1.1.0.aar (androidx.vectordrawable:vectordrawable-animated:1.1.0) with DexingWithClasspathTransform
Transforming vectordrawable-animated-1.1.0.aar (androidx.vectordrawable:vectordrawable-animated:1.1.0) with DexingOutputSplitTransform
Transforming vectordrawable-1.1.0.aar (androidx.vectordrawable:vectordrawable:1.1.0) with JetifyTransform
Transforming vectordrawable-1.1.0.aar (androidx.vectordrawable:vectordrawable:1.1.0) with AarToClassTransform
Transforming vectordrawable-1.1.0.aar (androidx.vectordrawable:vectordrawable:1.1.0) with DexingWithClasspathTransform
Transforming vectordrawable-1.1.0.aar (androidx.vectordrawable:vectordrawable:1.1.0) with DexingOutputSplitTransform
Transforming vectordrawable-1.1.0.aar (androidx.vectordrawable:vectordrawable:1.1.0) with JetifyTransform
Transforming vectordrawable-1.1.0.aar (androidx.vectordrawable:vectordrawable:1.1.0) with AarToClassTransform
Transforming vectordrawable-1.1.0.aar (androidx.vectordrawable:vectordrawable:1.1.0) with DexingWithClasspathTransform
Transforming vectordrawable-1.1.0.aar (androidx.vectordrawable:vectordrawable:1.1.0) with DexingOutputSplitTransform
Transforming core-1.9.0.aar (androidx.core:core:1.9.0) with JetifyTransform
Transforming core-1.9.0.aar (androidx.core:core:1.9.0) with AarToClassTransform
Transforming core-1.9.0.aar (androidx.core:core:1.9.0) with DexingWithClasspathTransform
Transforming core-1.9.0.aar (androidx.core:core:1.9.0) with DexingOutputSplitTransform
Transforming core-1.9.0.aar (androidx.core:core:1.9.0) with JetifyTransform
Transforming core-1.9.0.aar (androidx.core:core:1.9.0) with AarToClassTransform
Transforming core-1.9.0.aar (androidx.core:core:1.9.0) with DexingWithClasspathTransform
Transforming core-1.9.0.aar (androidx.core:core:1.9.0) with DexingOutputSplitTransform
Transforming cursoradapter-1.0.0.aar (androidx.cursoradapter:cursoradapter:1.0.0) with JetifyTransform
Transforming cursoradapter-1.0.0.aar (androidx.cursoradapter:cursoradapter:1.0.0) with AarToClassTransform
Transforming cursoradapter-1.0.0.aar (androidx.cursoradapter:cursoradapter:1.0.0) with DexingWithClasspathTransform
Transforming cursoradapter-1.0.0.aar (androidx.cursoradapter:cursoradapter:1.0.0) with DexingOutputSplitTransform
Transforming lifecycle-process-2.4.1.aar (androidx.lifecycle:lifecycle-process:2.4.1) with JetifyTransform
Transforming lifecycle-process-2.4.1.aar (androidx.lifecycle:lifecycle-process:2.4.1) with AarToClassTransform
Transforming lifecycle-process-2.4.1.aar (androidx.lifecycle:lifecycle-process:2.4.1) with DexingWithClasspathTransform
Transforming lifecycle-process-2.4.1.aar (androidx.lifecycle:lifecycle-process:2.4.1) with DexingOutputSplitTransform
Transforming lifecycle-runtime-ktx-2.5.1.aar (androidx.lifecycle:lifecycle-runtime-ktx:2.5.1) with JetifyTransform
Transforming lifecycle-runtime-ktx-2.5.1.aar (androidx.lifecycle:lifecycle-runtime-ktx:2.5.1) with AarToClassTransform
Transforming lifecycle-runtime-ktx-2.5.1.aar (androidx.lifecycle:lifecycle-runtime-ktx:2.5.1) with DexingWithClasspathTransform
Transforming lifecycle-runtime-ktx-2.5.1.aar (androidx.lifecycle:lifecycle-runtime-ktx:2.5.1) with DexingOutputSplitTransform
Transforming lifecycle-runtime-2.5.1.aar (androidx.lifecycle:lifecycle-runtime:2.5.1) with JetifyTransform
Transforming lifecycle-runtime-2.5.1.aar (androidx.lifecycle:lifecycle-runtime:2.5.1) with AarToClassTransform
Transforming lifecycle-runtime-2.5.1.aar (androidx.lifecycle:lifecycle-runtime:2.5.1) with DexingWithClasspathTransform
Transforming lifecycle-runtime-2.5.1.aar (androidx.lifecycle:lifecycle-runtime:2.5.1) with DexingOutputSplitTransform
Transforming resourceinspection-annotation-1.0.1.jar (androidx.resourceinspection:resourceinspection-annotation:1.0.1) with JetifyTransform
Transforming resourceinspection-annotation-1.0.1.jar (androidx.resourceinspection:resourceinspection-annotation:1.0.1) with IdentityTransform
Transforming resourceinspection-annotation-1.0.1.jar (androidx.resourceinspection:resourceinspection-annotation:1.0.1) with DexingWithClasspathTransform
Transforming resourceinspection-annotation-1.0.1.jar (androidx.resourceinspection:resourceinspection-annotation:1.0.1) with DexingOutputSplitTransform
Transforming savedstate-ktx-1.2.0.aar (androidx.savedstate:savedstate-ktx:1.2.0) with JetifyTransform
Transforming savedstate-ktx-1.2.0.aar (androidx.savedstate:savedstate-ktx:1.2.0) with AarToClassTransform
Transforming savedstate-ktx-1.2.0.aar (androidx.savedstate:savedstate-ktx:1.2.0) with DexingWithClasspathTransform
Transforming savedstate-ktx-1.2.0.aar (androidx.savedstate:savedstate-ktx:1.2.0) with DexingOutputSplitTransform
Transforming savedstate-1.2.0.aar (androidx.savedstate:savedstate:1.2.0) with JetifyTransform
Transforming savedstate-1.2.0.aar (androidx.savedstate:savedstate:1.2.0) with AarToClassTransform
Transforming savedstate-1.2.0.aar (androidx.savedstate:savedstate:1.2.0) with DexingWithClasspathTransform
Transforming savedstate-1.2.0.aar (androidx.savedstate:savedstate:1.2.0) with DexingOutputSplitTransform
Transforming concurrent-futures-1.0.0.jar (androidx.concurrent:concurrent-futures:1.0.0) with JetifyTransform
Transforming concurrent-futures-1.0.0.jar (androidx.concurrent:concurrent-futures:1.0.0) with IdentityTransform
Transforming concurrent-futures-1.0.0.jar (androidx.concurrent:concurrent-futures:1.0.0) with DexingWithClasspathTransform
Transforming concurrent-futures-1.0.0.jar (androidx.concurrent:concurrent-futures:1.0.0) with DexingOutputSplitTransform
Transforming versionedparcelable-1.1.1.aar (androidx.versionedparcelable:versionedparcelable:1.1.1) with JetifyTransform
Transforming versionedparcelable-1.1.1.aar (androidx.versionedparcelable:versionedparcelable:1.1.1) with AarToClassTransform
Transforming versionedparcelable-1.1.1.aar (androidx.versionedparcelable:versionedparcelable:1.1.1) with DexingWithClasspathTransform
Transforming versionedparcelable-1.1.1.aar (androidx.versionedparcelable:versionedparcelable:1.1.1) with DexingOutputSplitTransform
Transforming startup-runtime-1.1.1.aar (androidx.startup:startup-runtime:1.1.1) with JetifyTransform
Transforming startup-runtime-1.1.1.aar (androidx.startup:startup-runtime:1.1.1) with AarToClassTransform
Transforming startup-runtime-1.1.1.aar (androidx.startup:startup-runtime:1.1.1) with DexingWithClasspathTransform
Transforming startup-runtime-1.1.1.aar (androidx.startup:startup-runtime:1.1.1) with DexingOutputSplitTransform
Transforming tracing-1.0.0.aar (androidx.tracing:tracing:1.0.0) with JetifyTransform
Transforming tracing-1.0.0.aar (androidx.tracing:tracing:1.0.0) with AarToClassTransform
Transforming tracing-1.0.0.aar (androidx.tracing:tracing:1.0.0) with DexingWithClasspathTransform
Transforming tracing-1.0.0.aar (androidx.tracing:tracing:1.0.0) with DexingOutputSplitTransform
Transforming collection-1.1.0.jar (androidx.collection:collection:1.1.0) with JetifyTransform
Transforming collection-1.1.0.jar (androidx.collection:collection:1.1.0) with IdentityTransform
Transforming collection-1.1.0.jar (androidx.collection:collection:1.1.0) with DexingWithClasspathTransform
Transforming collection-1.1.0.jar (androidx.collection:collection:1.1.0) with DexingOutputSplitTransform
Transforming lifecycle-livedata-2.0.0.aar (androidx.lifecycle:lifecycle-livedata:2.0.0) with JetifyTransform
Transforming lifecycle-livedata-2.0.0.aar (androidx.lifecycle:lifecycle-livedata:2.0.0) with AarToClassTransform
Transforming lifecycle-livedata-2.0.0.aar (androidx.lifecycle:lifecycle-livedata:2.0.0) with DexingWithClasspathTransform
Transforming lifecycle-livedata-2.0.0.aar (androidx.lifecycle:lifecycle-livedata:2.0.0) with DexingOutputSplitTransform
Transforming lifecycle-livedata-core-2.5.1.aar (androidx.lifecycle:lifecycle-livedata-core:2.5.1) with JetifyTransform
Transforming lifecycle-livedata-core-2.5.1.aar (androidx.lifecycle:lifecycle-livedata-core:2.5.1) with AarToClassTransform
Transforming lifecycle-livedata-core-2.5.1.aar (androidx.lifecycle:lifecycle-livedata-core:2.5.1) with DexingWithClasspathTransform
Transforming lifecycle-livedata-core-2.5.1.aar (androidx.lifecycle:lifecycle-livedata-core:2.5.1) with DexingOutputSplitTransform
Transforming lifecycle-livedata-core-2.5.1.aar (androidx.lifecycle:lifecycle-livedata-core:2.5.1) with JetifyTransform
Transforming lifecycle-livedata-core-2.5.1.aar (androidx.lifecycle:lifecycle-livedata-core:2.5.1) with AarToClassTransform
Transforming lifecycle-livedata-core-2.5.1.aar (androidx.lifecycle:lifecycle-livedata-core:2.5.1) with DexingWithClasspathTransform
Transforming lifecycle-livedata-core-2.5.1.aar (androidx.lifecycle:lifecycle-livedata-core:2.5.1) with DexingOutputSplitTransform
Transforming core-runtime-2.1.0.aar (androidx.arch.core:core-runtime:2.1.0) with JetifyTransform
Transforming core-runtime-2.1.0.aar (androidx.arch.core:core-runtime:2.1.0) with AarToClassTransform
Transforming core-runtime-2.1.0.aar (androidx.arch.core:core-runtime:2.1.0) with DexingWithClasspathTransform
Transforming core-runtime-2.1.0.aar (androidx.arch.core:core-runtime:2.1.0) with DexingOutputSplitTransform
Transforming core-runtime-2.1.0.aar (androidx.arch.core:core-runtime:2.1.0) with JetifyTransform
Transforming core-runtime-2.1.0.aar (androidx.arch.core:core-runtime:2.1.0) with AarToClassTransform
Transforming core-runtime-2.1.0.aar (androidx.arch.core:core-runtime:2.1.0) with DexingWithClasspathTransform
Transforming core-runtime-2.1.0.aar (androidx.arch.core:core-runtime:2.1.0) with DexingOutputSplitTransform
Transforming core-common-2.1.0.jar (androidx.arch.core:core-common:2.1.0) with JetifyTransform
Transforming core-common-2.1.0.jar (androidx.arch.core:core-common:2.1.0) with IdentityTransform
Transforming core-common-2.1.0.jar (androidx.arch.core:core-common:2.1.0) with DexingWithClasspathTransform
Transforming core-common-2.1.0.jar (androidx.arch.core:core-common:2.1.0) with DexingOutputSplitTransform
Transforming lifecycle-common-2.5.1.jar (androidx.lifecycle:lifecycle-common:2.5.1) with JetifyTransform
Transforming lifecycle-common-2.5.1.jar (androidx.lifecycle:lifecycle-common:2.5.1) with IdentityTransform
Transforming lifecycle-common-2.5.1.jar (androidx.lifecycle:lifecycle-common:2.5.1) with DexingWithClasspathTransform
Transforming lifecycle-common-2.5.1.jar (androidx.lifecycle:lifecycle-common:2.5.1) with DexingOutputSplitTransform
Transforming interpolator-1.0.0.aar (androidx.interpolator:interpolator:1.0.0) with JetifyTransform
Transforming interpolator-1.0.0.aar (androidx.interpolator:interpolator:1.0.0) with AarToClassTransform
Transforming interpolator-1.0.0.aar (androidx.interpolator:interpolator:1.0.0) with DexingWithClasspathTransform
Transforming interpolator-1.0.0.aar (androidx.interpolator:interpolator:1.0.0) with DexingOutputSplitTransform
Transforming okio-1.15.0.jar (com.squareup.okio:okio:1.15.0) with JetifyTransform
Transforming okio-1.15.0.jar (com.squareup.okio:okio:1.15.0) with IdentityTransform
Transforming okio-1.15.0.jar (com.squareup.okio:okio:1.15.0) with DexingWithClasspathTransform
Transforming okio-1.15.0.jar (com.squareup.okio:okio:1.15.0) with DexingOutputSplitTransform
Transforming kotlinx-coroutines-core-jvm-1.6.1.jar (org.jetbrains.kotlinx:kotlinx-coroutines-core-jvm:1.6.1) with JetifyTransform
Transforming kotlinx-coroutines-core-jvm-1.6.1.jar (org.jetbrains.kotlinx:kotlinx-coroutines-core-jvm:1.6.1) with IdentityTransform
Transforming kotlinx-coroutines-core-jvm-1.6.1.jar (org.jetbrains.kotlinx:kotlinx-coroutines-core-jvm:1.6.1) with DexingWithClasspathTransform
Transforming kotlinx-coroutines-core-jvm-1.6.1.jar (org.jetbrains.kotlinx:kotlinx-coroutines-core-jvm:1.6.1) with DexingOutputSplitTransform
Transforming kotlinx-coroutines-android-1.6.1.jar (org.jetbrains.kotlinx:kotlinx-coroutines-android:1.6.1) with JetifyTransform
Transforming kotlinx-coroutines-android-1.6.1.jar (org.jetbrains.kotlinx:kotlinx-coroutines-android:1.6.1) with IdentityTransform
Transforming kotlinx-coroutines-android-1.6.1.jar (org.jetbrains.kotlinx:kotlinx-coroutines-android:1.6.1) with DexingWithClasspathTransform
Transforming kotlinx-coroutines-android-1.6.1.jar (org.jetbrains.kotlinx:kotlinx-coroutines-android:1.6.1) with DexingOutputSplitTransform
Transforming kotlin-stdlib-jdk8-1.9.0.jar (org.jetbrains.kotlin:kotlin-stdlib-jdk8:1.9.0) with JetifyTransform
Transforming kotlin-stdlib-jdk8-1.9.0.jar (org.jetbrains.kotlin:kotlin-stdlib-jdk8:1.9.0) with IdentityTransform
Transforming kotlin-stdlib-jdk8-1.9.0.jar (org.jetbrains.kotlin:kotlin-stdlib-jdk8:1.9.0) with DexingWithClasspathTransform
Transforming kotlin-stdlib-jdk8-1.9.0.jar (org.jetbrains.kotlin:kotlin-stdlib-jdk8:1.9.0) with DexingOutputSplitTransform
Transforming kotlin-stdlib-jdk7-1.9.0.jar (org.jetbrains.kotlin:kotlin-stdlib-jdk7:1.9.0) with JetifyTransform
Transforming kotlin-stdlib-jdk7-1.9.0.jar (org.jetbrains.kotlin:kotlin-stdlib-jdk7:1.9.0) with IdentityTransform
Transforming kotlin-stdlib-jdk7-1.9.0.jar (org.jetbrains.kotlin:kotlin-stdlib-jdk7:1.9.0) with DexingWithClasspathTransform
Transforming kotlin-stdlib-jdk7-1.9.0.jar (org.jetbrains.kotlin:kotlin-stdlib-jdk7:1.9.0) with DexingOutputSplitTransform
Transforming commons-lang3-3.9.jar (org.apache.commons:commons-lang3:3.9) with JetifyTransform
Transforming commons-lang3-3.9.jar (org.apache.commons:commons-lang3:3.9) with IdentityTransform
Transforming commons-lang3-3.9.jar (org.apache.commons:commons-lang3:3.9) with DexingWithClasspathTransform
Transforming commons-lang3-3.9.jar (org.apache.commons:commons-lang3:3.9) with DexingOutputSplitTransform
Transforming library-2.4.0.jar (com.nineoldandroids:library:2.4.0) with JetifyTransform
Transforming library-2.4.0.jar (com.nineoldandroids:library:2.4.0) with IdentityTransform
Transforming library-2.4.0.jar (com.nineoldandroids:library:2.4.0) with DexingWithClasspathTransform
Transforming library-2.4.0.jar (com.nineoldandroids:library:2.4.0) with DexingOutputSplitTransform
Transforming annotation-jvm-1.6.0.jar (androidx.annotation:annotation-jvm:1.6.0) with JetifyTransform
Transforming annotation-jvm-1.6.0.jar (androidx.annotation:annotation-jvm:1.6.0) with IdentityTransform
Transforming annotation-jvm-1.6.0.jar (androidx.annotation:annotation-jvm:1.6.0) with DexingWithClasspathTransform
Transforming annotation-jvm-1.6.0.jar (androidx.annotation:annotation-jvm:1.6.0) with DexingOutputSplitTransform
Transforming annotation-experimental-1.3.0.aar (androidx.annotation:annotation-experimental:1.3.0) with JetifyTransform
Transforming annotation-experimental-1.3.0.aar (androidx.annotation:annotation-experimental:1.3.0) with AarToClassTransform
Transforming annotation-experimental-1.3.0.aar (androidx.annotation:annotation-experimental:1.3.0) with DexingWithClasspathTransform
Transforming annotation-experimental-1.3.0.aar (androidx.annotation:annotation-experimental:1.3.0) with DexingOutputSplitTransform
Transforming kotlin-stdlib-1.9.0.jar (org.jetbrains.kotlin:kotlin-stdlib:1.9.0) with JetifyTransform
Transforming kotlin-stdlib-1.9.0.jar (org.jetbrains.kotlin:kotlin-stdlib:1.9.0) with IdentityTransform
Transforming kotlin-stdlib-1.9.0.jar (org.jetbrains.kotlin:kotlin-stdlib:1.9.0) with DexingWithClasspathTransform
Transforming kotlin-stdlib-1.9.0.jar (org.jetbrains.kotlin:kotlin-stdlib:1.9.0) with DexingOutputSplitTransform
Transforming constraintlayout-core-1.0.4.jar (androidx.constraintlayout:constraintlayout-core:1.0.4) with JetifyTransform
Transforming constraintlayout-core-1.0.4.jar (androidx.constraintlayout:constraintlayout-core:1.0.4) with IdentityTransform
Transforming constraintlayout-core-1.0.4.jar (androidx.constraintlayout:constraintlayout-core:1.0.4) with DexingWithClasspathTransform
Transforming constraintlayout-core-1.0.4.jar (androidx.constraintlayout:constraintlayout-core:1.0.4) with DexingOutputSplitTransform
Transforming kotlin-stdlib-common-1.9.0.jar (org.jetbrains.kotlin:kotlin-stdlib-common:1.9.0) with JetifyTransform
Transforming kotlin-stdlib-common-1.9.0.jar (org.jetbrains.kotlin:kotlin-stdlib-common:1.9.0) with IdentityTransform
Transforming kotlin-stdlib-common-1.9.0.jar (org.jetbrains.kotlin:kotlin-stdlib-common:1.9.0) with DexingWithClasspathTransform
Transforming kotlin-stdlib-common-1.9.0.jar (org.jetbrains.kotlin:kotlin-stdlib-common:1.9.0) with DexingOutputSplitTransform
Transforming annotations-13.0.jar (org.jetbrains:annotations:13.0) with JetifyTransform
Transforming annotations-13.0.jar (org.jetbrains:annotations:13.0) with IdentityTransform
Transforming annotations-13.0.jar (org.jetbrains:annotations:13.0) with DexingWithClasspathTransform
Transforming annotations-13.0.jar (org.jetbrains:annotations:13.0) with DexingOutputSplitTransform
Transforming listenablefuture-1.0.jar (com.google.guava:listenablefuture:1.0) with JetifyTransform
Transforming listenablefuture-1.0.jar (com.google.guava:listenablefuture:1.0) with IdentityTransform
Transforming listenablefuture-1.0.jar (com.google.guava:listenablefuture:1.0) with DexingWithClasspathTransform
Transforming listenablefuture-1.0.jar (com.google.guava:listenablefuture:1.0) with DexingOutputSplitTransform
Caching disabled for task ':app:mergeExtDexDebug' because:
  Build cache is disabled
Skipping task ':app:mergeExtDexDebug' as it is up-to-date.
Resolve mutations for :app:mergeLibDexDebug (Thread[#383,Execution worker Thread 3,5,main]) started.
:app:mergeLibDexDebug (Thread[#383,Execution worker Thread 3,5,main]) started.

> Task :app:mergeLibDexDebug UP-TO-DATE
Caching disabled for task ':app:mergeLibDexDebug' because:
  Build cache is disabled
Skipping task ':app:mergeLibDexDebug' as it is up-to-date.
Resolve mutations for :app:mergeDebugJniLibFolders (Thread[#383,Execution worker Thread 3,5,main]) started.
:app:mergeDebugJniLibFolders (Thread[#383,Execution worker Thread 3,5,main]) started.

> Task :app:mergeDebugJniLibFolders UP-TO-DATE
Caching disabled for task ':app:mergeDebugJniLibFolders' because:
  Build cache is disabled
  Simple merging task
Skipping task ':app:mergeDebugJniLibFolders' as it is up-to-date.
Resolve mutations for :app:mergeDebugNativeLibs (Thread[#383,Execution worker Thread 3,5,main]) started.
:app:mergeDebugNativeLibs (Thread[#383,Execution worker Thread 3,5,main]) started.

> Task :app:mergeDebugNativeLibs NO-SOURCE
Transforming AppIntro-6.3.1.aar (com.github.AppIntro:AppIntro:6.3.1) with JetifyTransform
Transforming AppIntro-6.3.1.aar (com.github.AppIntro:AppIntro:6.3.1) with ExtractAarTransform
Transforming AppIntro-6.3.1.aar (com.github.AppIntro:AppIntro:6.3.1) with AarTransform
Transforming localization-1.2.11.aar (com.akexorcist:localization:1.2.11) with JetifyTransform
Transforming localization-1.2.11.aar (com.akexorcist:localization:1.2.11) with ExtractAarTransform
Transforming localization-1.2.11.aar (com.akexorcist:localization:1.2.11) with AarTransform
Transforming constraintlayout-2.1.4.aar (androidx.constraintlayout:constraintlayout:2.1.4) with JetifyTransform
Transforming constraintlayout-2.1.4.aar (androidx.constraintlayout:constraintlayout:2.1.4) with ExtractAarTransform
Transforming constraintlayout-2.1.4.aar (androidx.constraintlayout:constraintlayout:2.1.4) with AarTransform
Transforming appcompat-resources-1.6.1.aar (androidx.appcompat:appcompat-resources:1.6.1) with JetifyTransform
Transforming appcompat-resources-1.6.1.aar (androidx.appcompat:appcompat-resources:1.6.1) with ExtractAarTransform
Transforming appcompat-resources-1.6.1.aar (androidx.appcompat:appcompat-resources:1.6.1) with AarTransform
Transforming appcompat-1.6.1.aar (androidx.appcompat:appcompat:1.6.1) with JetifyTransform
Transforming appcompat-1.6.1.aar (androidx.appcompat:appcompat:1.6.1) with ExtractAarTransform
Transforming appcompat-1.6.1.aar (androidx.appcompat:appcompat:1.6.1) with AarTransform
Transforming okhttp-3.12.1.jar (com.squareup.okhttp3:okhttp:3.12.1) with JetifyTransform
Transforming okhttp-3.12.1.jar (com.squareup.okhttp3:okhttp:3.12.1) with ExtractJniTransform
Transforming commons-text-1.8.jar (org.apache.commons:commons-text:1.8) with JetifyTransform
Transforming commons-text-1.8.jar (org.apache.commons:commons-text:1.8) with ExtractJniTransform
Transforming floatingactionbutton-1.3.0.aar (com.melnykov:floatingactionbutton:1.3.0) with JetifyTransform
Transforming floatingactionbutton-1.3.0.aar (com.melnykov:floatingactionbutton:1.3.0) with ExtractAarTransform
Transforming floatingactionbutton-1.3.0.aar (com.melnykov:floatingactionbutton:1.3.0) with AarTransform
Transforming recyclerview-1.1.0.aar (androidx.recyclerview:recyclerview:1.1.0) with JetifyTransform
Transforming recyclerview-1.1.0.aar (androidx.recyclerview:recyclerview:1.1.0) with ExtractAarTransform
Transforming recyclerview-1.1.0.aar (androidx.recyclerview:recyclerview:1.1.0) with AarTransform
Transforming drawerlayout-1.0.0.aar (androidx.drawerlayout:drawerlayout:1.0.0) with JetifyTransform
Transforming drawerlayout-1.0.0.aar (androidx.drawerlayout:drawerlayout:1.0.0) with ExtractAarTransform
Transforming drawerlayout-1.0.0.aar (androidx.drawerlayout:drawerlayout:1.0.0) with AarTransform
Transforming fragment-1.3.6.aar (androidx.fragment:fragment:1.3.6) with JetifyTransform
Transforming fragment-1.3.6.aar (androidx.fragment:fragment:1.3.6) with ExtractAarTransform
Transforming fragment-1.3.6.aar (androidx.fragment:fragment:1.3.6) with AarTransform
Transforming viewpager-1.0.0.aar (androidx.viewpager:viewpager:1.0.0) with JetifyTransform
Transforming viewpager-1.0.0.aar (androidx.viewpager:viewpager:1.0.0) with ExtractAarTransform
Transforming viewpager-1.0.0.aar (androidx.viewpager:viewpager:1.0.0) with AarTransform
Transforming customview-1.0.0.aar (androidx.customview:customview:1.0.0) with JetifyTransform
Transforming customview-1.0.0.aar (androidx.customview:customview:1.0.0) with ExtractAarTransform
Transforming customview-1.0.0.aar (androidx.customview:customview:1.0.0) with AarTransform
Transforming activity-ktx-1.6.0.aar (androidx.activity:activity-ktx:1.6.0) with JetifyTransform
Transforming activity-ktx-1.6.0.aar (androidx.activity:activity-ktx:1.6.0) with ExtractAarTransform
Transforming activity-ktx-1.6.0.aar (androidx.activity:activity-ktx:1.6.0) with AarTransform
Transforming activity-1.6.0.aar (androidx.activity:activity:1.6.0) with JetifyTransform
Transforming activity-1.6.0.aar (androidx.activity:activity:1.6.0) with ExtractAarTransform
Transforming activity-1.6.0.aar (androidx.activity:activity:1.6.0) with AarTransform
Transforming emoji2-views-helper-1.2.0.aar (androidx.emoji2:emoji2-views-helper:1.2.0) with JetifyTransform
Transforming emoji2-views-helper-1.2.0.aar (androidx.emoji2:emoji2-views-helper:1.2.0) with ExtractAarTransform
Transforming emoji2-views-helper-1.2.0.aar (androidx.emoji2:emoji2-views-helper:1.2.0) with AarTransform
Transforming emoji2-1.2.0.aar (androidx.emoji2:emoji2:1.2.0) with JetifyTransform
Transforming emoji2-1.2.0.aar (androidx.emoji2:emoji2:1.2.0) with ExtractAarTransform
Transforming emoji2-1.2.0.aar (androidx.emoji2:emoji2:1.2.0) with AarTransform
Transforming loader-1.0.0.aar (androidx.loader:loader:1.0.0) with JetifyTransform
Transforming loader-1.0.0.aar (androidx.loader:loader:1.0.0) with ExtractAarTransform
Transforming loader-1.0.0.aar (androidx.loader:loader:1.0.0) with AarTransform
Transforming lifecycle-viewmodel-ktx-2.5.1.aar (androidx.lifecycle:lifecycle-viewmodel-ktx:2.5.1) with JetifyTransform
Transforming lifecycle-viewmodel-ktx-2.5.1.aar (androidx.lifecycle:lifecycle-viewmodel-ktx:2.5.1) with ExtractAarTransform
Transforming lifecycle-viewmodel-ktx-2.5.1.aar (androidx.lifecycle:lifecycle-viewmodel-ktx:2.5.1) with AarTransform
Transforming lifecycle-viewmodel-2.5.1.aar (androidx.lifecycle:lifecycle-viewmodel:2.5.1) with JetifyTransform
Transforming lifecycle-viewmodel-2.5.1.aar (androidx.lifecycle:lifecycle-viewmodel:2.5.1) with ExtractAarTransform
Transforming lifecycle-viewmodel-2.5.1.aar (androidx.lifecycle:lifecycle-viewmodel:2.5.1) with AarTransform
Transforming lifecycle-viewmodel-2.5.1.aar (androidx.lifecycle:lifecycle-viewmodel:2.5.1) with JetifyTransform
Transforming lifecycle-viewmodel-2.5.1.aar (androidx.lifecycle:lifecycle-viewmodel:2.5.1) with ExtractAarTransform
Transforming lifecycle-viewmodel-2.5.1.aar (androidx.lifecycle:lifecycle-viewmodel:2.5.1) with AarTransform
Transforming lifecycle-viewmodel-savedstate-2.5.1.aar (androidx.lifecycle:lifecycle-viewmodel-savedstate:2.5.1) with JetifyTransform
Transforming lifecycle-viewmodel-savedstate-2.5.1.aar (androidx.lifecycle:lifecycle-viewmodel-savedstate:2.5.1) with ExtractAarTransform
Transforming lifecycle-viewmodel-savedstate-2.5.1.aar (androidx.lifecycle:lifecycle-viewmodel-savedstate:2.5.1) with AarTransform
Transforming core-ktx-1.9.0.aar (androidx.core:core-ktx:1.9.0) with JetifyTransform
Transforming core-ktx-1.9.0.aar (androidx.core:core-ktx:1.9.0) with ExtractAarTransform
Transforming core-ktx-1.9.0.aar (androidx.core:core-ktx:1.9.0) with AarTransform
Transforming vectordrawable-animated-1.1.0.aar (androidx.vectordrawable:vectordrawable-animated:1.1.0) with JetifyTransform
Transforming vectordrawable-animated-1.1.0.aar (androidx.vectordrawable:vectordrawable-animated:1.1.0) with ExtractAarTransform
Transforming vectordrawable-animated-1.1.0.aar (androidx.vectordrawable:vectordrawable-animated:1.1.0) with AarTransform
Transforming vectordrawable-1.1.0.aar (androidx.vectordrawable:vectordrawable:1.1.0) with JetifyTransform
Transforming vectordrawable-1.1.0.aar (androidx.vectordrawable:vectordrawable:1.1.0) with ExtractAarTransform
Transforming vectordrawable-1.1.0.aar (androidx.vectordrawable:vectordrawable:1.1.0) with AarTransform
Transforming vectordrawable-1.1.0.aar (androidx.vectordrawable:vectordrawable:1.1.0) with JetifyTransform
Transforming vectordrawable-1.1.0.aar (androidx.vectordrawable:vectordrawable:1.1.0) with ExtractAarTransform
Transforming vectordrawable-1.1.0.aar (androidx.vectordrawable:vectordrawable:1.1.0) with AarTransform
Transforming core-1.9.0.aar (androidx.core:core:1.9.0) with JetifyTransform
Transforming core-1.9.0.aar (androidx.core:core:1.9.0) with ExtractAarTransform
Transforming core-1.9.0.aar (androidx.core:core:1.9.0) with AarTransform
Transforming core-1.9.0.aar (androidx.core:core:1.9.0) with JetifyTransform
Transforming core-1.9.0.aar (androidx.core:core:1.9.0) with ExtractAarTransform
Transforming core-1.9.0.aar (androidx.core:core:1.9.0) with AarTransform
Transforming cursoradapter-1.0.0.aar (androidx.cursoradapter:cursoradapter:1.0.0) with JetifyTransform
Transforming cursoradapter-1.0.0.aar (androidx.cursoradapter:cursoradapter:1.0.0) with ExtractAarTransform
Transforming cursoradapter-1.0.0.aar (androidx.cursoradapter:cursoradapter:1.0.0) with AarTransform
Transforming lifecycle-process-2.4.1.aar (androidx.lifecycle:lifecycle-process:2.4.1) with JetifyTransform
Transforming lifecycle-process-2.4.1.aar (androidx.lifecycle:lifecycle-process:2.4.1) with ExtractAarTransform
Transforming lifecycle-process-2.4.1.aar (androidx.lifecycle:lifecycle-process:2.4.1) with AarTransform
Transforming lifecycle-runtime-ktx-2.5.1.aar (androidx.lifecycle:lifecycle-runtime-ktx:2.5.1) with JetifyTransform
Transforming lifecycle-runtime-ktx-2.5.1.aar (androidx.lifecycle:lifecycle-runtime-ktx:2.5.1) with ExtractAarTransform
Transforming lifecycle-runtime-ktx-2.5.1.aar (androidx.lifecycle:lifecycle-runtime-ktx:2.5.1) with AarTransform
Transforming lifecycle-runtime-2.5.1.aar (androidx.lifecycle:lifecycle-runtime:2.5.1) with JetifyTransform
Transforming lifecycle-runtime-2.5.1.aar (androidx.lifecycle:lifecycle-runtime:2.5.1) with ExtractAarTransform
Transforming lifecycle-runtime-2.5.1.aar (androidx.lifecycle:lifecycle-runtime:2.5.1) with AarTransform
Transforming resourceinspection-annotation-1.0.1.jar (androidx.resourceinspection:resourceinspection-annotation:1.0.1) with JetifyTransform
Transforming resourceinspection-annotation-1.0.1.jar (androidx.resourceinspection:resourceinspection-annotation:1.0.1) with ExtractJniTransform
Transforming savedstate-ktx-1.2.0.aar (androidx.savedstate:savedstate-ktx:1.2.0) with JetifyTransform
Transforming savedstate-ktx-1.2.0.aar (androidx.savedstate:savedstate-ktx:1.2.0) with ExtractAarTransform
Transforming savedstate-ktx-1.2.0.aar (androidx.savedstate:savedstate-ktx:1.2.0) with AarTransform
Transforming savedstate-1.2.0.aar (androidx.savedstate:savedstate:1.2.0) with JetifyTransform
Transforming savedstate-1.2.0.aar (androidx.savedstate:savedstate:1.2.0) with ExtractAarTransform
Transforming savedstate-1.2.0.aar (androidx.savedstate:savedstate:1.2.0) with AarTransform
Transforming concurrent-futures-1.0.0.jar (androidx.concurrent:concurrent-futures:1.0.0) with JetifyTransform
Transforming concurrent-futures-1.0.0.jar (androidx.concurrent:concurrent-futures:1.0.0) with ExtractJniTransform
Transforming versionedparcelable-1.1.1.aar (androidx.versionedparcelable:versionedparcelable:1.1.1) with JetifyTransform
Transforming versionedparcelable-1.1.1.aar (androidx.versionedparcelable:versionedparcelable:1.1.1) with ExtractAarTransform
Transforming versionedparcelable-1.1.1.aar (androidx.versionedparcelable:versionedparcelable:1.1.1) with AarTransform
Transforming startup-runtime-1.1.1.aar (androidx.startup:startup-runtime:1.1.1) with JetifyTransform
Transforming startup-runtime-1.1.1.aar (androidx.startup:startup-runtime:1.1.1) with ExtractAarTransform
Transforming startup-runtime-1.1.1.aar (androidx.startup:startup-runtime:1.1.1) with AarTransform
Transforming tracing-1.0.0.aar (androidx.tracing:tracing:1.0.0) with JetifyTransform
Transforming tracing-1.0.0.aar (androidx.tracing:tracing:1.0.0) with ExtractAarTransform
Transforming tracing-1.0.0.aar (androidx.tracing:tracing:1.0.0) with AarTransform
Transforming collection-1.1.0.jar (androidx.collection:collection:1.1.0) with JetifyTransform
Transforming collection-1.1.0.jar (androidx.collection:collection:1.1.0) with ExtractJniTransform
Transforming lifecycle-livedata-2.0.0.aar (androidx.lifecycle:lifecycle-livedata:2.0.0) with JetifyTransform
Transforming lifecycle-livedata-2.0.0.aar (androidx.lifecycle:lifecycle-livedata:2.0.0) with ExtractAarTransform
Transforming lifecycle-livedata-2.0.0.aar (androidx.lifecycle:lifecycle-livedata:2.0.0) with AarTransform
Transforming lifecycle-livedata-core-2.5.1.aar (androidx.lifecycle:lifecycle-livedata-core:2.5.1) with JetifyTransform
Transforming lifecycle-livedata-core-2.5.1.aar (androidx.lifecycle:lifecycle-livedata-core:2.5.1) with ExtractAarTransform
Transforming lifecycle-livedata-core-2.5.1.aar (androidx.lifecycle:lifecycle-livedata-core:2.5.1) with AarTransform
Transforming lifecycle-livedata-core-2.5.1.aar (androidx.lifecycle:lifecycle-livedata-core:2.5.1) with JetifyTransform
Transforming lifecycle-livedata-core-2.5.1.aar (androidx.lifecycle:lifecycle-livedata-core:2.5.1) with ExtractAarTransform
Transforming lifecycle-livedata-core-2.5.1.aar (androidx.lifecycle:lifecycle-livedata-core:2.5.1) with AarTransform
Transforming core-runtime-2.1.0.aar (androidx.arch.core:core-runtime:2.1.0) with JetifyTransform
Transforming core-runtime-2.1.0.aar (androidx.arch.core:core-runtime:2.1.0) with ExtractAarTransform
Transforming core-runtime-2.1.0.aar (androidx.arch.core:core-runtime:2.1.0) with AarTransform
Transforming core-runtime-2.1.0.aar (androidx.arch.core:core-runtime:2.1.0) with JetifyTransform
Transforming core-runtime-2.1.0.aar (androidx.arch.core:core-runtime:2.1.0) with ExtractAarTransform
Transforming core-runtime-2.1.0.aar (androidx.arch.core:core-runtime:2.1.0) with AarTransform
Transforming core-common-2.1.0.jar (androidx.arch.core:core-common:2.1.0) with JetifyTransform
Transforming core-common-2.1.0.jar (androidx.arch.core:core-common:2.1.0) with ExtractJniTransform
Transforming lifecycle-common-2.5.1.jar (androidx.lifecycle:lifecycle-common:2.5.1) with JetifyTransform
Transforming lifecycle-common-2.5.1.jar (androidx.lifecycle:lifecycle-common:2.5.1) with ExtractJniTransform
Transforming interpolator-1.0.0.aar (androidx.interpolator:interpolator:1.0.0) with JetifyTransform
Transforming interpolator-1.0.0.aar (androidx.interpolator:interpolator:1.0.0) with ExtractAarTransform
Transforming interpolator-1.0.0.aar (androidx.interpolator:interpolator:1.0.0) with AarTransform
Transforming okio-1.15.0.jar (com.squareup.okio:okio:1.15.0) with JetifyTransform
Transforming okio-1.15.0.jar (com.squareup.okio:okio:1.15.0) with ExtractJniTransform
Transforming kotlinx-coroutines-core-jvm-1.6.1.jar (org.jetbrains.kotlinx:kotlinx-coroutines-core-jvm:1.6.1) with JetifyTransform
Transforming kotlinx-coroutines-core-jvm-1.6.1.jar (org.jetbrains.kotlinx:kotlinx-coroutines-core-jvm:1.6.1) with ExtractJniTransform
Transforming kotlinx-coroutines-android-1.6.1.jar (org.jetbrains.kotlinx:kotlinx-coroutines-android:1.6.1) with JetifyTransform
Transforming kotlinx-coroutines-android-1.6.1.jar (org.jetbrains.kotlinx:kotlinx-coroutines-android:1.6.1) with ExtractJniTransform
Transforming kotlin-stdlib-jdk8-1.9.0.jar (org.jetbrains.kotlin:kotlin-stdlib-jdk8:1.9.0) with JetifyTransform
Transforming kotlin-stdlib-jdk8-1.9.0.jar (org.jetbrains.kotlin:kotlin-stdlib-jdk8:1.9.0) with ExtractJniTransform
Transforming kotlin-stdlib-jdk7-1.9.0.jar (org.jetbrains.kotlin:kotlin-stdlib-jdk7:1.9.0) with JetifyTransform
Transforming kotlin-stdlib-jdk7-1.9.0.jar (org.jetbrains.kotlin:kotlin-stdlib-jdk7:1.9.0) with ExtractJniTransform
Transforming commons-lang3-3.9.jar (org.apache.commons:commons-lang3:3.9) with JetifyTransform
Transforming commons-lang3-3.9.jar (org.apache.commons:commons-lang3:3.9) with ExtractJniTransform
Transforming library-2.4.0.jar (com.nineoldandroids:library:2.4.0) with JetifyTransform
Transforming library-2.4.0.jar (com.nineoldandroids:library:2.4.0) with ExtractJniTransform
Transforming annotation-jvm-1.6.0.jar (androidx.annotation:annotation-jvm:1.6.0) with JetifyTransform
Transforming annotation-jvm-1.6.0.jar (androidx.annotation:annotation-jvm:1.6.0) with ExtractJniTransform
Transforming annotation-experimental-1.3.0.aar (androidx.annotation:annotation-experimental:1.3.0) with JetifyTransform
Transforming annotation-experimental-1.3.0.aar (androidx.annotation:annotation-experimental:1.3.0) with ExtractAarTransform
Transforming annotation-experimental-1.3.0.aar (androidx.annotation:annotation-experimental:1.3.0) with AarTransform
Transforming kotlin-stdlib-1.9.0.jar (org.jetbrains.kotlin:kotlin-stdlib:1.9.0) with JetifyTransform
Transforming kotlin-stdlib-1.9.0.jar (org.jetbrains.kotlin:kotlin-stdlib:1.9.0) with ExtractJniTransform
Transforming constraintlayout-core-1.0.4.jar (androidx.constraintlayout:constraintlayout-core:1.0.4) with JetifyTransform
Transforming constraintlayout-core-1.0.4.jar (androidx.constraintlayout:constraintlayout-core:1.0.4) with ExtractJniTransform
Transforming kotlin-stdlib-common-1.9.0.jar (org.jetbrains.kotlin:kotlin-stdlib-common:1.9.0) with JetifyTransform
Transforming kotlin-stdlib-common-1.9.0.jar (org.jetbrains.kotlin:kotlin-stdlib-common:1.9.0) with ExtractJniTransform
Transforming annotations-13.0.jar (org.jetbrains:annotations:13.0) with JetifyTransform
Transforming annotations-13.0.jar (org.jetbrains:annotations:13.0) with ExtractJniTransform
Transforming listenablefuture-1.0.jar (com.google.guava:listenablefuture:1.0) with JetifyTransform
Transforming listenablefuture-1.0.jar (com.google.guava:listenablefuture:1.0) with ExtractJniTransform
Skipping task ':app:mergeDebugNativeLibs' as it has no source files and no previous output files.
Resolve mutations for :app:stripDebugDebugSymbols (Thread[#383,Execution worker Thread 3,5,main]) started.
:app:stripDebugDebugSymbols (Thread[#383,Execution worker Thread 3,5,main]) started.

> Task :app:stripDebugDebugSymbols NO-SOURCE
Skipping task ':app:stripDebugDebugSymbols' as it has no source files and no previous output files.
Resolve mutations for :app:validateSigningDebug (Thread[#383,Execution worker Thread 3,5,main]) started.
:app:validateSigningDebug (Thread[#383,Execution worker Thread 3,5,main]) started.

> Task :app:validateSigningDebug UP-TO-DATE
Caching disabled for task ':app:validateSigningDebug' because:
  Build cache is disabled
  Caching has been disabled for the task
Skipping task ':app:validateSigningDebug' as it is up-to-date.
Resolve mutations for :app:writeDebugAppMetadata (Thread[#383,Execution worker Thread 3,5,main]) started.
:app:writeDebugAppMetadata (Thread[#383,Execution worker Thread 3,5,main]) started.

> Task :app:writeDebugAppMetadata UP-TO-DATE
Caching disabled for task ':app:writeDebugAppMetadata' because:
  Build cache is disabled
  Caching has been disabled for the task
Skipping task ':app:writeDebugAppMetadata' as it is up-to-date.
Resolve mutations for :app:writeDebugSigningConfigVersions (Thread[#383,Execution worker Thread 3,5,main]) started.
:app:writeDebugSigningConfigVersions (Thread[#383,Execution worker Thread 3,5,main]) started.

> Task :app:writeDebugSigningConfigVersions UP-TO-DATE
Caching disabled for task ':app:writeDebugSigningConfigVersions' because:
  Build cache is disabled
  Caching has been disabled for the task
Skipping task ':app:writeDebugSigningConfigVersions' as it is up-to-date.

> Task :app:processDebugManifestForPackage
Custom actions are attached to task ':app:processDebugManifestForPackage'.
Caching disabled for task ':app:processDebugManifestForPackage' because:
  Build cache is disabled
Task ':app:processDebugManifestForPackage' is not up-to-date because:
  Input property 'mergedManifests' file /home/fekerr/src/ingress-intel-total-conversion/mobile/app/build/intermediates/merged_manifests/debug/processDebugManifest/AndroidManifest.xml has changed.
  Input property 'mergedManifests' file /home/fekerr/src/ingress-intel-total-conversion/mobile/app/build/intermediates/merged_manifests/debug/processDebugManifest/output-metadata.json has changed.
Resolve mutations for :app:processDebugResources (Thread[#392,Execution worker Thread 11,5,main]) started.
:app:processDebugResources (Thread[#392,Execution worker Thread 11,5,main]) started.

> Task :app:processDebugResources
Transforming aapt2-8.10.0-12782657-linux.jar (com.android.tools.build:aapt2:8.10.0-12782657) with Aapt2Extractor
Transforming AppIntro-6.3.1.aar (com.github.AppIntro:AppIntro:6.3.1) with JetifyTransform
Transforming AppIntro-6.3.1.aar (com.github.AppIntro:AppIntro:6.3.1) with ExtractAarTransform
Transforming AppIntro-6.3.1.aar (com.github.AppIntro:AppIntro:6.3.1) with AarResourcesCompilerTransform
Transforming localization-1.2.11.aar (com.akexorcist:localization:1.2.11) with JetifyTransform
Transforming localization-1.2.11.aar (com.akexorcist:localization:1.2.11) with ExtractAarTransform
Transforming localization-1.2.11.aar (com.akexorcist:localization:1.2.11) with AarResourcesCompilerTransform
Transforming constraintlayout-2.1.4.aar (androidx.constraintlayout:constraintlayout:2.1.4) with JetifyTransform
Transforming constraintlayout-2.1.4.aar (androidx.constraintlayout:constraintlayout:2.1.4) with ExtractAarTransform
Transforming constraintlayout-2.1.4.aar (androidx.constraintlayout:constraintlayout:2.1.4) with AarResourcesCompilerTransform
Transforming appcompat-resources-1.6.1.aar (androidx.appcompat:appcompat-resources:1.6.1) with JetifyTransform
Transforming appcompat-resources-1.6.1.aar (androidx.appcompat:appcompat-resources:1.6.1) with ExtractAarTransform
Transforming appcompat-resources-1.6.1.aar (androidx.appcompat:appcompat-resources:1.6.1) with AarResourcesCompilerTransform
Transforming appcompat-1.6.1.aar (androidx.appcompat:appcompat:1.6.1) with JetifyTransform
Transforming appcompat-1.6.1.aar (androidx.appcompat:appcompat:1.6.1) with ExtractAarTransform
Transforming appcompat-1.6.1.aar (androidx.appcompat:appcompat:1.6.1) with AarResourcesCompilerTransform
Transforming floatingactionbutton-1.3.0.aar (com.melnykov:floatingactionbutton:1.3.0) with JetifyTransform
Transforming floatingactionbutton-1.3.0.aar (com.melnykov:floatingactionbutton:1.3.0) with ExtractAarTransform
Transforming floatingactionbutton-1.3.0.aar (com.melnykov:floatingactionbutton:1.3.0) with AarResourcesCompilerTransform
Transforming recyclerview-1.1.0.aar (androidx.recyclerview:recyclerview:1.1.0) with JetifyTransform
Transforming recyclerview-1.1.0.aar (androidx.recyclerview:recyclerview:1.1.0) with ExtractAarTransform
Transforming recyclerview-1.1.0.aar (androidx.recyclerview:recyclerview:1.1.0) with AarResourcesCompilerTransform
Transforming drawerlayout-1.0.0.aar (androidx.drawerlayout:drawerlayout:1.0.0) with JetifyTransform
Transforming drawerlayout-1.0.0.aar (androidx.drawerlayout:drawerlayout:1.0.0) with ExtractAarTransform
Transforming drawerlayout-1.0.0.aar (androidx.drawerlayout:drawerlayout:1.0.0) with AarResourcesCompilerTransform
Transforming fragment-1.3.6.aar (androidx.fragment:fragment:1.3.6) with JetifyTransform
Transforming fragment-1.3.6.aar (androidx.fragment:fragment:1.3.6) with ExtractAarTransform
Transforming fragment-1.3.6.aar (androidx.fragment:fragment:1.3.6) with AarResourcesCompilerTransform
Transforming viewpager-1.0.0.aar (androidx.viewpager:viewpager:1.0.0) with JetifyTransform
Transforming viewpager-1.0.0.aar (androidx.viewpager:viewpager:1.0.0) with ExtractAarTransform
Transforming viewpager-1.0.0.aar (androidx.viewpager:viewpager:1.0.0) with AarResourcesCompilerTransform
Transforming customview-1.0.0.aar (androidx.customview:customview:1.0.0) with JetifyTransform
Transforming customview-1.0.0.aar (androidx.customview:customview:1.0.0) with ExtractAarTransform
Transforming customview-1.0.0.aar (androidx.customview:customview:1.0.0) with AarResourcesCompilerTransform
Transforming activity-ktx-1.6.0.aar (androidx.activity:activity-ktx:1.6.0) with JetifyTransform
Transforming activity-ktx-1.6.0.aar (androidx.activity:activity-ktx:1.6.0) with ExtractAarTransform
Transforming activity-ktx-1.6.0.aar (androidx.activity:activity-ktx:1.6.0) with AarResourcesCompilerTransform
Transforming activity-1.6.0.aar (androidx.activity:activity:1.6.0) with JetifyTransform
Transforming activity-1.6.0.aar (androidx.activity:activity:1.6.0) with ExtractAarTransform
Transforming activity-1.6.0.aar (androidx.activity:activity:1.6.0) with AarResourcesCompilerTransform
Transforming emoji2-views-helper-1.2.0.aar (androidx.emoji2:emoji2-views-helper:1.2.0) with JetifyTransform
Transforming emoji2-views-helper-1.2.0.aar (androidx.emoji2:emoji2-views-helper:1.2.0) with ExtractAarTransform
Transforming emoji2-views-helper-1.2.0.aar (androidx.emoji2:emoji2-views-helper:1.2.0) with AarResourcesCompilerTransform
Transforming emoji2-1.2.0.aar (androidx.emoji2:emoji2:1.2.0) with JetifyTransform
Transforming emoji2-1.2.0.aar (androidx.emoji2:emoji2:1.2.0) with ExtractAarTransform
Transforming emoji2-1.2.0.aar (androidx.emoji2:emoji2:1.2.0) with AarResourcesCompilerTransform
Transforming loader-1.0.0.aar (androidx.loader:loader:1.0.0) with JetifyTransform
Transforming loader-1.0.0.aar (androidx.loader:loader:1.0.0) with ExtractAarTransform
Transforming loader-1.0.0.aar (androidx.loader:loader:1.0.0) with AarResourcesCompilerTransform
Transforming lifecycle-viewmodel-ktx-2.5.1.aar (androidx.lifecycle:lifecycle-viewmodel-ktx:2.5.1) with JetifyTransform
Transforming lifecycle-viewmodel-ktx-2.5.1.aar (androidx.lifecycle:lifecycle-viewmodel-ktx:2.5.1) with ExtractAarTransform
Transforming lifecycle-viewmodel-ktx-2.5.1.aar (androidx.lifecycle:lifecycle-viewmodel-ktx:2.5.1) with AarResourcesCompilerTransform
Transforming lifecycle-viewmodel-2.5.1.aar (androidx.lifecycle:lifecycle-viewmodel:2.5.1) with JetifyTransform
Transforming lifecycle-viewmodel-2.5.1.aar (androidx.lifecycle:lifecycle-viewmodel:2.5.1) with ExtractAarTransform
Transforming lifecycle-viewmodel-2.5.1.aar (androidx.lifecycle:lifecycle-viewmodel:2.5.1) with AarResourcesCompilerTransform
Transforming lifecycle-viewmodel-2.5.1.aar (androidx.lifecycle:lifecycle-viewmodel:2.5.1) with JetifyTransform
Transforming lifecycle-viewmodel-2.5.1.aar (androidx.lifecycle:lifecycle-viewmodel:2.5.1) with ExtractAarTransform
Transforming lifecycle-viewmodel-2.5.1.aar (androidx.lifecycle:lifecycle-viewmodel:2.5.1) with AarResourcesCompilerTransform
Transforming lifecycle-viewmodel-savedstate-2.5.1.aar (androidx.lifecycle:lifecycle-viewmodel-savedstate:2.5.1) with JetifyTransform
Transforming lifecycle-viewmodel-savedstate-2.5.1.aar (androidx.lifecycle:lifecycle-viewmodel-savedstate:2.5.1) with ExtractAarTransform
Transforming lifecycle-viewmodel-savedstate-2.5.1.aar (androidx.lifecycle:lifecycle-viewmodel-savedstate:2.5.1) with AarResourcesCompilerTransform
Transforming core-ktx-1.9.0.aar (androidx.core:core-ktx:1.9.0) with JetifyTransform
Transforming core-ktx-1.9.0.aar (androidx.core:core-ktx:1.9.0) with ExtractAarTransform
Transforming core-ktx-1.9.0.aar (androidx.core:core-ktx:1.9.0) with AarResourcesCompilerTransform
Transforming vectordrawable-animated-1.1.0.aar (androidx.vectordrawable:vectordrawable-animated:1.1.0) with JetifyTransform
Transforming vectordrawable-animated-1.1.0.aar (androidx.vectordrawable:vectordrawable-animated:1.1.0) with ExtractAarTransform
Transforming vectordrawable-animated-1.1.0.aar (androidx.vectordrawable:vectordrawable-animated:1.1.0) with AarResourcesCompilerTransform
Transforming vectordrawable-1.1.0.aar (androidx.vectordrawable:vectordrawable:1.1.0) with JetifyTransform
Transforming vectordrawable-1.1.0.aar (androidx.vectordrawable:vectordrawable:1.1.0) with ExtractAarTransform
Transforming vectordrawable-1.1.0.aar (androidx.vectordrawable:vectordrawable:1.1.0) with AarResourcesCompilerTransform
Transforming vectordrawable-1.1.0.aar (androidx.vectordrawable:vectordrawable:1.1.0) with JetifyTransform
Transforming vectordrawable-1.1.0.aar (androidx.vectordrawable:vectordrawable:1.1.0) with ExtractAarTransform
Transforming vectordrawable-1.1.0.aar (androidx.vectordrawable:vectordrawable:1.1.0) with AarResourcesCompilerTransform
Transforming core-1.9.0.aar (androidx.core:core:1.9.0) with JetifyTransform
Transforming core-1.9.0.aar (androidx.core:core:1.9.0) with ExtractAarTransform
Transforming core-1.9.0.aar (androidx.core:core:1.9.0) with AarResourcesCompilerTransform
Transforming core-1.9.0.aar (androidx.core:core:1.9.0) with JetifyTransform
Transforming core-1.9.0.aar (androidx.core:core:1.9.0) with ExtractAarTransform
Transforming core-1.9.0.aar (androidx.core:core:1.9.0) with AarResourcesCompilerTransform
Transforming cursoradapter-1.0.0.aar (androidx.cursoradapter:cursoradapter:1.0.0) with JetifyTransform
Transforming cursoradapter-1.0.0.aar (androidx.cursoradapter:cursoradapter:1.0.0) with ExtractAarTransform
Transforming cursoradapter-1.0.0.aar (androidx.cursoradapter:cursoradapter:1.0.0) with AarResourcesCompilerTransform
Transforming lifecycle-process-2.4.1.aar (androidx.lifecycle:lifecycle-process:2.4.1) with JetifyTransform
Transforming lifecycle-process-2.4.1.aar (androidx.lifecycle:lifecycle-process:2.4.1) with ExtractAarTransform
Transforming lifecycle-process-2.4.1.aar (androidx.lifecycle:lifecycle-process:2.4.1) with AarResourcesCompilerTransform
Transforming lifecycle-runtime-ktx-2.5.1.aar (androidx.lifecycle:lifecycle-runtime-ktx:2.5.1) with JetifyTransform
Transforming lifecycle-runtime-ktx-2.5.1.aar (androidx.lifecycle:lifecycle-runtime-ktx:2.5.1) with ExtractAarTransform
Transforming lifecycle-runtime-ktx-2.5.1.aar (androidx.lifecycle:lifecycle-runtime-ktx:2.5.1) with AarResourcesCompilerTransform
Transforming lifecycle-runtime-2.5.1.aar (androidx.lifecycle:lifecycle-runtime:2.5.1) with JetifyTransform
Transforming lifecycle-runtime-2.5.1.aar (androidx.lifecycle:lifecycle-runtime:2.5.1) with ExtractAarTransform
Transforming lifecycle-runtime-2.5.1.aar (androidx.lifecycle:lifecycle-runtime:2.5.1) with AarResourcesCompilerTransform
Transforming savedstate-ktx-1.2.0.aar (androidx.savedstate:savedstate-ktx:1.2.0) with JetifyTransform
Transforming savedstate-ktx-1.2.0.aar (androidx.savedstate:savedstate-ktx:1.2.0) with ExtractAarTransform
Transforming savedstate-ktx-1.2.0.aar (androidx.savedstate:savedstate-ktx:1.2.0) with AarResourcesCompilerTransform
Transforming savedstate-1.2.0.aar (androidx.savedstate:savedstate:1.2.0) with JetifyTransform
Transforming savedstate-1.2.0.aar (androidx.savedstate:savedstate:1.2.0) with ExtractAarTransform
Transforming savedstate-1.2.0.aar (androidx.savedstate:savedstate:1.2.0) with AarResourcesCompilerTransform
Transforming versionedparcelable-1.1.1.aar (androidx.versionedparcelable:versionedparcelable:1.1.1) with JetifyTransform
Transforming versionedparcelable-1.1.1.aar (androidx.versionedparcelable:versionedparcelable:1.1.1) with ExtractAarTransform
Transforming versionedparcelable-1.1.1.aar (androidx.versionedparcelable:versionedparcelable:1.1.1) with AarResourcesCompilerTransform
Transforming startup-runtime-1.1.1.aar (androidx.startup:startup-runtime:1.1.1) with JetifyTransform
Transforming startup-runtime-1.1.1.aar (androidx.startup:startup-runtime:1.1.1) with ExtractAarTransform
Transforming startup-runtime-1.1.1.aar (androidx.startup:startup-runtime:1.1.1) with AarResourcesCompilerTransform
Transforming tracing-1.0.0.aar (androidx.tracing:tracing:1.0.0) with JetifyTransform
Transforming tracing-1.0.0.aar (androidx.tracing:tracing:1.0.0) with ExtractAarTransform
Transforming tracing-1.0.0.aar (androidx.tracing:tracing:1.0.0) with AarResourcesCompilerTransform
Transforming lifecycle-livedata-2.0.0.aar (androidx.lifecycle:lifecycle-livedata:2.0.0) with JetifyTransform
Transforming lifecycle-livedata-2.0.0.aar (androidx.lifecycle:lifecycle-livedata:2.0.0) with ExtractAarTransform
Transforming lifecycle-livedata-2.0.0.aar (androidx.lifecycle:lifecycle-livedata:2.0.0) with AarResourcesCompilerTransform
Transforming lifecycle-livedata-core-2.5.1.aar (androidx.lifecycle:lifecycle-livedata-core:2.5.1) with JetifyTransform
Transforming lifecycle-livedata-core-2.5.1.aar (androidx.lifecycle:lifecycle-livedata-core:2.5.1) with ExtractAarTransform
Transforming lifecycle-livedata-core-2.5.1.aar (androidx.lifecycle:lifecycle-livedata-core:2.5.1) with AarResourcesCompilerTransform
Transforming lifecycle-livedata-core-2.5.1.aar (androidx.lifecycle:lifecycle-livedata-core:2.5.1) with JetifyTransform
Transforming lifecycle-livedata-core-2.5.1.aar (androidx.lifecycle:lifecycle-livedata-core:2.5.1) with ExtractAarTransform
Transforming lifecycle-livedata-core-2.5.1.aar (androidx.lifecycle:lifecycle-livedata-core:2.5.1) with AarResourcesCompilerTransform
Transforming core-runtime-2.1.0.aar (androidx.arch.core:core-runtime:2.1.0) with JetifyTransform
Transforming core-runtime-2.1.0.aar (androidx.arch.core:core-runtime:2.1.0) with ExtractAarTransform
Transforming core-runtime-2.1.0.aar (androidx.arch.core:core-runtime:2.1.0) with AarResourcesCompilerTransform
Transforming core-runtime-2.1.0.aar (androidx.arch.core:core-runtime:2.1.0) with JetifyTransform
Transforming core-runtime-2.1.0.aar (androidx.arch.core:core-runtime:2.1.0) with ExtractAarTransform
Transforming core-runtime-2.1.0.aar (androidx.arch.core:core-runtime:2.1.0) with AarResourcesCompilerTransform
Transforming interpolator-1.0.0.aar (androidx.interpolator:interpolator:1.0.0) with JetifyTransform
Transforming interpolator-1.0.0.aar (androidx.interpolator:interpolator:1.0.0) with ExtractAarTransform
Transforming interpolator-1.0.0.aar (androidx.interpolator:interpolator:1.0.0) with AarResourcesCompilerTransform
Transforming annotation-experimental-1.3.0.aar (androidx.annotation:annotation-experimental:1.3.0) with JetifyTransform
Transforming annotation-experimental-1.3.0.aar (androidx.annotation:annotation-experimental:1.3.0) with ExtractAarTransform
Transforming annotation-experimental-1.3.0.aar (androidx.annotation:annotation-experimental:1.3.0) with AarResourcesCompilerTransform
Transforming AppIntro-6.3.1.aar (com.github.AppIntro:AppIntro:6.3.1) with JetifyTransform
Transforming AppIntro-6.3.1.aar (com.github.AppIntro:AppIntro:6.3.1) with ExtractAarTransform
Transforming AppIntro-6.3.1.aar (com.github.AppIntro:AppIntro:6.3.1) with LibrarySymbolTableTransform
Transforming localization-1.2.11.aar (com.akexorcist:localization:1.2.11) with JetifyTransform
Transforming localization-1.2.11.aar (com.akexorcist:localization:1.2.11) with ExtractAarTransform
Transforming localization-1.2.11.aar (com.akexorcist:localization:1.2.11) with LibrarySymbolTableTransform
Transforming constraintlayout-2.1.4.aar (androidx.constraintlayout:constraintlayout:2.1.4) with JetifyTransform
Transforming constraintlayout-2.1.4.aar (androidx.constraintlayout:constraintlayout:2.1.4) with ExtractAarTransform
Transforming constraintlayout-2.1.4.aar (androidx.constraintlayout:constraintlayout:2.1.4) with LibrarySymbolTableTransform
Transforming appcompat-resources-1.6.1.aar (androidx.appcompat:appcompat-resources:1.6.1) with JetifyTransform
Transforming appcompat-resources-1.6.1.aar (androidx.appcompat:appcompat-resources:1.6.1) with ExtractAarTransform
Transforming appcompat-resources-1.6.1.aar (androidx.appcompat:appcompat-resources:1.6.1) with LibrarySymbolTableTransform
Transforming appcompat-1.6.1.aar (androidx.appcompat:appcompat:1.6.1) with JetifyTransform
Transforming appcompat-1.6.1.aar (androidx.appcompat:appcompat:1.6.1) with ExtractAarTransform
Transforming appcompat-1.6.1.aar (androidx.appcompat:appcompat:1.6.1) with LibrarySymbolTableTransform
Transforming floatingactionbutton-1.3.0.aar (com.melnykov:floatingactionbutton:1.3.0) with JetifyTransform
Transforming floatingactionbutton-1.3.0.aar (com.melnykov:floatingactionbutton:1.3.0) with ExtractAarTransform
Transforming floatingactionbutton-1.3.0.aar (com.melnykov:floatingactionbutton:1.3.0) with LibrarySymbolTableTransform
Transforming recyclerview-1.1.0.aar (androidx.recyclerview:recyclerview:1.1.0) with JetifyTransform
Transforming recyclerview-1.1.0.aar (androidx.recyclerview:recyclerview:1.1.0) with ExtractAarTransform
Transforming recyclerview-1.1.0.aar (androidx.recyclerview:recyclerview:1.1.0) with LibrarySymbolTableTransform
Transforming drawerlayout-1.0.0.aar (androidx.drawerlayout:drawerlayout:1.0.0) with JetifyTransform
Transforming drawerlayout-1.0.0.aar (androidx.drawerlayout:drawerlayout:1.0.0) with ExtractAarTransform
Transforming drawerlayout-1.0.0.aar (androidx.drawerlayout:drawerlayout:1.0.0) with LibrarySymbolTableTransform
Transforming fragment-1.3.6.aar (androidx.fragment:fragment:1.3.6) with JetifyTransform
Transforming fragment-1.3.6.aar (androidx.fragment:fragment:1.3.6) with ExtractAarTransform
Transforming fragment-1.3.6.aar (androidx.fragment:fragment:1.3.6) with LibrarySymbolTableTransform
Transforming viewpager-1.0.0.aar (androidx.viewpager:viewpager:1.0.0) with JetifyTransform
Transforming viewpager-1.0.0.aar (androidx.viewpager:viewpager:1.0.0) with ExtractAarTransform
Transforming viewpager-1.0.0.aar (androidx.viewpager:viewpager:1.0.0) with LibrarySymbolTableTransform
Transforming customview-1.0.0.aar (androidx.customview:customview:1.0.0) with JetifyTransform
Transforming customview-1.0.0.aar (androidx.customview:customview:1.0.0) with ExtractAarTransform
Transforming customview-1.0.0.aar (androidx.customview:customview:1.0.0) with LibrarySymbolTableTransform
Transforming activity-ktx-1.6.0.aar (androidx.activity:activity-ktx:1.6.0) with JetifyTransform
Transforming activity-ktx-1.6.0.aar (androidx.activity:activity-ktx:1.6.0) with ExtractAarTransform
Transforming activity-ktx-1.6.0.aar (androidx.activity:activity-ktx:1.6.0) with LibrarySymbolTableTransform
Transforming activity-1.6.0.aar (androidx.activity:activity:1.6.0) with JetifyTransform
Transforming activity-1.6.0.aar (androidx.activity:activity:1.6.0) with ExtractAarTransform
Transforming activity-1.6.0.aar (androidx.activity:activity:1.6.0) with LibrarySymbolTableTransform
Transforming emoji2-views-helper-1.2.0.aar (androidx.emoji2:emoji2-views-helper:1.2.0) with JetifyTransform
Transforming emoji2-views-helper-1.2.0.aar (androidx.emoji2:emoji2-views-helper:1.2.0) with ExtractAarTransform
Transforming emoji2-views-helper-1.2.0.aar (androidx.emoji2:emoji2-views-helper:1.2.0) with LibrarySymbolTableTransform
Transforming emoji2-1.2.0.aar (androidx.emoji2:emoji2:1.2.0) with JetifyTransform
Transforming emoji2-1.2.0.aar (androidx.emoji2:emoji2:1.2.0) with ExtractAarTransform
Transforming emoji2-1.2.0.aar (androidx.emoji2:emoji2:1.2.0) with LibrarySymbolTableTransform
Transforming loader-1.0.0.aar (androidx.loader:loader:1.0.0) with JetifyTransform
Transforming loader-1.0.0.aar (androidx.loader:loader:1.0.0) with ExtractAarTransform
Transforming loader-1.0.0.aar (androidx.loader:loader:1.0.0) with LibrarySymbolTableTransform
Transforming lifecycle-viewmodel-ktx-2.5.1.aar (androidx.lifecycle:lifecycle-viewmodel-ktx:2.5.1) with JetifyTransform
Transforming lifecycle-viewmodel-ktx-2.5.1.aar (androidx.lifecycle:lifecycle-viewmodel-ktx:2.5.1) with ExtractAarTransform
Transforming lifecycle-viewmodel-ktx-2.5.1.aar (androidx.lifecycle:lifecycle-viewmodel-ktx:2.5.1) with LibrarySymbolTableTransform
Transforming lifecycle-viewmodel-2.5.1.aar (androidx.lifecycle:lifecycle-viewmodel:2.5.1) with JetifyTransform
Transforming lifecycle-viewmodel-2.5.1.aar (androidx.lifecycle:lifecycle-viewmodel:2.5.1) with ExtractAarTransform
Transforming lifecycle-viewmodel-2.5.1.aar (androidx.lifecycle:lifecycle-viewmodel:2.5.1) with LibrarySymbolTableTransform
Transforming lifecycle-viewmodel-2.5.1.aar (androidx.lifecycle:lifecycle-viewmodel:2.5.1) with JetifyTransform
Transforming lifecycle-viewmodel-2.5.1.aar (androidx.lifecycle:lifecycle-viewmodel:2.5.1) with ExtractAarTransform
Transforming lifecycle-viewmodel-2.5.1.aar (androidx.lifecycle:lifecycle-viewmodel:2.5.1) with LibrarySymbolTableTransform
Transforming lifecycle-viewmodel-savedstate-2.5.1.aar (androidx.lifecycle:lifecycle-viewmodel-savedstate:2.5.1) with JetifyTransform
Transforming lifecycle-viewmodel-savedstate-2.5.1.aar (androidx.lifecycle:lifecycle-viewmodel-savedstate:2.5.1) with ExtractAarTransform
Transforming lifecycle-viewmodel-savedstate-2.5.1.aar (androidx.lifecycle:lifecycle-viewmodel-savedstate:2.5.1) with LibrarySymbolTableTransform
Transforming core-ktx-1.9.0.aar (androidx.core:core-ktx:1.9.0) with JetifyTransform
Transforming core-ktx-1.9.0.aar (androidx.core:core-ktx:1.9.0) with ExtractAarTransform
Transforming core-ktx-1.9.0.aar (androidx.core:core-ktx:1.9.0) with LibrarySymbolTableTransform
Transforming vectordrawable-animated-1.1.0.aar (androidx.vectordrawable:vectordrawable-animated:1.1.0) with JetifyTransform
Transforming vectordrawable-animated-1.1.0.aar (androidx.vectordrawable:vectordrawable-animated:1.1.0) with ExtractAarTransform
Transforming vectordrawable-animated-1.1.0.aar (androidx.vectordrawable:vectordrawable-animated:1.1.0) with LibrarySymbolTableTransform
Transforming vectordrawable-1.1.0.aar (androidx.vectordrawable:vectordrawable:1.1.0) with JetifyTransform
Transforming vectordrawable-1.1.0.aar (androidx.vectordrawable:vectordrawable:1.1.0) with ExtractAarTransform
Transforming vectordrawable-1.1.0.aar (androidx.vectordrawable:vectordrawable:1.1.0) with LibrarySymbolTableTransform
Transforming vectordrawable-1.1.0.aar (androidx.vectordrawable:vectordrawable:1.1.0) with JetifyTransform
Transforming vectordrawable-1.1.0.aar (androidx.vectordrawable:vectordrawable:1.1.0) with ExtractAarTransform
Transforming vectordrawable-1.1.0.aar (androidx.vectordrawable:vectordrawable:1.1.0) with LibrarySymbolTableTransform
Transforming core-1.9.0.aar (androidx.core:core:1.9.0) with JetifyTransform
Transforming core-1.9.0.aar (androidx.core:core:1.9.0) with ExtractAarTransform
Transforming core-1.9.0.aar (androidx.core:core:1.9.0) with LibrarySymbolTableTransform
Transforming core-1.9.0.aar (androidx.core:core:1.9.0) with JetifyTransform
Transforming core-1.9.0.aar (androidx.core:core:1.9.0) with ExtractAarTransform
Transforming core-1.9.0.aar (androidx.core:core:1.9.0) with LibrarySymbolTableTransform
Transforming cursoradapter-1.0.0.aar (androidx.cursoradapter:cursoradapter:1.0.0) with JetifyTransform
Transforming cursoradapter-1.0.0.aar (androidx.cursoradapter:cursoradapter:1.0.0) with ExtractAarTransform
Transforming cursoradapter-1.0.0.aar (androidx.cursoradapter:cursoradapter:1.0.0) with LibrarySymbolTableTransform
Transforming lifecycle-process-2.4.1.aar (androidx.lifecycle:lifecycle-process:2.4.1) with JetifyTransform
Transforming lifecycle-process-2.4.1.aar (androidx.lifecycle:lifecycle-process:2.4.1) with ExtractAarTransform
Transforming lifecycle-process-2.4.1.aar (androidx.lifecycle:lifecycle-process:2.4.1) with LibrarySymbolTableTransform
Transforming lifecycle-runtime-ktx-2.5.1.aar (androidx.lifecycle:lifecycle-runtime-ktx:2.5.1) with JetifyTransform
Transforming lifecycle-runtime-ktx-2.5.1.aar (androidx.lifecycle:lifecycle-runtime-ktx:2.5.1) with ExtractAarTransform
Transforming lifecycle-runtime-ktx-2.5.1.aar (androidx.lifecycle:lifecycle-runtime-ktx:2.5.1) with LibrarySymbolTableTransform
Transforming lifecycle-runtime-2.5.1.aar (androidx.lifecycle:lifecycle-runtime:2.5.1) with JetifyTransform
Transforming lifecycle-runtime-2.5.1.aar (androidx.lifecycle:lifecycle-runtime:2.5.1) with ExtractAarTransform
Transforming lifecycle-runtime-2.5.1.aar (androidx.lifecycle:lifecycle-runtime:2.5.1) with LibrarySymbolTableTransform
Transforming savedstate-ktx-1.2.0.aar (androidx.savedstate:savedstate-ktx:1.2.0) with JetifyTransform
Transforming savedstate-ktx-1.2.0.aar (androidx.savedstate:savedstate-ktx:1.2.0) with ExtractAarTransform
Transforming savedstate-ktx-1.2.0.aar (androidx.savedstate:savedstate-ktx:1.2.0) with LibrarySymbolTableTransform
Transforming savedstate-1.2.0.aar (androidx.savedstate:savedstate:1.2.0) with JetifyTransform
Transforming savedstate-1.2.0.aar (androidx.savedstate:savedstate:1.2.0) with ExtractAarTransform
Transforming savedstate-1.2.0.aar (androidx.savedstate:savedstate:1.2.0) with LibrarySymbolTableTransform
Transforming versionedparcelable-1.1.1.aar (androidx.versionedparcelable:versionedparcelable:1.1.1) with JetifyTransform
Transforming versionedparcelable-1.1.1.aar (androidx.versionedparcelable:versionedparcelable:1.1.1) with ExtractAarTransform
Transforming versionedparcelable-1.1.1.aar (androidx.versionedparcelable:versionedparcelable:1.1.1) with LibrarySymbolTableTransform
Transforming startup-runtime-1.1.1.aar (androidx.startup:startup-runtime:1.1.1) with JetifyTransform
Transforming startup-runtime-1.1.1.aar (androidx.startup:startup-runtime:1.1.1) with ExtractAarTransform
Transforming startup-runtime-1.1.1.aar (androidx.startup:startup-runtime:1.1.1) with LibrarySymbolTableTransform
Transforming tracing-1.0.0.aar (androidx.tracing:tracing:1.0.0) with JetifyTransform
Transforming tracing-1.0.0.aar (androidx.tracing:tracing:1.0.0) with ExtractAarTransform
Transforming tracing-1.0.0.aar (androidx.tracing:tracing:1.0.0) with LibrarySymbolTableTransform
Transforming lifecycle-livedata-2.0.0.aar (androidx.lifecycle:lifecycle-livedata:2.0.0) with JetifyTransform
Transforming lifecycle-livedata-2.0.0.aar (androidx.lifecycle:lifecycle-livedata:2.0.0) with ExtractAarTransform
Transforming lifecycle-livedata-2.0.0.aar (androidx.lifecycle:lifecycle-livedata:2.0.0) with LibrarySymbolTableTransform
Transforming lifecycle-livedata-core-2.5.1.aar (androidx.lifecycle:lifecycle-livedata-core:2.5.1) with JetifyTransform
Transforming lifecycle-livedata-core-2.5.1.aar (androidx.lifecycle:lifecycle-livedata-core:2.5.1) with ExtractAarTransform
Transforming lifecycle-livedata-core-2.5.1.aar (androidx.lifecycle:lifecycle-livedata-core:2.5.1) with LibrarySymbolTableTransform
Transforming lifecycle-livedata-core-2.5.1.aar (androidx.lifecycle:lifecycle-livedata-core:2.5.1) with JetifyTransform
Transforming lifecycle-livedata-core-2.5.1.aar (androidx.lifecycle:lifecycle-livedata-core:2.5.1) with ExtractAarTransform
Transforming lifecycle-livedata-core-2.5.1.aar (androidx.lifecycle:lifecycle-livedata-core:2.5.1) with LibrarySymbolTableTransform
Transforming core-runtime-2.1.0.aar (androidx.arch.core:core-runtime:2.1.0) with JetifyTransform
Transforming core-runtime-2.1.0.aar (androidx.arch.core:core-runtime:2.1.0) with ExtractAarTransform
Transforming core-runtime-2.1.0.aar (androidx.arch.core:core-runtime:2.1.0) with LibrarySymbolTableTransform
Transforming core-runtime-2.1.0.aar (androidx.arch.core:core-runtime:2.1.0) with JetifyTransform
Transforming core-runtime-2.1.0.aar (androidx.arch.core:core-runtime:2.1.0) with ExtractAarTransform
Transforming core-runtime-2.1.0.aar (androidx.arch.core:core-runtime:2.1.0) with LibrarySymbolTableTransform
Transforming interpolator-1.0.0.aar (androidx.interpolator:interpolator:1.0.0) with JetifyTransform
Transforming interpolator-1.0.0.aar (androidx.interpolator:interpolator:1.0.0) with ExtractAarTransform
Transforming interpolator-1.0.0.aar (androidx.interpolator:interpolator:1.0.0) with LibrarySymbolTableTransform
Transforming annotation-experimental-1.3.0.aar (androidx.annotation:annotation-experimental:1.3.0) with JetifyTransform
Transforming annotation-experimental-1.3.0.aar (androidx.annotation:annotation-experimental:1.3.0) with ExtractAarTransform
Transforming annotation-experimental-1.3.0.aar (androidx.annotation:annotation-experimental:1.3.0) with LibrarySymbolTableTransform
Caching disabled for task ':app:processDebugResources' because:
  Build cache is disabled
Task ':app:processDebugResources' is not up-to-date because:
  Value of input property 'outputsHandler.variantOutputs.$0.versionCode' has changed for task ':app:processDebugResources'
  Value of input property 'outputsHandler.variantOutputs.$0.versionName' has changed for task ':app:processDebugResources'
The input changes require a full rebuild for incremental task ':app:processDebugResources'.
AAPT2 aapt2-8.10.0-12782657-linux Daemon #0: starting
Aapt output file /home/fekerr/src/ingress-intel-total-conversion/mobile/app/build/intermediates/linked_resources_binary_format/debug/processDebugResources/linked-resources-binary-format-debug.ap_
Resolve mutations for :app:compileDebugJavaWithJavac (Thread[#392,Execution worker Thread 11,5,main]) started.
:app:compileDebugJavaWithJavac (Thread[#392,Execution worker Thread 11,5,main]) started.

> Task :app:compileDebugJavaWithJavac
Transforming localization-1.2.11.aar (com.akexorcist:localization:1.2.11) with JetifyTransform
Transforming localization-1.2.11.aar (com.akexorcist:localization:1.2.11) with AarToClassTransform
Transforming appcompat-1.6.1.aar (androidx.appcompat:appcompat:1.6.1) with JetifyTransform
Transforming appcompat-1.6.1.aar (androidx.appcompat:appcompat:1.6.1) with AarToClassTransform
Transforming okhttp-3.12.1.jar (com.squareup.okhttp3:okhttp:3.12.1) with JetifyTransform
Transforming okhttp-3.12.1.jar (com.squareup.okhttp3:okhttp:3.12.1) with IdentityTransform
Transforming AppIntro-6.3.1.aar (com.github.AppIntro:AppIntro:6.3.1) with JetifyTransform
Transforming AppIntro-6.3.1.aar (com.github.AppIntro:AppIntro:6.3.1) with AarToClassTransform
Transforming commons-text-1.8.jar (org.apache.commons:commons-text:1.8) with JetifyTransform
Transforming commons-text-1.8.jar (org.apache.commons:commons-text:1.8) with IdentityTransform
Transforming floatingactionbutton-1.3.0.aar (com.melnykov:floatingactionbutton:1.3.0) with JetifyTransform
Transforming floatingactionbutton-1.3.0.aar (com.melnykov:floatingactionbutton:1.3.0) with AarToClassTransform
Transforming recyclerview-1.1.0.aar (androidx.recyclerview:recyclerview:1.1.0) with JetifyTransform
Transforming recyclerview-1.1.0.aar (androidx.recyclerview:recyclerview:1.1.0) with AarToClassTransform
Transforming fragment-1.3.6.aar (androidx.fragment:fragment:1.3.6) with JetifyTransform
Transforming fragment-1.3.6.aar (androidx.fragment:fragment:1.3.6) with AarToClassTransform
Transforming activity-ktx-1.6.0.aar (androidx.activity:activity-ktx:1.6.0) with JetifyTransform
Transforming activity-ktx-1.6.0.aar (androidx.activity:activity-ktx:1.6.0) with AarToClassTransform
Transforming activity-1.6.0.aar (androidx.activity:activity:1.6.0) with JetifyTransform
Transforming activity-1.6.0.aar (androidx.activity:activity:1.6.0) with AarToClassTransform
Transforming appcompat-resources-1.6.1.aar (androidx.appcompat:appcompat-resources:1.6.1) with JetifyTransform
Transforming appcompat-resources-1.6.1.aar (androidx.appcompat:appcompat-resources:1.6.1) with AarToClassTransform
Transforming drawerlayout-1.0.0.aar (androidx.drawerlayout:drawerlayout:1.0.0) with JetifyTransform
Transforming drawerlayout-1.0.0.aar (androidx.drawerlayout:drawerlayout:1.0.0) with AarToClassTransform
Transforming viewpager-1.0.0.aar (androidx.viewpager:viewpager:1.0.0) with JetifyTransform
Transforming viewpager-1.0.0.aar (androidx.viewpager:viewpager:1.0.0) with AarToClassTransform
Transforming customview-1.0.0.aar (androidx.customview:customview:1.0.0) with JetifyTransform
Transforming customview-1.0.0.aar (androidx.customview:customview:1.0.0) with AarToClassTransform
Transforming vectordrawable-animated-1.1.0.aar (androidx.vectordrawable:vectordrawable-animated:1.1.0) with JetifyTransform
Transforming vectordrawable-animated-1.1.0.aar (androidx.vectordrawable:vectordrawable-animated:1.1.0) with AarToClassTransform
Transforming vectordrawable-1.1.0.aar (androidx.vectordrawable:vectordrawable:1.1.0) with JetifyTransform
Transforming vectordrawable-1.1.0.aar (androidx.vectordrawable:vectordrawable:1.1.0) with AarToClassTransform
Transforming vectordrawable-1.1.0.aar (androidx.vectordrawable:vectordrawable:1.1.0) with JetifyTransform
Transforming vectordrawable-1.1.0.aar (androidx.vectordrawable:vectordrawable:1.1.0) with AarToClassTransform
Transforming loader-1.0.0.aar (androidx.loader:loader:1.0.0) with JetifyTransform
Transforming loader-1.0.0.aar (androidx.loader:loader:1.0.0) with AarToClassTransform
Transforming lifecycle-viewmodel-savedstate-2.5.1.aar (androidx.lifecycle:lifecycle-viewmodel-savedstate:2.5.1) with JetifyTransform
Transforming lifecycle-viewmodel-savedstate-2.5.1.aar (androidx.lifecycle:lifecycle-viewmodel-savedstate:2.5.1) with AarToClassTransform
Transforming core-ktx-1.9.0.aar (androidx.core:core-ktx:1.9.0) with JetifyTransform
Transforming core-ktx-1.9.0.aar (androidx.core:core-ktx:1.9.0) with AarToClassTransform
Transforming core-1.9.0.aar (androidx.core:core:1.9.0) with JetifyTransform
Transforming core-1.9.0.aar (androidx.core:core:1.9.0) with AarToClassTransform
Transforming core-1.9.0.aar (androidx.core:core:1.9.0) with JetifyTransform
Transforming core-1.9.0.aar (androidx.core:core:1.9.0) with AarToClassTransform
Transforming cursoradapter-1.0.0.aar (androidx.cursoradapter:cursoradapter:1.0.0) with JetifyTransform
Transforming cursoradapter-1.0.0.aar (androidx.cursoradapter:cursoradapter:1.0.0) with AarToClassTransform
Transforming savedstate-ktx-1.2.0.aar (androidx.savedstate:savedstate-ktx:1.2.0) with JetifyTransform
Transforming savedstate-ktx-1.2.0.aar (androidx.savedstate:savedstate-ktx:1.2.0) with AarToClassTransform
Transforming savedstate-1.2.0.aar (androidx.savedstate:savedstate:1.2.0) with JetifyTransform
Transforming savedstate-1.2.0.aar (androidx.savedstate:savedstate:1.2.0) with AarToClassTransform
Transforming versionedparcelable-1.1.1.aar (androidx.versionedparcelable:versionedparcelable:1.1.1) with JetifyTransform
Transforming versionedparcelable-1.1.1.aar (androidx.versionedparcelable:versionedparcelable:1.1.1) with AarToClassTransform
Transforming collection-1.1.0.jar (androidx.collection:collection:1.1.0) with JetifyTransform
Transforming collection-1.1.0.jar (androidx.collection:collection:1.1.0) with IdentityTransform
Transforming lifecycle-runtime-ktx-2.5.1.aar (androidx.lifecycle:lifecycle-runtime-ktx:2.5.1) with JetifyTransform
Transforming lifecycle-runtime-ktx-2.5.1.aar (androidx.lifecycle:lifecycle-runtime-ktx:2.5.1) with AarToClassTransform
Transforming lifecycle-runtime-2.5.1.aar (androidx.lifecycle:lifecycle-runtime:2.5.1) with JetifyTransform
Transforming lifecycle-runtime-2.5.1.aar (androidx.lifecycle:lifecycle-runtime:2.5.1) with AarToClassTransform
Transforming lifecycle-viewmodel-ktx-2.5.1.aar (androidx.lifecycle:lifecycle-viewmodel-ktx:2.5.1) with JetifyTransform
Transforming lifecycle-viewmodel-ktx-2.5.1.aar (androidx.lifecycle:lifecycle-viewmodel-ktx:2.5.1) with AarToClassTransform
Transforming lifecycle-viewmodel-2.5.1.aar (androidx.lifecycle:lifecycle-viewmodel:2.5.1) with JetifyTransform
Transforming lifecycle-viewmodel-2.5.1.aar (androidx.lifecycle:lifecycle-viewmodel:2.5.1) with AarToClassTransform
Transforming lifecycle-viewmodel-2.5.1.aar (androidx.lifecycle:lifecycle-viewmodel:2.5.1) with JetifyTransform
Transforming lifecycle-viewmodel-2.5.1.aar (androidx.lifecycle:lifecycle-viewmodel:2.5.1) with AarToClassTransform
Transforming lifecycle-livedata-2.0.0.aar (androidx.lifecycle:lifecycle-livedata:2.0.0) with JetifyTransform
Transforming lifecycle-livedata-2.0.0.aar (androidx.lifecycle:lifecycle-livedata:2.0.0) with AarToClassTransform
Transforming core-runtime-2.1.0.aar (androidx.arch.core:core-runtime:2.1.0) with JetifyTransform
Transforming core-runtime-2.1.0.aar (androidx.arch.core:core-runtime:2.1.0) with AarToClassTransform
Transforming core-common-2.1.0.jar (androidx.arch.core:core-common:2.1.0) with JetifyTransform
Transforming core-common-2.1.0.jar (androidx.arch.core:core-common:2.1.0) with IdentityTransform
Transforming lifecycle-livedata-core-2.5.1.aar (androidx.lifecycle:lifecycle-livedata-core:2.5.1) with JetifyTransform
Transforming lifecycle-livedata-core-2.5.1.aar (androidx.lifecycle:lifecycle-livedata-core:2.5.1) with AarToClassTransform
Transforming lifecycle-livedata-core-2.5.1.aar (androidx.lifecycle:lifecycle-livedata-core:2.5.1) with JetifyTransform
Transforming lifecycle-livedata-core-2.5.1.aar (androidx.lifecycle:lifecycle-livedata-core:2.5.1) with AarToClassTransform
Transforming lifecycle-common-2.5.1.jar (androidx.lifecycle:lifecycle-common:2.5.1) with JetifyTransform
Transforming lifecycle-common-2.5.1.jar (androidx.lifecycle:lifecycle-common:2.5.1) with IdentityTransform
Transforming interpolator-1.0.0.aar (androidx.interpolator:interpolator:1.0.0) with JetifyTransform
Transforming interpolator-1.0.0.aar (androidx.interpolator:interpolator:1.0.0) with AarToClassTransform
Transforming annotation-jvm-1.6.0.jar (androidx.annotation:annotation-jvm:1.6.0) with JetifyTransform
Transforming annotation-jvm-1.6.0.jar (androidx.annotation:annotation-jvm:1.6.0) with IdentityTransform
Transforming kotlinx-coroutines-core-jvm-1.6.1.jar (org.jetbrains.kotlinx:kotlinx-coroutines-core-jvm:1.6.1) with JetifyTransform
Transforming kotlinx-coroutines-core-jvm-1.6.1.jar (org.jetbrains.kotlinx:kotlinx-coroutines-core-jvm:1.6.1) with IdentityTransform
Transforming kotlinx-coroutines-android-1.6.1.jar (org.jetbrains.kotlinx:kotlinx-coroutines-android:1.6.1) with JetifyTransform
Transforming kotlinx-coroutines-android-1.6.1.jar (org.jetbrains.kotlinx:kotlinx-coroutines-android:1.6.1) with IdentityTransform
Transforming kotlin-stdlib-jdk8-1.9.0.jar (org.jetbrains.kotlin:kotlin-stdlib-jdk8:1.9.0) with JetifyTransform
Transforming kotlin-stdlib-jdk8-1.9.0.jar (org.jetbrains.kotlin:kotlin-stdlib-jdk8:1.9.0) with IdentityTransform
Transforming kotlin-stdlib-jdk7-1.9.0.jar (org.jetbrains.kotlin:kotlin-stdlib-jdk7:1.9.0) with JetifyTransform
Transforming kotlin-stdlib-jdk7-1.9.0.jar (org.jetbrains.kotlin:kotlin-stdlib-jdk7:1.9.0) with IdentityTransform
Transforming annotation-experimental-1.3.0.aar (androidx.annotation:annotation-experimental:1.3.0) with JetifyTransform
Transforming annotation-experimental-1.3.0.aar (androidx.annotation:annotation-experimental:1.3.0) with AarToClassTransform
Transforming kotlin-stdlib-1.9.0.jar (org.jetbrains.kotlin:kotlin-stdlib:1.9.0) with JetifyTransform
Transforming kotlin-stdlib-1.9.0.jar (org.jetbrains.kotlin:kotlin-stdlib:1.9.0) with IdentityTransform
Transforming kotlin-stdlib-common-1.9.0.jar (org.jetbrains.kotlin:kotlin-stdlib-common:1.9.0) with JetifyTransform
Transforming kotlin-stdlib-common-1.9.0.jar (org.jetbrains.kotlin:kotlin-stdlib-common:1.9.0) with IdentityTransform
Transforming annotations-13.0.jar (org.jetbrains:annotations:13.0) with JetifyTransform
Transforming annotations-13.0.jar (org.jetbrains:annotations:13.0) with IdentityTransform
Transforming okio-1.15.0.jar (com.squareup.okio:okio:1.15.0) with JetifyTransform
Transforming okio-1.15.0.jar (com.squareup.okio:okio:1.15.0) with IdentityTransform
Transforming commons-lang3-3.9.jar (org.apache.commons:commons-lang3:3.9) with JetifyTransform
Transforming commons-lang3-3.9.jar (org.apache.commons:commons-lang3:3.9) with IdentityTransform
Transforming library-2.4.0.jar (com.nineoldandroids:library:2.4.0) with JetifyTransform
Transforming library-2.4.0.jar (com.nineoldandroids:library:2.4.0) with IdentityTransform
Transforming core-for-system-modules.jar with JdkImageTransform
Transforming core-for-system-modules.jar with JdkImageTransform
Transforming core-for-system-modules.jar with JdkImageTransform
Transforming core-for-system-modules.jar with JdkImageTransform
Transforming core-for-system-modules.jar with JdkImageTransform
Transforming core-for-system-modules.jar with JdkImageTransform
Custom actions are attached to task ':app:compileDebugJavaWithJavac'.
Caching disabled for task ':app:compileDebugJavaWithJavac' because:
  Build cache is disabled
Task ':app:compileDebugJavaWithJavac' is not up-to-date because:
  Input property 'stableSources' file /home/fekerr/src/ingress-intel-total-conversion/mobile/app/build/generated/source/buildConfig/debug/org/exarhteam/iitc_mobile/BuildConfig.java has changed.
Compilation mode: in-process compilation
Transforming core-for-system-modules.jar with JdkImageTransform
Created classpath snapshot for incremental compilation in 0.015 secs.
file or directory '/home/fekerr/src/ingress-intel-total-conversion/mobile/app/src/debug/java', not found
Compiling with toolchain '/usr/lib/jvm/java-21-openjdk-amd64'.
file or directory '/home/fekerr/src/ingress-intel-total-conversion/mobile/app/src/debug/java', not found
Compiling with JDK Java compiler API.
/home/fekerr/src/ingress-intel-total-conversion/mobile/app/src/main/java/org/exarhteam/iitc_mobile/IITC_Mobile.java:196: warning: [deprecation] FEATURE_PROGRESS in Window has been deprecated
        requestWindowFeature(Window.FEATURE_PROGRESS);
                                   ^
/home/fekerr/src/ingress-intel-total-conversion/mobile/app/src/main/java/org/exarhteam/iitc_mobile/IITC_Mobile.java:246: warning: [deprecation] PreferenceManager in android.preference has been deprecated
        mSharedPrefs = PreferenceManager.getDefaultSharedPreferences(this);
                       ^
/home/fekerr/src/ingress-intel-total-conversion/mobile/app/src/main/java/org/exarhteam/iitc_mobile/IITC_Mobile.java:246: warning: [deprecation] getDefaultSharedPreferences(Context) in PreferenceManager has been deprecated
        mSharedPrefs = PreferenceManager.getDefaultSharedPreferences(this);
                                        ^
/home/fekerr/src/ingress-intel-total-conversion/mobile/app/src/main/java/org/exarhteam/iitc_mobile/IITC_Mobile.java:641: warning: [deprecation] Handler() in Handler has been deprecated
            new Handler().postDelayed(new Runnable() {
            ^
/home/fekerr/src/ingress-intel-total-conversion/mobile/app/src/main/java/org/exarhteam/iitc_mobile/IITC_Mobile.java:836: warning: [deprecation] removeAllCookie() in CookieManager has been deprecated
                cm.removeAllCookie();
                  ^
/home/fekerr/src/ingress-intel-total-conversion/mobile/app/src/main/java/org/exarhteam/iitc_mobile/IITC_Mobile.java:902: warning: [deprecation] startActivityForResult(Intent,int) in ComponentActivity has been deprecated
        startActivityForResult(launch, RESULT_FIRST_USER + index);
        ^
/home/fekerr/src/ingress-intel-total-conversion/mobile/app/src/main/java/org/exarhteam/iitc_mobile/IITC_Mobile.java:951: warning: [deprecation] Handler() in Handler has been deprecated
            new Handler().postDelayed(new Runnable() {
            ^
/home/fekerr/src/ingress-intel-total-conversion/mobile/app/src/main/java/org/exarhteam/iitc_mobile/IITC_Mobile.java:1124: warning: [deprecation] allowScanningByMediaScanner() in Request has been deprecated
        request.allowScanningByMediaScanner();
               ^
/home/fekerr/src/ingress-intel-total-conversion/mobile/app/src/main/java/org/exarhteam/iitc_mobile/IITC_Mobile.java:1204: warning: [deprecation] FILL_PARENT in LayoutParams has been deprecated
        mIitcWebView.setLayoutParams(new LinearLayout.LayoutParams(mIitcWebView.getWidth()+10, LinearLayout.LayoutParams.FILL_PARENT));
                                                                                                                        ^
/home/fekerr/src/ingress-intel-total-conversion/mobile/app/src/main/java/org/exarhteam/iitc_mobile/IITC_Mobile.java:1208: warning: [deprecation] Handler() in Handler has been deprecated
        new Handler().postDelayed(() -> {
        ^
/home/fekerr/src/ingress-intel-total-conversion/mobile/app/src/main/java/org/exarhteam/iitc_mobile/prefs/ShareDebugInfoPreference.java:21: warning: [deprecation] Preference in android.preference has been deprecated
public class ShareDebugInfoPreference extends Preference {
                                              ^
/home/fekerr/src/ingress-intel-total-conversion/mobile/app/src/main/java/org/exarhteam/iitc_mobile/prefs/ShareDebugInfoPreference.java:28: warning: [deprecation] Preference(Context,AttributeSet) in Preference has been deprecated
        super(context, attrs);
        ^
/home/fekerr/src/ingress-intel-total-conversion/mobile/app/src/main/java/org/exarhteam/iitc_mobile/prefs/ShareDebugInfoPreference.java:32: warning: [deprecation] onClick() in Preference has been deprecated
    protected void onClick() {
                   ^
/home/fekerr/src/ingress-intel-total-conversion/mobile/app/src/main/java/org/exarhteam/iitc_mobile/prefs/ShareDebugInfoPreference.java:33: warning: [deprecation] onClick() in Preference has been deprecated
        super.onClick();
             ^
/home/fekerr/src/ingress-intel-total-conversion/mobile/app/src/main/java/org/exarhteam/iitc_mobile/prefs/ShareDebugInfoPreference.java:35: warning: [deprecation] getContext() in Preference has been deprecated
        LayoutInflater layoutInflater = (LayoutInflater) getContext().getSystemService(Context.LAYOUT_INFLATER_SERVICE);
                                                         ^
/home/fekerr/src/ingress-intel-total-conversion/mobile/app/src/main/java/org/exarhteam/iitc_mobile/prefs/ShareDebugInfoPreference.java:38: warning: [deprecation] fromHtml(String) in Html has been deprecated
        dialogView.<TextView>findViewById(R.id.debug_info_dialog_text).setText(Html.fromHtml(createDialogText()));
                                                                                   ^
/home/fekerr/src/ingress-intel-total-conversion/mobile/app/src/main/java/org/exarhteam/iitc_mobile/prefs/ShareDebugInfoPreference.java:40: warning: [deprecation] getContext() in Preference has been deprecated
        AlertDialog dialog = new AlertDialog.Builder(getContext())
                                                     ^
/home/fekerr/src/ingress-intel-total-conversion/mobile/app/src/main/java/org/exarhteam/iitc_mobile/prefs/ShareDebugInfoPreference.java:63: warning: [deprecation] getContext() in Preference has been deprecated
        return getContext().getString(R.string.debug_info_dialog_text, manufacturer, model, version, versionRelease, buildVersion, BuildConfig.BUILD_TYPE, iitcVersion, originalUserAgent, userAgent, getBooleanDescription("pref_fake_user_agent", false), getUserPluginCount());
               ^
/home/fekerr/src/ingress-intel-total-conversion/mobile/app/src/main/java/org/exarhteam/iitc_mobile/prefs/ShareDebugInfoPreference.java:72: warning: [deprecation] PreferenceManager in android.preference has been deprecated
        SharedPreferences preferences = PreferenceManager.getDefaultSharedPreferences(getContext());
                                        ^
/home/fekerr/src/ingress-intel-total-conversion/mobile/app/src/main/java/org/exarhteam/iitc_mobile/prefs/ShareDebugInfoPreference.java:72: warning: [deprecation] getContext() in Preference has been deprecated
        SharedPreferences preferences = PreferenceManager.getDefaultSharedPreferences(getContext());
                                                                                      ^
/home/fekerr/src/ingress-intel-total-conversion/mobile/app/src/main/java/org/exarhteam/iitc_mobile/prefs/ShareDebugInfoPreference.java:72: warning: [deprecation] getDefaultSharedPreferences(Context) in PreferenceManager has been deprecated
        SharedPreferences preferences = PreferenceManager.getDefaultSharedPreferences(getContext());
                                                         ^
/home/fekerr/src/ingress-intel-total-conversion/mobile/app/src/main/java/org/exarhteam/iitc_mobile/prefs/ShareDebugInfoPreference.java:82: warning: [deprecation] getSharedPreferences() in Preference has been deprecated
        boolean value = getSharedPreferences().getBoolean(prefPopup, defaultValue);
                        ^
/home/fekerr/src/ingress-intel-total-conversion/mobile/app/src/main/java/org/exarhteam/iitc_mobile/prefs/ShareDebugInfoPreference.java:84: warning: [deprecation] getContext() in Preference has been deprecated
            return getContext().getString(R.string.pref_enabled);
                   ^
/home/fekerr/src/ingress-intel-total-conversion/mobile/app/src/main/java/org/exarhteam/iitc_mobile/prefs/ShareDebugInfoPreference.java:86: warning: [deprecation] getContext() in Preference has been deprecated
        return getContext().getString(R.string.pref_disabled);
               ^
/home/fekerr/src/ingress-intel-total-conversion/mobile/app/src/main/java/org/exarhteam/iitc_mobile/share/ShareActivity.java:27: warning: [deprecation] TabListener in ActionBar has been deprecated
public class ShareActivity extends FragmentActivity implements ActionBar.TabListener {
                                                                        ^
/home/fekerr/src/ingress-intel-total-conversion/mobile/app/src/main/java/org/exarhteam/iitc_mobile/share/ShareActivity.java:258: warning: [deprecation] onTabReselected(Tab,FragmentTransaction) in TabListener has been deprecated
    public void onTabReselected(final ActionBar.Tab tab, final FragmentTransaction fragmentTransaction) {
                ^
/home/fekerr/src/ingress-intel-total-conversion/mobile/app/src/main/java/org/exarhteam/iitc_mobile/share/ShareActivity.java:269: warning: [deprecation] onTabUnselected(Tab,FragmentTransaction) in TabListener has been deprecated
    public void onTabUnselected(final ActionBar.Tab tab, final FragmentTransaction fragmentTransaction) {
                ^
/home/fekerr/src/ingress-intel-total-conversion/mobile/app/src/main/java/org/exarhteam/iitc_mobile/share/ShareActivity.java:262: warning: [deprecation] onTabSelected(Tab,FragmentTransaction) in TabListener has been deprecated
    public void onTabSelected(final ActionBar.Tab tab, final FragmentTransaction fragmentTransaction) {
                ^
/home/fekerr/src/ingress-intel-total-conversion/mobile/app/src/main/java/org/exarhteam/iitc_mobile/share/ShareActivity.java:130: warning: [deprecation] PreferenceManager in android.preference has been deprecated
        mSharedPrefs = PreferenceManager.getDefaultSharedPreferences(this);
                       ^
/home/fekerr/src/ingress-intel-total-conversion/mobile/app/src/main/java/org/exarhteam/iitc_mobile/share/ShareActivity.java:130: warning: [deprecation] getDefaultSharedPreferences(Context) in PreferenceManager has been deprecated
        mSharedPrefs = PreferenceManager.getDefaultSharedPreferences(this);
                                        ^
/home/fekerr/src/ingress-intel-total-conversion/mobile/app/src/main/java/org/exarhteam/iitc_mobile/share/ShareActivity.java:174: warning: [deprecation] <T>getParcelableExtra(String) in Intent has been deprecated
            final Uri uri = intent.getParcelableExtra("uri");
                                  ^
  where T is a type-variable:
    T extends Parcelable declared in method <T>getParcelableExtra(String)
/home/fekerr/src/ingress-intel-total-conversion/mobile/app/src/main/java/org/exarhteam/iitc_mobile/share/ShareActivity.java:196: warning: [deprecation] getNavigationMode() in ActionBar has been deprecated
                if (actionBar.getNavigationMode() != ActionBar.NAVIGATION_MODE_STANDARD) {
                             ^
/home/fekerr/src/ingress-intel-total-conversion/mobile/app/src/main/java/org/exarhteam/iitc_mobile/share/ShareActivity.java:196: warning: [deprecation] NAVIGATION_MODE_STANDARD in ActionBar has been deprecated
                if (actionBar.getNavigationMode() != ActionBar.NAVIGATION_MODE_STANDARD) {
                                                              ^
/home/fekerr/src/ingress-intel-total-conversion/mobile/app/src/main/java/org/exarhteam/iitc_mobile/share/ShareActivity.java:197: warning: [deprecation] setSelectedNavigationItem(int) in ActionBar has been deprecated
                    actionBar.setSelectedNavigationItem(position);
                             ^
/home/fekerr/src/ingress-intel-total-conversion/mobile/app/src/main/java/org/exarhteam/iitc_mobile/share/ShareActivity.java:193: warning: [deprecation] setOnPageChangeListener(OnPageChangeListener) in ViewPager has been deprecated
        mViewPager.setOnPageChangeListener(new ViewPager.SimpleOnPageChangeListener() {
                  ^
/home/fekerr/src/ingress-intel-total-conversion/mobile/app/src/main/java/org/exarhteam/iitc_mobile/share/ShareActivity.java:207: warning: [deprecation] newTab() in ActionBar has been deprecated
                    .newTab()
                    ^
/home/fekerr/src/ingress-intel-total-conversion/mobile/app/src/main/java/org/exarhteam/iitc_mobile/share/ShareActivity.java:208: warning: [deprecation] setText(CharSequence) in Tab has been deprecated
                    .setText(fragment.getTitle())
                    ^
/home/fekerr/src/ingress-intel-total-conversion/mobile/app/src/main/java/org/exarhteam/iitc_mobile/share/ShareActivity.java:209: warning: [deprecation] setIcon(int) in Tab has been deprecated
                    .setIcon(fragment.getIcon())
                    ^
/home/fekerr/src/ingress-intel-total-conversion/mobile/app/src/main/java/org/exarhteam/iitc_mobile/share/ShareActivity.java:210: warning: [deprecation] setTabListener(TabListener) in Tab has been deprecated
                    .setTabListener(this));
                    ^
/home/fekerr/src/ingress-intel-total-conversion/mobile/app/src/main/java/org/exarhteam/iitc_mobile/share/ShareActivity.java:206: warning: [deprecation] addTab(Tab) in ActionBar has been deprecated
            actionBar.addTab(actionBar
                     ^
/home/fekerr/src/ingress-intel-total-conversion/mobile/app/src/main/java/org/exarhteam/iitc_mobile/share/ShareActivity.java:218: warning: [deprecation] NAVIGATION_MODE_TABS in ActionBar has been deprecated
            actionBar.setNavigationMode(ActionBar.NAVIGATION_MODE_TABS);
                                                 ^
/home/fekerr/src/ingress-intel-total-conversion/mobile/app/src/main/java/org/exarhteam/iitc_mobile/share/ShareActivity.java:218: warning: [deprecation] setNavigationMode(int) in ActionBar has been deprecated
            actionBar.setNavigationMode(ActionBar.NAVIGATION_MODE_TABS);
                     ^
/home/fekerr/src/ingress-intel-total-conversion/mobile/app/src/main/java/org/exarhteam/iitc_mobile/share/ShareActivity.java:223: warning: [deprecation] getNavigationMode() in ActionBar has been deprecated
            if (actionBar.getNavigationMode() != ActionBar.NAVIGATION_MODE_STANDARD) {
                         ^
/home/fekerr/src/ingress-intel-total-conversion/mobile/app/src/main/java/org/exarhteam/iitc_mobile/share/ShareActivity.java:223: warning: [deprecation] NAVIGATION_MODE_STANDARD in ActionBar has been deprecated
            if (actionBar.getNavigationMode() != ActionBar.NAVIGATION_MODE_STANDARD) {
                                                          ^
/home/fekerr/src/ingress-intel-total-conversion/mobile/app/src/main/java/org/exarhteam/iitc_mobile/share/ShareActivity.java:224: warning: [deprecation] setSelectedNavigationItem(int) in ActionBar has been deprecated
                actionBar.setSelectedNavigationItem(selected);
                         ^
/home/fekerr/src/ingress-intel-total-conversion/mobile/app/src/main/java/org/exarhteam/iitc_mobile/share/ShareActivity.java:244: warning: [deprecation] startActivityForResult(Intent,int) in ComponentActivity has been deprecated
        startActivityForResult(intent, REQUEST_START_INTENT);
        ^
/home/fekerr/src/ingress-intel-total-conversion/mobile/app/src/main/java/org/exarhteam/iitc_mobile/share/ShareActivity.java:258: warning: [deprecation] Tab in ActionBar has been deprecated
    public void onTabReselected(final ActionBar.Tab tab, final FragmentTransaction fragmentTransaction) {
                                               ^
/home/fekerr/src/ingress-intel-total-conversion/mobile/app/src/main/java/org/exarhteam/iitc_mobile/share/ShareActivity.java:258: warning: [deprecation] FragmentTransaction in android.app has been deprecated
    public void onTabReselected(final ActionBar.Tab tab, final FragmentTransaction fragmentTransaction) {
                                                               ^
/home/fekerr/src/ingress-intel-total-conversion/mobile/app/src/main/java/org/exarhteam/iitc_mobile/share/ShareActivity.java:262: warning: [deprecation] Tab in ActionBar has been deprecated
    public void onTabSelected(final ActionBar.Tab tab, final FragmentTransaction fragmentTransaction) {
                                             ^
/home/fekerr/src/ingress-intel-total-conversion/mobile/app/src/main/java/org/exarhteam/iitc_mobile/share/ShareActivity.java:262: warning: [deprecation] FragmentTransaction in android.app has been deprecated
    public void onTabSelected(final ActionBar.Tab tab, final FragmentTransaction fragmentTransaction) {
                                                             ^
/home/fekerr/src/ingress-intel-total-conversion/mobile/app/src/main/java/org/exarhteam/iitc_mobile/share/ShareActivity.java:263: warning: [deprecation] getPosition() in Tab has been deprecated
        final int position = tab.getPosition();
                                ^
/home/fekerr/src/ingress-intel-total-conversion/mobile/app/src/main/java/org/exarhteam/iitc_mobile/share/ShareActivity.java:269: warning: [deprecation] Tab in ActionBar has been deprecated
    public void onTabUnselected(final ActionBar.Tab tab, final FragmentTransaction fragmentTransaction) {
                                               ^
/home/fekerr/src/ingress-intel-total-conversion/mobile/app/src/main/java/org/exarhteam/iitc_mobile/share/ShareActivity.java:269: warning: [deprecation] FragmentTransaction in android.app has been deprecated
    public void onTabUnselected(final ActionBar.Tab tab, final FragmentTransaction fragmentTransaction) {
                                                               ^
/home/fekerr/src/ingress-intel-total-conversion/mobile/app/src/main/java/org/exarhteam/iitc_mobile/fragments/MainSettings.java:23: warning: [deprecation] PreferenceFragment in android.preference has been deprecated
public class MainSettings extends PreferenceFragment {
                                  ^
/home/fekerr/src/ingress-intel-total-conversion/mobile/app/src/main/java/org/exarhteam/iitc_mobile/fragments/MainSettings.java:23: warning: [deprecation] PreferenceFragment() in PreferenceFragment has been deprecated
public class MainSettings extends PreferenceFragment {
       ^
/home/fekerr/src/ingress-intel-total-conversion/mobile/app/src/main/java/org/exarhteam/iitc_mobile/fragments/MainSettings.java:25: warning: [deprecation] onCreate(Bundle) in PreferenceFragment has been deprecated
    public void onCreate(final Bundle savedInstanceState) {
                ^
/home/fekerr/src/ingress-intel-total-conversion/mobile/app/src/main/java/org/exarhteam/iitc_mobile/fragments/MainSettings.java:26: warning: [deprecation] onCreate(Bundle) in PreferenceFragment has been deprecated
        super.onCreate(savedInstanceState);
             ^
/home/fekerr/src/ingress-intel-total-conversion/mobile/app/src/main/java/org/exarhteam/iitc_mobile/fragments/MainSettings.java:28: warning: [deprecation] addPreferencesFromResource(int) in PreferenceFragment has been deprecated
        addPreferencesFromResource(R.xml.preferences);
        ^
/home/fekerr/src/ingress-intel-total-conversion/mobile/app/src/main/java/org/exarhteam/iitc_mobile/fragments/MainSettings.java:31: warning: [deprecation] getArguments() in Fragment has been deprecated
        final String iitcVersion = getArguments().getString("iitc_version");
                                   ^
/home/fekerr/src/ingress-intel-total-conversion/mobile/app/src/main/java/org/exarhteam/iitc_mobile/fragments/MainSettings.java:32: warning: [deprecation] getArguments() in Fragment has been deprecated
        final String originalUserAgent = getArguments().getString("iitc_originalUserAgent");
                                         ^
/home/fekerr/src/ingress-intel-total-conversion/mobile/app/src/main/java/org/exarhteam/iitc_mobile/fragments/MainSettings.java:33: warning: [deprecation] getArguments() in Fragment has been deprecated
        final String userAgent = getArguments().getString("iitc_userAgent");
                                 ^
/home/fekerr/src/ingress-intel-total-conversion/mobile/app/src/main/java/org/exarhteam/iitc_mobile/fragments/MainSettings.java:37: warning: [deprecation] getActivity() in Fragment has been deprecated
        final PackageManager pm = getActivity().getPackageManager();
                                  ^
/home/fekerr/src/ingress-intel-total-conversion/mobile/app/src/main/java/org/exarhteam/iitc_mobile/fragments/MainSettings.java:39: warning: [deprecation] getActivity() in Fragment has been deprecated
            final PackageInfo info = pm.getPackageInfo(getActivity().getPackageName(), 0);
                                                       ^
/home/fekerr/src/ingress-intel-total-conversion/mobile/app/src/main/java/org/exarhteam/iitc_mobile/fragments/MainSettings.java:46: warning: [deprecation] Preference in android.preference has been deprecated
        Preference show_appintro_screen = findPreference("show_appintro_screen");
        ^
/home/fekerr/src/ingress-intel-total-conversion/mobile/app/src/main/java/org/exarhteam/iitc_mobile/fragments/MainSettings.java:46: warning: [deprecation] findPreference(CharSequence) in PreferenceFragment has been deprecated
        Preference show_appintro_screen = findPreference("show_appintro_screen");
                                          ^
warning: [deprecation] Preference in android.preference has been deprecated
/home/fekerr/src/ingress-intel-total-conversion/mobile/app/src/main/java/org/exarhteam/iitc_mobile/fragments/MainSettings.java:48: warning: [deprecation] getActivity() in Fragment has been deprecated
            final Intent i = new Intent((getActivity()), IntroActivity.class);
                                         ^
/home/fekerr/src/ingress-intel-total-conversion/mobile/app/src/main/java/org/exarhteam/iitc_mobile/fragments/MainSettings.java:49: warning: [deprecation] startActivity(Intent) in Fragment has been deprecated
            startActivity(i);
            ^
/home/fekerr/src/ingress-intel-total-conversion/mobile/app/src/main/java/org/exarhteam/iitc_mobile/fragments/MainSettings.java:47: warning: [deprecation] setOnPreferenceClickListener(OnPreferenceClickListener) in Preference has been deprecated
        show_appintro_screen.setOnPreferenceClickListener((preference) -> {
                            ^
/home/fekerr/src/ingress-intel-total-conversion/mobile/app/src/main/java/org/exarhteam/iitc_mobile/fragments/MainSettings.java:53: warning: [deprecation] Preference in android.preference has been deprecated
        Preference pref_language = findPreference("pref_language");
        ^
/home/fekerr/src/ingress-intel-total-conversion/mobile/app/src/main/java/org/exarhteam/iitc_mobile/fragments/MainSettings.java:53: warning: [deprecation] findPreference(CharSequence) in PreferenceFragment has been deprecated
        Preference pref_language = findPreference("pref_language");
                                   ^
warning: [deprecation] Preference in android.preference has been deprecated
/home/fekerr/src/ingress-intel-total-conversion/mobile/app/src/main/java/org/exarhteam/iitc_mobile/fragments/MainSettings.java:55: warning: [deprecation] getActivity() in Fragment has been deprecated
            (getActivity()).recreate();
             ^
/home/fekerr/src/ingress-intel-total-conversion/mobile/app/src/main/java/org/exarhteam/iitc_mobile/fragments/MainSettings.java:54: warning: [deprecation] setOnPreferenceChangeListener(OnPreferenceChangeListener) in Preference has been deprecated
        pref_language.setOnPreferenceChangeListener((preference, newValue) -> {
                     ^
/home/fekerr/src/ingress-intel-total-conversion/mobile/app/src/main/java/org/exarhteam/iitc_mobile/fragments/MainSettings.java:59: warning: [deprecation] findPreference(CharSequence) in PreferenceFragment has been deprecated
        final ShareDebugInfoPreference prefShareDebug = (ShareDebugInfoPreference) findPreference("pref_debug_info");
                                                                                   ^
/home/fekerr/src/ingress-intel-total-conversion/mobile/app/src/main/java/org/exarhteam/iitc_mobile/fragments/MainSettings.java:63: warning: [deprecation] findPreference(CharSequence) in PreferenceFragment has been deprecated
        final AboutDialogPreference pref_about = (AboutDialogPreference) findPreference("pref_about");
                                                                         ^
/home/fekerr/src/ingress-intel-total-conversion/mobile/app/src/main/java/org/exarhteam/iitc_mobile/fragments/MainSettings.java:66: warning: [deprecation] ListPreference in android.preference has been deprecated
        final ListPreference pref_user_location_mode = (ListPreference) findPreference("pref_user_location_mode");
              ^
/home/fekerr/src/ingress-intel-total-conversion/mobile/app/src/main/java/org/exarhteam/iitc_mobile/fragments/MainSettings.java:66: warning: [deprecation] ListPreference in android.preference has been deprecated
        final ListPreference pref_user_location_mode = (ListPreference) findPreference("pref_user_location_mode");
                                                        ^
/home/fekerr/src/ingress-intel-total-conversion/mobile/app/src/main/java/org/exarhteam/iitc_mobile/fragments/MainSettings.java:66: warning: [deprecation] findPreference(CharSequence) in PreferenceFragment has been deprecated
        final ListPreference pref_user_location_mode = (ListPreference) findPreference("pref_user_location_mode");
                                                                        ^
warning: [deprecation] Preference in android.preference has been deprecated
/home/fekerr/src/ingress-intel-total-conversion/mobile/app/src/main/java/org/exarhteam/iitc_mobile/fragments/MainSettings.java:69: warning: [deprecation] getResources() in Fragment has been deprecated
            preference.setSummary(getResources().getStringArray(R.array.pref_user_location_titles)[mode]);
                                  ^
/home/fekerr/src/ingress-intel-total-conversion/mobile/app/src/main/java/org/exarhteam/iitc_mobile/fragments/MainSettings.java:69: warning: [deprecation] setSummary(CharSequence) in Preference has been deprecated
            preference.setSummary(getResources().getStringArray(R.array.pref_user_location_titles)[mode]);
                      ^
/home/fekerr/src/ingress-intel-total-conversion/mobile/app/src/main/java/org/exarhteam/iitc_mobile/fragments/MainSettings.java:67: warning: [deprecation] setOnPreferenceChangeListener(OnPreferenceChangeListener) in Preference has been deprecated
        pref_user_location_mode.setOnPreferenceChangeListener((preference, newValue) -> {
                               ^
/home/fekerr/src/ingress-intel-total-conversion/mobile/app/src/main/java/org/exarhteam/iitc_mobile/fragments/MainSettings.java:73: warning: [deprecation] getPreferenceManager() in PreferenceFragment has been deprecated
        final String value = getPreferenceManager().getSharedPreferences().getString("pref_user_location_mode", "0");
                             ^
/home/fekerr/src/ingress-intel-total-conversion/mobile/app/src/main/java/org/exarhteam/iitc_mobile/fragments/MainSettings.java:73: warning: [deprecation] getSharedPreferences() in PreferenceManager has been deprecated
        final String value = getPreferenceManager().getSharedPreferences().getString("pref_user_location_mode", "0");
                                                   ^
/home/fekerr/src/ingress-intel-total-conversion/mobile/app/src/main/java/org/exarhteam/iitc_mobile/fragments/MainSettings.java:75: warning: [deprecation] getResources() in Fragment has been deprecated
        pref_user_location_mode.setSummary(getResources().getStringArray(R.array.pref_user_location_titles)[mode]);
                                           ^
/home/fekerr/src/ingress-intel-total-conversion/mobile/app/src/main/java/org/exarhteam/iitc_mobile/fragments/MainSettings.java:75: warning: [deprecation] setSummary(CharSequence) in ListPreference has been deprecated
        pref_user_location_mode.setSummary(getResources().getStringArray(R.array.pref_user_location_titles)[mode]);
                               ^
/home/fekerr/src/ingress-intel-total-conversion/mobile/app/src/main/java/org/exarhteam/iitc_mobile/fragments/MainSettings.java:78: warning: [deprecation] Preference in android.preference has been deprecated
            Preference updateCheckPref = findPreference("pref_check_for_updates");
            ^
/home/fekerr/src/ingress-intel-total-conversion/mobile/app/src/main/java/org/exarhteam/iitc_mobile/fragments/MainSettings.java:78: warning: [deprecation] findPreference(CharSequence) in PreferenceFragment has been deprecated
            Preference updateCheckPref = findPreference("pref_check_for_updates");
                                         ^
/home/fekerr/src/ingress-intel-total-conversion/mobile/app/src/main/java/org/exarhteam/iitc_mobile/fragments/MainSettings.java:79: warning: [deprecation] PreferenceCategory in android.preference has been deprecated
            PreferenceCategory mCategory = (PreferenceCategory) findPreference("pref_mics");
            ^
/home/fekerr/src/ingress-intel-total-conversion/mobile/app/src/main/java/org/exarhteam/iitc_mobile/fragments/MainSettings.java:79: warning: [deprecation] PreferenceCategory in android.preference has been deprecated
            PreferenceCategory mCategory = (PreferenceCategory) findPreference("pref_mics");
                                            ^
/home/fekerr/src/ingress-intel-total-conversion/mobile/app/src/main/java/org/exarhteam/iitc_mobile/fragments/MainSettings.java:79: warning: [deprecation] findPreference(CharSequence) in PreferenceFragment has been deprecated
            PreferenceCategory mCategory = (PreferenceCategory) findPreference("pref_mics");
                                                                ^
/home/fekerr/src/ingress-intel-total-conversion/mobile/app/src/main/java/org/exarhteam/iitc_mobile/fragments/MainSettings.java:80: warning: [deprecation] removePreference(Preference) in PreferenceGroup has been deprecated
            mCategory.removePreference(updateCheckPref);
                     ^
/home/fekerr/src/ingress-intel-total-conversion/mobile/app/src/main/java/org/exarhteam/iitc_mobile/fragments/MainSettings.java:89: warning: [deprecation] onPreferenceTreeClick(PreferenceScreen,Preference) in PreferenceFragment has been deprecated
    public boolean onPreferenceTreeClick(final PreferenceScreen preferenceScreen, final Preference preference) {
                   ^
/home/fekerr/src/ingress-intel-total-conversion/mobile/app/src/main/java/org/exarhteam/iitc_mobile/fragments/MainSettings.java:89: warning: [deprecation] PreferenceScreen in android.preference has been deprecated
    public boolean onPreferenceTreeClick(final PreferenceScreen preferenceScreen, final Preference preference) {
                                               ^
/home/fekerr/src/ingress-intel-total-conversion/mobile/app/src/main/java/org/exarhteam/iitc_mobile/fragments/MainSettings.java:89: warning: [deprecation] Preference in android.preference has been deprecated
    public boolean onPreferenceTreeClick(final PreferenceScreen preferenceScreen, final Preference preference) {
                                                                                        ^
/home/fekerr/src/ingress-intel-total-conversion/mobile/app/src/main/java/org/exarhteam/iitc_mobile/fragments/MainSettings.java:90: warning: [deprecation] getTitle() in Preference has been deprecated
        if (preference.getTitle().toString().equals(getString(R.string.pref_advanced_options))
                      ^
/home/fekerr/src/ingress-intel-total-conversion/mobile/app/src/main/java/org/exarhteam/iitc_mobile/fragments/MainSettings.java:90: warning: [deprecation] getString(int) in Fragment has been deprecated
        if (preference.getTitle().toString().equals(getString(R.string.pref_advanced_options))
                                                    ^
/home/fekerr/src/ingress-intel-total-conversion/mobile/app/src/main/java/org/exarhteam/iitc_mobile/fragments/MainSettings.java:91: warning: [deprecation] getTitle() in Preference has been deprecated
                || preference.getTitle().toString().equals(getString(R.string.pref_about_title))) {
                             ^
/home/fekerr/src/ingress-intel-total-conversion/mobile/app/src/main/java/org/exarhteam/iitc_mobile/fragments/MainSettings.java:91: warning: [deprecation] getString(int) in Fragment has been deprecated
                || preference.getTitle().toString().equals(getString(R.string.pref_about_title))) {
                                                           ^
Note: /home/fekerr/src/ingress-intel-total-conversion/mobile/app/src/main/java/org/exarhteam/iitc_mobile/fragments/MainSettings.java has additional uses or overrides of a deprecated API.
100 warnings
Incremental compilation of 17 classes completed in 0.581 secs.
Class dependency analysis for incremental compilation took 0.007 secs.
Resolve mutations for :app:dexBuilderDebug (Thread[#392,Execution worker Thread 11,5,main]) started.
:app:dexBuilderDebug (Thread[#392,Execution worker Thread 11,5,main]) started.

> Task :app:dexBuilderDebug
Transforming AppIntro-6.3.1.aar (com.github.AppIntro:AppIntro:6.3.1) with JetifyTransform
Transforming AppIntro-6.3.1.aar (com.github.AppIntro:AppIntro:6.3.1) with AarToClassTransform
Transforming localization-1.2.11.aar (com.akexorcist:localization:1.2.11) with JetifyTransform
Transforming localization-1.2.11.aar (com.akexorcist:localization:1.2.11) with AarToClassTransform
Transforming okhttp-3.12.1.jar (com.squareup.okhttp3:okhttp:3.12.1) with JetifyTransform
Transforming okhttp-3.12.1.jar (com.squareup.okhttp3:okhttp:3.12.1) with IdentityTransform
Transforming commons-text-1.8.jar (org.apache.commons:commons-text:1.8) with JetifyTransform
Transforming commons-text-1.8.jar (org.apache.commons:commons-text:1.8) with IdentityTransform
Transforming floatingactionbutton-1.3.0.aar (com.melnykov:floatingactionbutton:1.3.0) with JetifyTransform
Transforming floatingactionbutton-1.3.0.aar (com.melnykov:floatingactionbutton:1.3.0) with AarToClassTransform
Caching disabled for task ':app:dexBuilderDebug' because:
  Build cache is disabled
Task ':app:dexBuilderDebug' is not up-to-date because:
  Input property 'projectClasses' file /home/fekerr/src/ingress-intel-total-conversion/mobile/app/build/intermediates/javac/debug/compileDebugJavaWithJavac/classes/org/exarhteam/iitc_mobile/BuildConfig.class has changed.
Dex builder is incremental : true 
Processing input /home/fekerr/src/ingress-intel-total-conversion/mobile/app/build/intermediates/javac/debug/compileDebugJavaWithJavac/classes
Dexing /home/fekerr/src/ingress-intel-total-conversion/mobile/app/build/intermediates/javac/debug/compileDebugJavaWithJavac/classes
Dexing '/home/fekerr/src/ingress-intel-total-conversion/mobile/app/build/intermediates/javac/debug/compileDebugJavaWithJavac/classes' to '/home/fekerr/src/ingress-intel-total-conversion/mobile/app/build/intermediates/project_dex_archive/debug/dexBuilderDebug/out'
Dexing '/home/fekerr/src/ingress-intel-total-conversion/mobile/app/build/intermediates/javac/debug/compileDebugJavaWithJavac/classes' to '/home/fekerr/src/ingress-intel-total-conversion/mobile/app/build/intermediates/project_dex_archive/debug/dexBuilderDebug/out'
Dexing '/home/fekerr/src/ingress-intel-total-conversion/mobile/app/build/intermediates/javac/debug/compileDebugJavaWithJavac/classes' to '/home/fekerr/src/ingress-intel-total-conversion/mobile/app/build/intermediates/project_dex_archive/debug/dexBuilderDebug/out'
Dexing '/home/fekerr/src/ingress-intel-total-conversion/mobile/app/build/intermediates/javac/debug/compileDebugJavaWithJavac/classes' to '/home/fekerr/src/ingress-intel-total-conversion/mobile/app/build/intermediates/project_dex_archive/debug/dexBuilderDebug/out'
Processing input /home/fekerr/src/ingress-intel-total-conversion/mobile/app/build/intermediates/compile_and_runtime_not_namespaced_r_class_jar/debug/processDebugResources/R.jar
Dexing /home/fekerr/src/ingress-intel-total-conversion/mobile/app/build/intermediates/compile_and_runtime_not_namespaced_r_class_jar/debug/processDebugResources/R.jar
Dexing '/home/fekerr/src/ingress-intel-total-conversion/mobile/app/build/intermediates/javac/debug/compileDebugJavaWithJavac/classes' to '/home/fekerr/src/ingress-intel-total-conversion/mobile/app/build/intermediates/project_dex_archive/debug/dexBuilderDebug/out'
Dexing '/home/fekerr/src/ingress-intel-total-conversion/mobile/app/build/intermediates/javac/debug/compileDebugJavaWithJavac/classes' to '/home/fekerr/src/ingress-intel-total-conversion/mobile/app/build/intermediates/project_dex_archive/debug/dexBuilderDebug/out'
Dexing '/home/fekerr/src/ingress-intel-total-conversion/mobile/app/build/intermediates/compile_and_runtime_not_namespaced_r_class_jar/debug/processDebugResources/R.jar' to '/home/fekerr/src/ingress-intel-total-conversion/mobile/app/build/intermediates/project_dex_archive/debug/dexBuilderDebug/out/467a2caadaa9b9ca57efdef49269f02767bc16ce036e8ee3f1d218bc40da51df_0.jar'
Dexing '/home/fekerr/src/ingress-intel-total-conversion/mobile/app/build/intermediates/compile_and_runtime_not_namespaced_r_class_jar/debug/processDebugResources/R.jar' to '/home/fekerr/src/ingress-intel-total-conversion/mobile/app/build/intermediates/project_dex_archive/debug/dexBuilderDebug/out/467a2caadaa9b9ca57efdef49269f02767bc16ce036e8ee3f1d218bc40da51df_1.jar'
Dexing '/home/fekerr/src/ingress-intel-total-conversion/mobile/app/build/intermediates/compile_and_runtime_not_namespaced_r_class_jar/debug/processDebugResources/R.jar' to '/home/fekerr/src/ingress-intel-total-conversion/mobile/app/build/intermediates/project_dex_archive/debug/dexBuilderDebug/out/467a2caadaa9b9ca57efdef49269f02767bc16ce036e8ee3f1d218bc40da51df_2.jar'
Dexing '/home/fekerr/src/ingress-intel-total-conversion/mobile/app/build/intermediates/compile_and_runtime_not_namespaced_r_class_jar/debug/processDebugResources/R.jar' to '/home/fekerr/src/ingress-intel-total-conversion/mobile/app/build/intermediates/project_dex_archive/debug/dexBuilderDebug/out/467a2caadaa9b9ca57efdef49269f02767bc16ce036e8ee3f1d218bc40da51df_3.jar'
Dexing '/home/fekerr/src/ingress-intel-total-conversion/mobile/app/build/intermediates/compile_and_runtime_not_namespaced_r_class_jar/debug/processDebugResources/R.jar' to '/home/fekerr/src/ingress-intel-total-conversion/mobile/app/build/intermediates/project_dex_archive/debug/dexBuilderDebug/out/467a2caadaa9b9ca57efdef49269f02767bc16ce036e8ee3f1d218bc40da51df_4.jar'
Dexing '/home/fekerr/src/ingress-intel-total-conversion/mobile/app/build/intermediates/compile_and_runtime_not_namespaced_r_class_jar/debug/processDebugResources/R.jar' to '/home/fekerr/src/ingress-intel-total-conversion/mobile/app/build/intermediates/project_dex_archive/debug/dexBuilderDebug/out/467a2caadaa9b9ca57efdef49269f02767bc16ce036e8ee3f1d218bc40da51df_5.jar'
Done with all dex archive conversions
Resolve mutations for :app:mergeDebugGlobalSynthetics (Thread[#392,Execution worker Thread 11,5,main]) started.
:app:mergeDebugGlobalSynthetics (Thread[#392,Execution worker Thread 11,5,main]) started.

> Task :app:mergeDebugGlobalSynthetics UP-TO-DATE
Transforming AppIntro-6.3.1.aar (com.github.AppIntro:AppIntro:6.3.1) with JetifyTransform
Transforming AppIntro-6.3.1.aar (com.github.AppIntro:AppIntro:6.3.1) with AarToClassTransform
Transforming AppIntro-6.3.1.aar (com.github.AppIntro:AppIntro:6.3.1) with DexingWithClasspathTransform
Transforming AppIntro-6.3.1.aar (com.github.AppIntro:AppIntro:6.3.1) with DexingOutputSplitTransform
Transforming localization-1.2.11.aar (com.akexorcist:localization:1.2.11) with JetifyTransform
Transforming localization-1.2.11.aar (com.akexorcist:localization:1.2.11) with AarToClassTransform
Transforming localization-1.2.11.aar (com.akexorcist:localization:1.2.11) with DexingWithClasspathTransform
Transforming localization-1.2.11.aar (com.akexorcist:localization:1.2.11) with DexingOutputSplitTransform
Transforming constraintlayout-2.1.4.aar (androidx.constraintlayout:constraintlayout:2.1.4) with JetifyTransform
Transforming constraintlayout-2.1.4.aar (androidx.constraintlayout:constraintlayout:2.1.4) with AarToClassTransform
Transforming constraintlayout-2.1.4.aar (androidx.constraintlayout:constraintlayout:2.1.4) with DexingWithClasspathTransform
Transforming constraintlayout-2.1.4.aar (androidx.constraintlayout:constraintlayout:2.1.4) with DexingOutputSplitTransform
Transforming appcompat-resources-1.6.1.aar (androidx.appcompat:appcompat-resources:1.6.1) with JetifyTransform
Transforming appcompat-resources-1.6.1.aar (androidx.appcompat:appcompat-resources:1.6.1) with AarToClassTransform
Transforming appcompat-resources-1.6.1.aar (androidx.appcompat:appcompat-resources:1.6.1) with DexingWithClasspathTransform
Transforming appcompat-resources-1.6.1.aar (androidx.appcompat:appcompat-resources:1.6.1) with DexingOutputSplitTransform
Transforming appcompat-1.6.1.aar (androidx.appcompat:appcompat:1.6.1) with JetifyTransform
Transforming appcompat-1.6.1.aar (androidx.appcompat:appcompat:1.6.1) with AarToClassTransform
Transforming appcompat-1.6.1.aar (androidx.appcompat:appcompat:1.6.1) with DexingWithClasspathTransform
Transforming appcompat-1.6.1.aar (androidx.appcompat:appcompat:1.6.1) with DexingOutputSplitTransform
Transforming okhttp-3.12.1.jar (com.squareup.okhttp3:okhttp:3.12.1) with JetifyTransform
Transforming okhttp-3.12.1.jar (com.squareup.okhttp3:okhttp:3.12.1) with IdentityTransform
Transforming okhttp-3.12.1.jar (com.squareup.okhttp3:okhttp:3.12.1) with DexingWithClasspathTransform
Transforming okhttp-3.12.1.jar (com.squareup.okhttp3:okhttp:3.12.1) with DexingOutputSplitTransform
Transforming commons-text-1.8.jar (org.apache.commons:commons-text:1.8) with JetifyTransform
Transforming commons-text-1.8.jar (org.apache.commons:commons-text:1.8) with IdentityTransform
Transforming commons-text-1.8.jar (org.apache.commons:commons-text:1.8) with DexingWithClasspathTransform
Transforming commons-text-1.8.jar (org.apache.commons:commons-text:1.8) with DexingOutputSplitTransform
Transforming floatingactionbutton-1.3.0.aar (com.melnykov:floatingactionbutton:1.3.0) with JetifyTransform
Transforming floatingactionbutton-1.3.0.aar (com.melnykov:floatingactionbutton:1.3.0) with AarToClassTransform
Transforming floatingactionbutton-1.3.0.aar (com.melnykov:floatingactionbutton:1.3.0) with DexingWithClasspathTransform
Transforming floatingactionbutton-1.3.0.aar (com.melnykov:floatingactionbutton:1.3.0) with DexingOutputSplitTransform
Transforming recyclerview-1.1.0.aar (androidx.recyclerview:recyclerview:1.1.0) with JetifyTransform
Transforming recyclerview-1.1.0.aar (androidx.recyclerview:recyclerview:1.1.0) with AarToClassTransform
Transforming recyclerview-1.1.0.aar (androidx.recyclerview:recyclerview:1.1.0) with DexingWithClasspathTransform
Transforming recyclerview-1.1.0.aar (androidx.recyclerview:recyclerview:1.1.0) with DexingOutputSplitTransform
Transforming drawerlayout-1.0.0.aar (androidx.drawerlayout:drawerlayout:1.0.0) with JetifyTransform
Transforming drawerlayout-1.0.0.aar (androidx.drawerlayout:drawerlayout:1.0.0) with AarToClassTransform
Transforming drawerlayout-1.0.0.aar (androidx.drawerlayout:drawerlayout:1.0.0) with DexingWithClasspathTransform
Transforming drawerlayout-1.0.0.aar (androidx.drawerlayout:drawerlayout:1.0.0) with DexingOutputSplitTransform
Transforming fragment-1.3.6.aar (androidx.fragment:fragment:1.3.6) with JetifyTransform
Transforming fragment-1.3.6.aar (androidx.fragment:fragment:1.3.6) with AarToClassTransform
Transforming fragment-1.3.6.aar (androidx.fragment:fragment:1.3.6) with DexingWithClasspathTransform
Transforming fragment-1.3.6.aar (androidx.fragment:fragment:1.3.6) with DexingOutputSplitTransform
Transforming viewpager-1.0.0.aar (androidx.viewpager:viewpager:1.0.0) with JetifyTransform
Transforming viewpager-1.0.0.aar (androidx.viewpager:viewpager:1.0.0) with AarToClassTransform
Transforming viewpager-1.0.0.aar (androidx.viewpager:viewpager:1.0.0) with DexingWithClasspathTransform
Transforming viewpager-1.0.0.aar (androidx.viewpager:viewpager:1.0.0) with DexingOutputSplitTransform
Transforming customview-1.0.0.aar (androidx.customview:customview:1.0.0) with JetifyTransform
Transforming customview-1.0.0.aar (androidx.customview:customview:1.0.0) with AarToClassTransform
Transforming customview-1.0.0.aar (androidx.customview:customview:1.0.0) with DexingWithClasspathTransform
Transforming customview-1.0.0.aar (androidx.customview:customview:1.0.0) with DexingOutputSplitTransform
Transforming activity-ktx-1.6.0.aar (androidx.activity:activity-ktx:1.6.0) with JetifyTransform
Transforming activity-ktx-1.6.0.aar (androidx.activity:activity-ktx:1.6.0) with AarToClassTransform
Transforming activity-ktx-1.6.0.aar (androidx.activity:activity-ktx:1.6.0) with DexingWithClasspathTransform
Transforming activity-ktx-1.6.0.aar (androidx.activity:activity-ktx:1.6.0) with DexingOutputSplitTransform
Transforming activity-1.6.0.aar (androidx.activity:activity:1.6.0) with JetifyTransform
Transforming activity-1.6.0.aar (androidx.activity:activity:1.6.0) with AarToClassTransform
Transforming activity-1.6.0.aar (androidx.activity:activity:1.6.0) with DexingWithClasspathTransform
Transforming activity-1.6.0.aar (androidx.activity:activity:1.6.0) with DexingOutputSplitTransform
Transforming emoji2-views-helper-1.2.0.aar (androidx.emoji2:emoji2-views-helper:1.2.0) with JetifyTransform
Transforming emoji2-views-helper-1.2.0.aar (androidx.emoji2:emoji2-views-helper:1.2.0) with AarToClassTransform
Transforming emoji2-views-helper-1.2.0.aar (androidx.emoji2:emoji2-views-helper:1.2.0) with DexingWithClasspathTransform
Transforming emoji2-views-helper-1.2.0.aar (androidx.emoji2:emoji2-views-helper:1.2.0) with DexingOutputSplitTransform
Transforming emoji2-1.2.0.aar (androidx.emoji2:emoji2:1.2.0) with JetifyTransform
Transforming emoji2-1.2.0.aar (androidx.emoji2:emoji2:1.2.0) with AarToClassTransform
Transforming emoji2-1.2.0.aar (androidx.emoji2:emoji2:1.2.0) with DexingWithClasspathTransform
Transforming emoji2-1.2.0.aar (androidx.emoji2:emoji2:1.2.0) with DexingOutputSplitTransform
Transforming loader-1.0.0.aar (androidx.loader:loader:1.0.0) with JetifyTransform
Transforming loader-1.0.0.aar (androidx.loader:loader:1.0.0) with AarToClassTransform
Transforming loader-1.0.0.aar (androidx.loader:loader:1.0.0) with DexingWithClasspathTransform
Transforming loader-1.0.0.aar (androidx.loader:loader:1.0.0) with DexingOutputSplitTransform
Transforming lifecycle-viewmodel-ktx-2.5.1.aar (androidx.lifecycle:lifecycle-viewmodel-ktx:2.5.1) with JetifyTransform
Transforming lifecycle-viewmodel-ktx-2.5.1.aar (androidx.lifecycle:lifecycle-viewmodel-ktx:2.5.1) with AarToClassTransform
Transforming lifecycle-viewmodel-ktx-2.5.1.aar (androidx.lifecycle:lifecycle-viewmodel-ktx:2.5.1) with DexingWithClasspathTransform
Transforming lifecycle-viewmodel-ktx-2.5.1.aar (androidx.lifecycle:lifecycle-viewmodel-ktx:2.5.1) with DexingOutputSplitTransform
Transforming lifecycle-viewmodel-2.5.1.aar (androidx.lifecycle:lifecycle-viewmodel:2.5.1) with JetifyTransform
Transforming lifecycle-viewmodel-2.5.1.aar (androidx.lifecycle:lifecycle-viewmodel:2.5.1) with AarToClassTransform
Transforming lifecycle-viewmodel-2.5.1.aar (androidx.lifecycle:lifecycle-viewmodel:2.5.1) with DexingWithClasspathTransform
Transforming lifecycle-viewmodel-2.5.1.aar (androidx.lifecycle:lifecycle-viewmodel:2.5.1) with DexingOutputSplitTransform
Transforming lifecycle-viewmodel-2.5.1.aar (androidx.lifecycle:lifecycle-viewmodel:2.5.1) with JetifyTransform
Transforming lifecycle-viewmodel-2.5.1.aar (androidx.lifecycle:lifecycle-viewmodel:2.5.1) with AarToClassTransform
Transforming lifecycle-viewmodel-2.5.1.aar (androidx.lifecycle:lifecycle-viewmodel:2.5.1) with DexingWithClasspathTransform
Transforming lifecycle-viewmodel-2.5.1.aar (androidx.lifecycle:lifecycle-viewmodel:2.5.1) with DexingOutputSplitTransform
Transforming lifecycle-viewmodel-savedstate-2.5.1.aar (androidx.lifecycle:lifecycle-viewmodel-savedstate:2.5.1) with JetifyTransform
Transforming lifecycle-viewmodel-savedstate-2.5.1.aar (androidx.lifecycle:lifecycle-viewmodel-savedstate:2.5.1) with AarToClassTransform
Transforming lifecycle-viewmodel-savedstate-2.5.1.aar (androidx.lifecycle:lifecycle-viewmodel-savedstate:2.5.1) with DexingWithClasspathTransform
Transforming lifecycle-viewmodel-savedstate-2.5.1.aar (androidx.lifecycle:lifecycle-viewmodel-savedstate:2.5.1) with DexingOutputSplitTransform
Transforming core-ktx-1.9.0.aar (androidx.core:core-ktx:1.9.0) with JetifyTransform
Transforming core-ktx-1.9.0.aar (androidx.core:core-ktx:1.9.0) with AarToClassTransform
Transforming core-ktx-1.9.0.aar (androidx.core:core-ktx:1.9.0) with DexingWithClasspathTransform
Transforming core-ktx-1.9.0.aar (androidx.core:core-ktx:1.9.0) with DexingOutputSplitTransform
Transforming vectordrawable-animated-1.1.0.aar (androidx.vectordrawable:vectordrawable-animated:1.1.0) with JetifyTransform
Transforming vectordrawable-animated-1.1.0.aar (androidx.vectordrawable:vectordrawable-animated:1.1.0) with AarToClassTransform
Transforming vectordrawable-animated-1.1.0.aar (androidx.vectordrawable:vectordrawable-animated:1.1.0) with DexingWithClasspathTransform
Transforming vectordrawable-animated-1.1.0.aar (androidx.vectordrawable:vectordrawable-animated:1.1.0) with DexingOutputSplitTransform
Transforming vectordrawable-1.1.0.aar (androidx.vectordrawable:vectordrawable:1.1.0) with JetifyTransform
Transforming vectordrawable-1.1.0.aar (androidx.vectordrawable:vectordrawable:1.1.0) with AarToClassTransform
Transforming vectordrawable-1.1.0.aar (androidx.vectordrawable:vectordrawable:1.1.0) with DexingWithClasspathTransform
Transforming vectordrawable-1.1.0.aar (androidx.vectordrawable:vectordrawable:1.1.0) with DexingOutputSplitTransform
Transforming vectordrawable-1.1.0.aar (androidx.vectordrawable:vectordrawable:1.1.0) with JetifyTransform
Transforming vectordrawable-1.1.0.aar (androidx.vectordrawable:vectordrawable:1.1.0) with AarToClassTransform
Transforming vectordrawable-1.1.0.aar (androidx.vectordrawable:vectordrawable:1.1.0) with DexingWithClasspathTransform
Transforming vectordrawable-1.1.0.aar (androidx.vectordrawable:vectordrawable:1.1.0) with DexingOutputSplitTransform
Transforming core-1.9.0.aar (androidx.core:core:1.9.0) with JetifyTransform
Transforming core-1.9.0.aar (androidx.core:core:1.9.0) with AarToClassTransform
Transforming core-1.9.0.aar (androidx.core:core:1.9.0) with DexingWithClasspathTransform
Transforming core-1.9.0.aar (androidx.core:core:1.9.0) with DexingOutputSplitTransform
Transforming core-1.9.0.aar (androidx.core:core:1.9.0) with JetifyTransform
Transforming core-1.9.0.aar (androidx.core:core:1.9.0) with AarToClassTransform
Transforming core-1.9.0.aar (androidx.core:core:1.9.0) with DexingWithClasspathTransform
Transforming core-1.9.0.aar (androidx.core:core:1.9.0) with DexingOutputSplitTransform
Transforming cursoradapter-1.0.0.aar (androidx.cursoradapter:cursoradapter:1.0.0) with JetifyTransform
Transforming cursoradapter-1.0.0.aar (androidx.cursoradapter:cursoradapter:1.0.0) with AarToClassTransform
Transforming cursoradapter-1.0.0.aar (androidx.cursoradapter:cursoradapter:1.0.0) with DexingWithClasspathTransform
Transforming cursoradapter-1.0.0.aar (androidx.cursoradapter:cursoradapter:1.0.0) with DexingOutputSplitTransform
Transforming lifecycle-process-2.4.1.aar (androidx.lifecycle:lifecycle-process:2.4.1) with JetifyTransform
Transforming lifecycle-process-2.4.1.aar (androidx.lifecycle:lifecycle-process:2.4.1) with AarToClassTransform
Transforming lifecycle-process-2.4.1.aar (androidx.lifecycle:lifecycle-process:2.4.1) with DexingWithClasspathTransform
Transforming lifecycle-process-2.4.1.aar (androidx.lifecycle:lifecycle-process:2.4.1) with DexingOutputSplitTransform
Transforming lifecycle-runtime-ktx-2.5.1.aar (androidx.lifecycle:lifecycle-runtime-ktx:2.5.1) with JetifyTransform
Transforming lifecycle-runtime-ktx-2.5.1.aar (androidx.lifecycle:lifecycle-runtime-ktx:2.5.1) with AarToClassTransform
Transforming lifecycle-runtime-ktx-2.5.1.aar (androidx.lifecycle:lifecycle-runtime-ktx:2.5.1) with DexingWithClasspathTransform
Transforming lifecycle-runtime-ktx-2.5.1.aar (androidx.lifecycle:lifecycle-runtime-ktx:2.5.1) with DexingOutputSplitTransform
Transforming lifecycle-runtime-2.5.1.aar (androidx.lifecycle:lifecycle-runtime:2.5.1) with JetifyTransform
Transforming lifecycle-runtime-2.5.1.aar (androidx.lifecycle:lifecycle-runtime:2.5.1) with AarToClassTransform
Transforming lifecycle-runtime-2.5.1.aar (androidx.lifecycle:lifecycle-runtime:2.5.1) with DexingWithClasspathTransform
Transforming lifecycle-runtime-2.5.1.aar (androidx.lifecycle:lifecycle-runtime:2.5.1) with DexingOutputSplitTransform
Transforming resourceinspection-annotation-1.0.1.jar (androidx.resourceinspection:resourceinspection-annotation:1.0.1) with JetifyTransform
Transforming resourceinspection-annotation-1.0.1.jar (androidx.resourceinspection:resourceinspection-annotation:1.0.1) with IdentityTransform
Transforming resourceinspection-annotation-1.0.1.jar (androidx.resourceinspection:resourceinspection-annotation:1.0.1) with DexingWithClasspathTransform
Transforming resourceinspection-annotation-1.0.1.jar (androidx.resourceinspection:resourceinspection-annotation:1.0.1) with DexingOutputSplitTransform
Transforming savedstate-ktx-1.2.0.aar (androidx.savedstate:savedstate-ktx:1.2.0) with JetifyTransform
Transforming savedstate-ktx-1.2.0.aar (androidx.savedstate:savedstate-ktx:1.2.0) with AarToClassTransform
Transforming savedstate-ktx-1.2.0.aar (androidx.savedstate:savedstate-ktx:1.2.0) with DexingWithClasspathTransform
Transforming savedstate-ktx-1.2.0.aar (androidx.savedstate:savedstate-ktx:1.2.0) with DexingOutputSplitTransform
Transforming savedstate-1.2.0.aar (androidx.savedstate:savedstate:1.2.0) with JetifyTransform
Transforming savedstate-1.2.0.aar (androidx.savedstate:savedstate:1.2.0) with AarToClassTransform
Transforming savedstate-1.2.0.aar (androidx.savedstate:savedstate:1.2.0) with DexingWithClasspathTransform
Transforming savedstate-1.2.0.aar (androidx.savedstate:savedstate:1.2.0) with DexingOutputSplitTransform
Transforming concurrent-futures-1.0.0.jar (androidx.concurrent:concurrent-futures:1.0.0) with JetifyTransform
Transforming concurrent-futures-1.0.0.jar (androidx.concurrent:concurrent-futures:1.0.0) with IdentityTransform
Transforming concurrent-futures-1.0.0.jar (androidx.concurrent:concurrent-futures:1.0.0) with DexingWithClasspathTransform
Transforming concurrent-futures-1.0.0.jar (androidx.concurrent:concurrent-futures:1.0.0) with DexingOutputSplitTransform
Transforming versionedparcelable-1.1.1.aar (androidx.versionedparcelable:versionedparcelable:1.1.1) with JetifyTransform
Transforming versionedparcelable-1.1.1.aar (androidx.versionedparcelable:versionedparcelable:1.1.1) with AarToClassTransform
Transforming versionedparcelable-1.1.1.aar (androidx.versionedparcelable:versionedparcelable:1.1.1) with DexingWithClasspathTransform
Transforming versionedparcelable-1.1.1.aar (androidx.versionedparcelable:versionedparcelable:1.1.1) with DexingOutputSplitTransform
Transforming startup-runtime-1.1.1.aar (androidx.startup:startup-runtime:1.1.1) with JetifyTransform
Transforming startup-runtime-1.1.1.aar (androidx.startup:startup-runtime:1.1.1) with AarToClassTransform
Transforming startup-runtime-1.1.1.aar (androidx.startup:startup-runtime:1.1.1) with DexingWithClasspathTransform
Transforming startup-runtime-1.1.1.aar (androidx.startup:startup-runtime:1.1.1) with DexingOutputSplitTransform
Transforming tracing-1.0.0.aar (androidx.tracing:tracing:1.0.0) with JetifyTransform
Transforming tracing-1.0.0.aar (androidx.tracing:tracing:1.0.0) with AarToClassTransform
Transforming tracing-1.0.0.aar (androidx.tracing:tracing:1.0.0) with DexingWithClasspathTransform
Transforming tracing-1.0.0.aar (androidx.tracing:tracing:1.0.0) with DexingOutputSplitTransform
Transforming collection-1.1.0.jar (androidx.collection:collection:1.1.0) with JetifyTransform
Transforming collection-1.1.0.jar (androidx.collection:collection:1.1.0) with IdentityTransform
Transforming collection-1.1.0.jar (androidx.collection:collection:1.1.0) with DexingWithClasspathTransform
Transforming collection-1.1.0.jar (androidx.collection:collection:1.1.0) with DexingOutputSplitTransform
Transforming lifecycle-livedata-2.0.0.aar (androidx.lifecycle:lifecycle-livedata:2.0.0) with JetifyTransform
Transforming lifecycle-livedata-2.0.0.aar (androidx.lifecycle:lifecycle-livedata:2.0.0) with AarToClassTransform
Transforming lifecycle-livedata-2.0.0.aar (androidx.lifecycle:lifecycle-livedata:2.0.0) with DexingWithClasspathTransform
Transforming lifecycle-livedata-2.0.0.aar (androidx.lifecycle:lifecycle-livedata:2.0.0) with DexingOutputSplitTransform
Transforming lifecycle-livedata-core-2.5.1.aar (androidx.lifecycle:lifecycle-livedata-core:2.5.1) with JetifyTransform
Transforming lifecycle-livedata-core-2.5.1.aar (androidx.lifecycle:lifecycle-livedata-core:2.5.1) with AarToClassTransform
Transforming lifecycle-livedata-core-2.5.1.aar (androidx.lifecycle:lifecycle-livedata-core:2.5.1) with DexingWithClasspathTransform
Transforming lifecycle-livedata-core-2.5.1.aar (androidx.lifecycle:lifecycle-livedata-core:2.5.1) with DexingOutputSplitTransform
Transforming lifecycle-livedata-core-2.5.1.aar (androidx.lifecycle:lifecycle-livedata-core:2.5.1) with JetifyTransform
Transforming lifecycle-livedata-core-2.5.1.aar (androidx.lifecycle:lifecycle-livedata-core:2.5.1) with AarToClassTransform
Transforming lifecycle-livedata-core-2.5.1.aar (androidx.lifecycle:lifecycle-livedata-core:2.5.1) with DexingWithClasspathTransform
Transforming lifecycle-livedata-core-2.5.1.aar (androidx.lifecycle:lifecycle-livedata-core:2.5.1) with DexingOutputSplitTransform
Transforming core-runtime-2.1.0.aar (androidx.arch.core:core-runtime:2.1.0) with JetifyTransform
Transforming core-runtime-2.1.0.aar (androidx.arch.core:core-runtime:2.1.0) with AarToClassTransform
Transforming core-runtime-2.1.0.aar (androidx.arch.core:core-runtime:2.1.0) with DexingWithClasspathTransform
Transforming core-runtime-2.1.0.aar (androidx.arch.core:core-runtime:2.1.0) with DexingOutputSplitTransform
Transforming core-runtime-2.1.0.aar (androidx.arch.core:core-runtime:2.1.0) with JetifyTransform
Transforming core-runtime-2.1.0.aar (androidx.arch.core:core-runtime:2.1.0) with AarToClassTransform
Transforming core-runtime-2.1.0.aar (androidx.arch.core:core-runtime:2.1.0) with DexingWithClasspathTransform
Transforming core-runtime-2.1.0.aar (androidx.arch.core:core-runtime:2.1.0) with DexingOutputSplitTransform
Transforming core-common-2.1.0.jar (androidx.arch.core:core-common:2.1.0) with JetifyTransform
Transforming core-common-2.1.0.jar (androidx.arch.core:core-common:2.1.0) with IdentityTransform
Transforming core-common-2.1.0.jar (androidx.arch.core:core-common:2.1.0) with DexingWithClasspathTransform
Transforming core-common-2.1.0.jar (androidx.arch.core:core-common:2.1.0) with DexingOutputSplitTransform
Transforming lifecycle-common-2.5.1.jar (androidx.lifecycle:lifecycle-common:2.5.1) with JetifyTransform
Transforming lifecycle-common-2.5.1.jar (androidx.lifecycle:lifecycle-common:2.5.1) with IdentityTransform
Transforming lifecycle-common-2.5.1.jar (androidx.lifecycle:lifecycle-common:2.5.1) with DexingWithClasspathTransform
Transforming lifecycle-common-2.5.1.jar (androidx.lifecycle:lifecycle-common:2.5.1) with DexingOutputSplitTransform
Transforming interpolator-1.0.0.aar (androidx.interpolator:interpolator:1.0.0) with JetifyTransform
Transforming interpolator-1.0.0.aar (androidx.interpolator:interpolator:1.0.0) with AarToClassTransform
Transforming interpolator-1.0.0.aar (androidx.interpolator:interpolator:1.0.0) with DexingWithClasspathTransform
Transforming interpolator-1.0.0.aar (androidx.interpolator:interpolator:1.0.0) with DexingOutputSplitTransform
Transforming okio-1.15.0.jar (com.squareup.okio:okio:1.15.0) with JetifyTransform
Transforming okio-1.15.0.jar (com.squareup.okio:okio:1.15.0) with IdentityTransform
Transforming okio-1.15.0.jar (com.squareup.okio:okio:1.15.0) with DexingWithClasspathTransform
Transforming okio-1.15.0.jar (com.squareup.okio:okio:1.15.0) with DexingOutputSplitTransform
Transforming kotlinx-coroutines-core-jvm-1.6.1.jar (org.jetbrains.kotlinx:kotlinx-coroutines-core-jvm:1.6.1) with JetifyTransform
Transforming kotlinx-coroutines-core-jvm-1.6.1.jar (org.jetbrains.kotlinx:kotlinx-coroutines-core-jvm:1.6.1) with IdentityTransform
Transforming kotlinx-coroutines-core-jvm-1.6.1.jar (org.jetbrains.kotlinx:kotlinx-coroutines-core-jvm:1.6.1) with DexingWithClasspathTransform
Transforming kotlinx-coroutines-core-jvm-1.6.1.jar (org.jetbrains.kotlinx:kotlinx-coroutines-core-jvm:1.6.1) with DexingOutputSplitTransform
Transforming kotlinx-coroutines-android-1.6.1.jar (org.jetbrains.kotlinx:kotlinx-coroutines-android:1.6.1) with JetifyTransform
Transforming kotlinx-coroutines-android-1.6.1.jar (org.jetbrains.kotlinx:kotlinx-coroutines-android:1.6.1) with IdentityTransform
Transforming kotlinx-coroutines-android-1.6.1.jar (org.jetbrains.kotlinx:kotlinx-coroutines-android:1.6.1) with DexingWithClasspathTransform
Transforming kotlinx-coroutines-android-1.6.1.jar (org.jetbrains.kotlinx:kotlinx-coroutines-android:1.6.1) with DexingOutputSplitTransform
Transforming kotlin-stdlib-jdk8-1.9.0.jar (org.jetbrains.kotlin:kotlin-stdlib-jdk8:1.9.0) with JetifyTransform
Transforming kotlin-stdlib-jdk8-1.9.0.jar (org.jetbrains.kotlin:kotlin-stdlib-jdk8:1.9.0) with IdentityTransform
Transforming kotlin-stdlib-jdk8-1.9.0.jar (org.jetbrains.kotlin:kotlin-stdlib-jdk8:1.9.0) with DexingWithClasspathTransform
Transforming kotlin-stdlib-jdk8-1.9.0.jar (org.jetbrains.kotlin:kotlin-stdlib-jdk8:1.9.0) with DexingOutputSplitTransform
Transforming kotlin-stdlib-jdk7-1.9.0.jar (org.jetbrains.kotlin:kotlin-stdlib-jdk7:1.9.0) with JetifyTransform
Transforming kotlin-stdlib-jdk7-1.9.0.jar (org.jetbrains.kotlin:kotlin-stdlib-jdk7:1.9.0) with IdentityTransform
Transforming kotlin-stdlib-jdk7-1.9.0.jar (org.jetbrains.kotlin:kotlin-stdlib-jdk7:1.9.0) with DexingWithClasspathTransform
Transforming kotlin-stdlib-jdk7-1.9.0.jar (org.jetbrains.kotlin:kotlin-stdlib-jdk7:1.9.0) with DexingOutputSplitTransform
Transforming commons-lang3-3.9.jar (org.apache.commons:commons-lang3:3.9) with JetifyTransform
Transforming commons-lang3-3.9.jar (org.apache.commons:commons-lang3:3.9) with IdentityTransform
Transforming commons-lang3-3.9.jar (org.apache.commons:commons-lang3:3.9) with DexingWithClasspathTransform
Transforming commons-lang3-3.9.jar (org.apache.commons:commons-lang3:3.9) with DexingOutputSplitTransform
Transforming library-2.4.0.jar (com.nineoldandroids:library:2.4.0) with JetifyTransform
Transforming library-2.4.0.jar (com.nineoldandroids:library:2.4.0) with IdentityTransform
Transforming library-2.4.0.jar (com.nineoldandroids:library:2.4.0) with DexingWithClasspathTransform
Transforming library-2.4.0.jar (com.nineoldandroids:library:2.4.0) with DexingOutputSplitTransform
Transforming annotation-jvm-1.6.0.jar (androidx.annotation:annotation-jvm:1.6.0) with JetifyTransform
Transforming annotation-jvm-1.6.0.jar (androidx.annotation:annotation-jvm:1.6.0) with IdentityTransform
Transforming annotation-jvm-1.6.0.jar (androidx.annotation:annotation-jvm:1.6.0) with DexingWithClasspathTransform
Transforming annotation-jvm-1.6.0.jar (androidx.annotation:annotation-jvm:1.6.0) with DexingOutputSplitTransform
Transforming annotation-experimental-1.3.0.aar (androidx.annotation:annotation-experimental:1.3.0) with JetifyTransform
Transforming annotation-experimental-1.3.0.aar (androidx.annotation:annotation-experimental:1.3.0) with AarToClassTransform
Transforming annotation-experimental-1.3.0.aar (androidx.annotation:annotation-experimental:1.3.0) with DexingWithClasspathTransform
Transforming annotation-experimental-1.3.0.aar (androidx.annotation:annotation-experimental:1.3.0) with DexingOutputSplitTransform
Transforming kotlin-stdlib-1.9.0.jar (org.jetbrains.kotlin:kotlin-stdlib:1.9.0) with JetifyTransform
Transforming kotlin-stdlib-1.9.0.jar (org.jetbrains.kotlin:kotlin-stdlib:1.9.0) with IdentityTransform
Transforming kotlin-stdlib-1.9.0.jar (org.jetbrains.kotlin:kotlin-stdlib:1.9.0) with DexingWithClasspathTransform
Transforming kotlin-stdlib-1.9.0.jar (org.jetbrains.kotlin:kotlin-stdlib:1.9.0) with DexingOutputSplitTransform
Transforming constraintlayout-core-1.0.4.jar (androidx.constraintlayout:constraintlayout-core:1.0.4) with JetifyTransform
Transforming constraintlayout-core-1.0.4.jar (androidx.constraintlayout:constraintlayout-core:1.0.4) with IdentityTransform
Transforming constraintlayout-core-1.0.4.jar (androidx.constraintlayout:constraintlayout-core:1.0.4) with DexingWithClasspathTransform
Transforming constraintlayout-core-1.0.4.jar (androidx.constraintlayout:constraintlayout-core:1.0.4) with DexingOutputSplitTransform
Transforming kotlin-stdlib-common-1.9.0.jar (org.jetbrains.kotlin:kotlin-stdlib-common:1.9.0) with JetifyTransform
Transforming kotlin-stdlib-common-1.9.0.jar (org.jetbrains.kotlin:kotlin-stdlib-common:1.9.0) with IdentityTransform
Transforming kotlin-stdlib-common-1.9.0.jar (org.jetbrains.kotlin:kotlin-stdlib-common:1.9.0) with DexingWithClasspathTransform
Transforming kotlin-stdlib-common-1.9.0.jar (org.jetbrains.kotlin:kotlin-stdlib-common:1.9.0) with DexingOutputSplitTransform
Transforming annotations-13.0.jar (org.jetbrains:annotations:13.0) with JetifyTransform
Transforming annotations-13.0.jar (org.jetbrains:annotations:13.0) with IdentityTransform
Transforming annotations-13.0.jar (org.jetbrains:annotations:13.0) with DexingWithClasspathTransform
Transforming annotations-13.0.jar (org.jetbrains:annotations:13.0) with DexingOutputSplitTransform
Transforming listenablefuture-1.0.jar (com.google.guava:listenablefuture:1.0) with JetifyTransform
Transforming listenablefuture-1.0.jar (com.google.guava:listenablefuture:1.0) with IdentityTransform
Transforming listenablefuture-1.0.jar (com.google.guava:listenablefuture:1.0) with DexingWithClasspathTransform
Transforming listenablefuture-1.0.jar (com.google.guava:listenablefuture:1.0) with DexingOutputSplitTransform
Caching disabled for task ':app:mergeDebugGlobalSynthetics' because:
  Build cache is disabled
Skipping task ':app:mergeDebugGlobalSynthetics' as it is up-to-date.
Resolve mutations for :app:mergeProjectDexDebug (Thread[#392,Execution worker Thread 11,5,main]) started.
:app:mergeProjectDexDebug (Thread[#392,Execution worker Thread 11,5,main]) started.

> Task :app:mergeProjectDexDebug
Caching disabled for task ':app:mergeProjectDexDebug' because:
  Build cache is disabled
Task ':app:mergeProjectDexDebug' is not up-to-date because:
  Input property 'dexDirs' file /home/fekerr/src/ingress-intel-total-conversion/mobile/app/build/intermediates/project_dex_archive/debug/dexBuilderDebug/out/org/exarhteam/iitc_mobile/BuildConfig.dex has changed.
Merging to '/home/fekerr/src/ingress-intel-total-conversion/mobile/app/build/intermediates/dex/debug/mergeProjectDexDebug/9' with D8 from all or a subset of dex files in /home/fekerr/src/ingress-intel-total-conversion/mobile/app/build/intermediates/project_dex_archive/debug/dexBuilderDebug/out, /home/fekerr/src/ingress-intel-total-conversion/mobile/app/build/intermediates/project_dex_archive/debug/dexBuilderDebug/out, /home/fekerr/src/ingress-intel-total-conversion/mobile/app/build/intermediates/project_dex_archive/debug/dexBuilderDebug/out, /home/fekerr/src/ingress-intel-total-conversion/mobile/app/build/intermediates/project_dex_archive/debug/dexBuilderDebug/out, /home/fekerr/src/ingress-intel-total-conversion/mobile/app/build/intermediates/project_dex_archive/debug/dexBuilderDebug/out, /home/fekerr/src/ingress-intel-total-conversion/mobile/app/build/intermediates/project_dex_archive/debug/dexBuilderDebug/out, /home/fekerr/src/ingress-intel-total-conversion/mobile/app/build/intermediates/project_dex_archive/debug/dexBuilderDebug/out, /home/fekerr/src/ingress-intel-total-conversion/mobile/app/build/intermediates/project_dex_archive/debug/dexBuilderDebug/out, /home/fekerr/src/ingress-intel-total-conversion/mobile/app/build/intermediates/project_dex_archive/debug/dexBuilderDebug/out, /home/fekerr/src/ingress-intel-total-conversion/mobile/app/build/intermediates/project_dex_archive/debug/dexBuilderDebug/out, /home/fekerr/src/ingress-intel-total-conversion/mobile/app/build/intermediates/project_dex_archive/debug/dexBuilderDebug/out, /home/fekerr/src/ingress-intel-total-conversion/mobile/app/build/intermediates/project_dex_archive/debug/dexBuilderDebug/out, /home/fekerr/src/ingress-intel-total-conversion/mobile/app/build/intermediates/project_dex_archive/debug/dexBuilderDebug/out, /home/fekerr/src/ingress-intel-total-conversion/mobile/app/build/intermediates/project_dex_archive/debug/dexBuilderDebug/out, /home/fekerr/src/ingress-intel-total-conversion/mobile/app/build/intermediates/project_dex_archive/debug/dexBuilderDebug/out, /home/fekerr/src/ingress-intel-total-conversion/mobile/app/build/intermediates/project_dex_archive/debug/dexBuilderDebug/out, /home/fekerr/src/ingress-intel-total-conversion/mobile/app/build/intermediates/project_dex_archive/debug/dexBuilderDebug/out, /home/fekerr/src/ingress-intel-total-conversion/mobile/app/build/intermediates/project_dex_archive/debug/dexBuilderDebug/out, /home/fekerr/src/ingress-intel-total-conversion/mobile/app/build/intermediates/project_dex_archive/debug/dexBuilderDebug/out, /home/fekerr/src/ingress-intel-total-conversion/mobile/app/build/intermediates/project_dex_archive/debug/dexBuilderDebug/out, /home/fekerr/src/ingress-intel-total-conversion/mobile/app/build/intermediates/project_dex_archive/debug/dexBuilderDebug/out, /home/fekerr/src/ingress-intel-total-conversion/mobile/app/build/intermediates/project_dex_archive/debug/dexBuilderDebug/out, /home/fekerr/src/ingress-intel-total-conversion/mobile/app/build/intermediates/project_dex_archive/debug/dexBuilderDebug/out, /home/fekerr/src/ingress-intel-total-conversion/mobile/app/build/intermediates/project_dex_archive/debug/dexBuilderDebug/out, /home/fekerr/src/ingress-intel-total-conversion/mobile/app/build/intermediates/project_dex_archive/debug/dexBuilderDebug/out, /home/fekerr/src/ingress-intel-total-conversion/mobile/app/build/intermediates/project_dex_archive/debug/dexBuilderDebug/out, /home/fekerr/src/ingress-intel-total-conversion/mobile/app/build/intermediates/project_dex_archive/debug/dexBuilderDebug/out, /home/fekerr/src/ingress-intel-total-conversion/mobile/app/build/intermediates/project_dex_archive/debug/dexBuilderDebug/out, /home/fekerr/src/ingress-intel-total-conversion/mobile/app/build/intermediates/project_dex_archive/debug/dexBuilderDebug/out, /home/fekerr/src/ingress-intel-total-conversion/mobile/app/build/intermediates/project_dex_archive/debug/dexBuilderDebug/out, /home/fekerr/src/ingress-intel-total-conversion/mobile/app/build/intermediates/project_dex_archive/debug/dexBuilderDebug/out, /home/fekerr/src/ingress-intel-total-conversion/mobile/app/build/intermediates/project_dex_archive/debug/dexBuilderDebug/out, /home/fekerr/src/ingress-intel-total-conversion/mobile/app/build/intermediates/project_dex_archive/debug/dexBuilderDebug/out, /home/fekerr/src/ingress-intel-total-conversion/mobile/app/build/intermediates/project_dex_archive/debug/dexBuilderDebug/out, /home/fekerr/src/ingress-intel-total-conversion/mobile/app/build/intermediates/project_dex_archive/debug/dexBuilderDebug/out, /home/fekerr/src/ingress-intel-total-conversion/mobile/app/build/intermediates/project_dex_archive/debug/dexBuilderDebug/out, /home/fekerr/src/ingress-intel-total-conversion/mobile/app/build/intermediates/project_dex_archive/debug/dexBuilderDebug/out, /home/fekerr/src/ingress-intel-total-conversion/mobile/app/build/intermediates/project_dex_archive/debug/dexBuilderDebug/out, /home/fekerr/src/ingress-intel-total-conversion/mobile/app/build/intermediates/project_dex_archive/debug/dexBuilderDebug/out, /home/fekerr/src/ingress-intel-total-conversion/mobile/app/build/intermediates/project_dex_archive/debug/dexBuilderDebug/out, /home/fekerr/src/ingress-intel-total-conversion/mobile/app/build/intermediates/project_dex_archive/debug/dexBuilderDebug/out, /home/fekerr/src/ingress-intel-total-conversion/mobile/app/build/intermediates/project_dex_archive/debug/dexBuilderDebug/out, /home/fekerr/src/ingress-intel-total-conversion/mobile/app/build/intermediates/project_dex_archive/debug/dexBuilderDebug/out, /home/fekerr/src/ingress-intel-total-conversion/mobile/app/build/intermediates/project_dex_archive/debug/dexBuilderDebug/out, /home/fekerr/src/ingress-intel-total-conversion/mobile/app/build/intermediates/project_dex_archive/debug/dexBuilderDebug/out, /home/fekerr/src/ingress-intel-total-conversion/mobile/app/build/intermediates/project_dex_archive/debug/dexBuilderDebug/out, /home/fekerr/src/ingress-intel-total-conversion/mobile/app/build/intermediates/project_dex_archive/debug/dexBuilderDebug/out, /home/fekerr/src/ingress-intel-total-conversion/mobile/app/build/intermediates/project_dex_archive/debug/dexBuilderDebug/out, /home/fekerr/src/ingress-intel-total-conversion/mobile/app/build/intermediates/project_dex_archive/debug/dexBuilderDebug/out, /home/fekerr/src/ingress-intel-total-conversion/mobile/app/build/intermediates/project_dex_archive/debug/dexBuilderDebug/out, /home/fekerr/src/ingress-intel-total-conversion/mobile/app/build/intermediates/project_dex_archive/debug/dexBuilderDebug/out, /home/fekerr/src/ingress-intel-total-conversion/mobile/app/build/intermediates/project_dex_archive/debug/dexBuilderDebug/out, /home/fekerr/src/ingress-intel-total-conversion/mobile/app/build/intermediates/project_dex_archive/debug/dexBuilderDebug/out, /home/fekerr/src/ingress-intel-total-conversion/mobile/app/build/intermediates/project_dex_archive/debug/dexBuilderDebug/out, /home/fekerr/src/ingress-intel-total-conversion/mobile/app/build/intermediates/project_dex_archive/debug/dexBuilderDebug/out, /home/fekerr/src/ingress-intel-total-conversion/mobile/app/build/intermediates/project_dex_archive/debug/dexBuilderDebug/out, /home/fekerr/src/ingress-intel-total-conversion/mobile/app/build/intermediates/project_dex_archive/debug/dexBuilderDebug/out, /home/fekerr/src/ingress-intel-total-conversion/mobile/app/build/intermediates/project_dex_archive/debug/dexBuilderDebug/out, /home/fekerr/src/ingress-intel-total-conversion/mobile/app/build/intermediates/project_dex_archive/debug/dexBuilderDebug/out, /home/fekerr/src/ingress-intel-total-conversion/mobile/app/build/intermediates/project_dex_archive/debug/dexBuilderDebug/out, /home/fekerr/src/ingress-intel-total-conversion/mobile/app/build/intermediates/project_dex_archive/debug/dexBuilderDebug/out, /home/fekerr/src/ingress-intel-total-conversion/mobile/app/build/intermediates/project_dex_archive/debug/dexBuilderDebug/out, /home/fekerr/src/ingress-intel-total-conversion/mobile/app/build/intermediates/project_dex_archive/debug/dexBuilderDebug/out, /home/fekerr/src/ingress-intel-total-conversion/mobile/app/build/intermediates/project_dex_archive/debug/dexBuilderDebug/out, /home/fekerr/src/ingress-intel-total-conversion/mobile/app/build/intermediates/project_dex_archive/debug/dexBuilderDebug/out, /home/fekerr/src/ingress-intel-total-conversion/mobile/app/build/intermediates/project_dex_archive/debug/dexBuilderDebug/out, /home/fekerr/src/ingress-intel-total-conversion/mobile/app/build/intermediates/project_dex_archive/debug/dexBuilderDebug/out, /home/fekerr/src/ingress-intel-total-conversion/mobile/app/build/intermediates/project_dex_archive/debug/dexBuilderDebug/out, /home/fekerr/src/ingress-intel-total-conversion/mobile/app/build/intermediates/project_dex_archive/debug/dexBuilderDebug/out, /home/fekerr/src/ingress-intel-total-conversion/mobile/app/build/intermediates/project_dex_archive/debug/dexBuilderDebug/out, and from all global synthetics files in 
Resolve mutations for :app:packageDebug (Thread[#392,Execution worker Thread 11,5,main]) started.
:app:packageDebug (Thread[#392,Execution worker Thread 11,5,main]) started.

> Task :app:packageDebug
Custom actions are attached to task ':app:packageDebug'.
Caching disabled for task ':app:packageDebug' because:
  Build cache is disabled
  Caching has been disabled for the task
Task ':app:packageDebug' is not up-to-date because:
  Value of input property 'outputsHandler.variantOutputs.$0.versionCode' has changed for task ':app:packageDebug'
  Value of input property 'outputsHandler.variantOutputs.$0.versionName' has changed for task ':app:packageDebug'
The input changes require a full rebuild for incremental task ':app:packageDebug'.
Resolve mutations for :app:createDebugApkListingFileRedirect (Thread[#392,Execution worker Thread 11,5,main]) started.
:app:createDebugApkListingFileRedirect (Thread[#392,Execution worker Thread 11,5,main]) started.

> Task :app:createDebugApkListingFileRedirect
Caching disabled for task ':app:createDebugApkListingFileRedirect' because:
  Build cache is disabled
  Caching has been disabled for the task
Task ':app:createDebugApkListingFileRedirect' is not up-to-date because:
  Input property 'listingFile' file /home/fekerr/src/ingress-intel-total-conversion/mobile/app/build/outputs/apk/debug/output-metadata.json has changed.
Resolve mutations for :app:assembleDebug (Thread[#392,Execution worker Thread 11,5,main]) started.
:app:assembleDebug (Thread[#392,Execution worker Thread 11,5,main]) started.

> Task :app:assembleDebug
Caching disabled for task ':app:assembleDebug' because:
  Build cache is disabled
Task ':app:assembleDebug' is not up-to-date because:
  Task has not declared any outputs despite executing actions.
AAPT2 aapt2-8.10.0-12782657-linux Daemon #0: shutdown
[Incubating] Problems report is available at: file:///home/fekerr/src/ingress-intel-total-conversion/mobile/build/reports/problems/problems-report.html

BUILD SUCCESSFUL in 3s
32 actionable tasks: 12 executed, 20 up-to-date
