Initialized native services in: /home/fekerr/.gradle/native
Initialized jansi services in: /home/fekerr/.gradle/native
The client will now receive all logging from the daemon (pid: 34511). The daemon log file: /home/fekerr/.gradle/daemon/8.11.1/daemon-34511.out.log
Starting 3rd build in daemon [uptime: 11 mins 24.626 secs, performance: 99%, GC rate: 0.00/s, heap usage: 0% of 1.5 GiB]
Using 12 worker leases.
Now considering [/home/fekerr/src/ingress-intel-total-conversion/mobile] as hierarchies to watch
Watching the file system is configured to be enabled if available
File system watching is active
Starting Build
Settings evaluated using settings file '/home/fekerr/src/ingress-intel-total-conversion/mobile/settings.gradle'.
Projects loaded. Root project using build file '/home/fekerr/src/ingress-intel-total-conversion/mobile/build.gradle'.
Included projects: [root project 'mobile', project ':app']

> Configure project :
Evaluating root project 'mobile' using build file '/home/fekerr/src/ingress-intel-total-conversion/mobile/build.gradle'.
Transforming gradle-8.10.0.jar (com.android.tools.build:gradle:8.10.0) with InstrumentationAnalysisTransform
Transforming gradle-settings-api-8.10.0.jar (com.android.tools.build:gradle-settings-api:8.10.0) with InstrumentationAnalysisTransform
Transforming lint-model-31.10.0.jar (com.android.tools.lint:lint-model:31.10.0) with InstrumentationAnalysisTransform
Transforming builder-8.10.0.jar (com.android.tools.build:builder:8.10.0) with InstrumentationAnalysisTransform
Transforming manifest-merger-31.10.0.jar (com.android.tools.build:manifest-merger:31.10.0) with InstrumentationAnalysisTransform
Transforming sdk-common-31.10.0.jar (com.android.tools:sdk-common:31.10.0) with InstrumentationAnalysisTransform
Transforming sdklib-31.10.0.jar (com.android.tools:sdklib:31.10.0) with InstrumentationAnalysisTransform
Transforming repository-31.10.0.jar (com.android.tools:repository:31.10.0) with InstrumentationAnalysisTransform
Transforming gradle-api-8.10.0.jar (com.android.tools.build:gradle-api:8.10.0) with InstrumentationAnalysisTransform
Transforming builder-test-api-8.10.0.jar (com.android.tools.build:builder-test-api:8.10.0) with InstrumentationAnalysisTransform
Transforming ddmlib-31.10.0.jar (com.android.tools.ddms:ddmlib:31.10.0) with InstrumentationAnalysisTransform
Transforming aaptcompiler-8.10.0.jar (com.android.tools.build:aaptcompiler:8.10.0) with InstrumentationAnalysisTransform
Transforming bundletool-1.18.0.jar (com.android.tools.build:bundletool:1.18.0) with InstrumentationAnalysisTransform
Transforming aapt2-proto-8.10.0-12782657.jar (com.android.tools.build:aapt2-proto:8.10.0-12782657) with InstrumentationAnalysisTransform
Transforming crash-31.10.0.jar (com.android.tools.analytics-library:crash:31.10.0) with InstrumentationAnalysisTransform
Transforming tracker-31.10.0.jar (com.android.tools.analytics-library:tracker:31.10.0) with InstrumentationAnalysisTransform
Transforming shared-31.10.0.jar (com.android.tools.analytics-library:shared:31.10.0) with InstrumentationAnalysisTransform
Transforming lint-typedef-remover-31.10.0.jar (com.android.tools.lint:lint-typedef-remover:31.10.0) with InstrumentationAnalysisTransform
Transforming databinding-compiler-common-8.10.0.jar (androidx.databinding:databinding-compiler-common:8.10.0) with InstrumentationAnalysisTransform
Transforming databinding-common-8.10.0.jar (androidx.databinding:databinding-common:8.10.0) with InstrumentationAnalysisTransform
Transforming baseLibrary-8.10.0.jar (com.android.databinding:baseLibrary:8.10.0) with InstrumentationAnalysisTransform
Transforming layoutlib-api-31.10.0.jar (com.android.tools.layoutlib:layoutlib-api:31.10.0) with InstrumentationAnalysisTransform
Transforming android-device-provider-ddmlib-proto-31.10.0.jar (com.android.tools.utp:android-device-provider-ddmlib-proto:31.10.0) with InstrumentationAnalysisTransform
Transforming android-device-provider-gradle-proto-31.10.0.jar (com.android.tools.utp:android-device-provider-gradle-proto:31.10.0) with InstrumentationAnalysisTransform
Transforming android-device-provider-profile-proto-31.10.0.jar (com.android.tools.utp:android-device-provider-profile-proto:31.10.0) with InstrumentationAnalysisTransform
Transforming android-test-plugin-host-additional-test-output-proto-31.10.0.jar (com.android.tools.utp:android-test-plugin-host-additional-test-output-proto:31.10.0) with InstrumentationAnalysisTransform
Transforming android-test-plugin-host-coverage-proto-31.10.0.jar (com.android.tools.utp:android-test-plugin-host-coverage-proto:31.10.0) with InstrumentationAnalysisTransform
Transforming android-test-plugin-host-emulator-control-proto-31.10.0.jar (com.android.tools.utp:android-test-plugin-host-emulator-control-proto:31.10.0) with InstrumentationAnalysisTransform
Transforming android-test-plugin-host-logcat-proto-31.10.0.jar (com.android.tools.utp:android-test-plugin-host-logcat-proto:31.10.0) with InstrumentationAnalysisTransform
Transforming android-test-plugin-host-apk-installer-proto-31.10.0.jar (com.android.tools.utp:android-test-plugin-host-apk-installer-proto:31.10.0) with InstrumentationAnalysisTransform
Transforming android-test-plugin-result-listener-gradle-proto-31.10.0.jar (com.android.tools.utp:android-test-plugin-result-listener-gradle-proto:31.10.0) with InstrumentationAnalysisTransform
Transforming builder-model-8.10.0.jar (com.android.tools.build:builder-model:8.10.0) with InstrumentationAnalysisTransform
Transforming dvlib-31.10.0.jar (com.android.tools:dvlib:31.10.0) with InstrumentationAnalysisTransform
Transforming common-31.10.0.jar (com.android.tools:common:31.10.0) with InstrumentationAnalysisTransform
Transforming jetifier-processor-1.0.0-beta10.jar (com.android.tools.build.jetifier:jetifier-processor:1.0.0-beta10) with InstrumentationAnalysisTransform
Transforming jetifier-core-1.0.0-beta10.jar (com.android.tools.build.jetifier:jetifier-core:1.0.0-beta10) with InstrumentationAnalysisTransform
Transforming kotlin-reflect-2.1.0.jar (org.jetbrains.kotlin:kotlin-reflect:2.1.0) with InstrumentationAnalysisTransform
Transforming kotlin-stdlib-jdk7-2.1.0.jar (org.jetbrains.kotlin:kotlin-stdlib-jdk7:2.1.0) with InstrumentationAnalysisTransform
Transforming kotlin-stdlib-2.1.0.jar (org.jetbrains.kotlin:kotlin-stdlib:2.1.0) with InstrumentationAnalysisTransform
Transforming kotlin-stdlib-jdk8-2.1.0.jar (org.jetbrains.kotlin:kotlin-stdlib-jdk8:2.1.0) with InstrumentationAnalysisTransform
Transforming transform-api-2.0.0-deprecated-use-gradle-api.jar (com.android.tools.build:transform-api:2.0.0-deprecated-use-gradle-api) with InstrumentationAnalysisTransform
Transforming httpmime-4.5.6.jar (org.apache.httpcomponents:httpmime:4.5.6) with InstrumentationAnalysisTransform
Transforming commons-io-2.16.1.jar (commons-io:commons-io:2.16.1) with InstrumentationAnalysisTransform
Transforming asm-commons-9.7.1.jar (org.ow2.asm:asm-commons:9.7.1) with InstrumentationAnalysisTransform
Transforming asm-util-9.7.1.jar (org.ow2.asm:asm-util:9.7.1) with InstrumentationAnalysisTransform
Transforming asm-analysis-9.7.1.jar (org.ow2.asm:asm-analysis:9.7.1) with InstrumentationAnalysisTransform
Transforming asm-tree-9.7.1.jar (org.ow2.asm:asm-tree:9.7.1) with InstrumentationAnalysisTransform
Transforming asm-9.7.1.jar (org.ow2.asm:asm:9.7.1) with InstrumentationAnalysisTransform
Transforming apkzlib-8.10.0.jar (com.android.tools.build:apkzlib:8.10.0) with InstrumentationAnalysisTransform
Transforming bcpkix-jdk18on-1.79.jar (org.bouncycastle:bcpkix-jdk18on:1.79) with InstrumentationAnalysisTransform
Transforming jaxb-runtime-2.3.2.jar (org.glassfish.jaxb:jaxb-runtime:2.3.2) with InstrumentationAnalysisTransform
Transforming jopt-simple-4.9.jar (net.sf.jopt-simple:jopt-simple:4.9) with InstrumentationAnalysisTransform
Transforming javapoet-1.10.0.jar (com.squareup:javapoet:1.10.0) with InstrumentationAnalysisTransform
Transforming protobuf-java-util-3.25.5.jar (com.google.protobuf:protobuf-java-util:3.25.5) with InstrumentationAnalysisTransform
Transforming grpc-protobuf-1.69.1.jar (io.grpc:grpc-protobuf:1.69.1) with InstrumentationAnalysisTransform
Transforming tink-1.7.0.jar (com.google.crypto.tink:tink:1.7.0) with InstrumentationAnalysisTransform
Transforming core-proto-0.0.9-alpha03.jar (com.google.testing.platform:core-proto:0.0.9-alpha03) with InstrumentationAnalysisTransform
Transforming protos-31.10.0.jar (com.android.tools.analytics-library:protos:31.10.0) with InstrumentationAnalysisTransform
Transforming proto-google-common-protos-2.48.0.jar (com.google.api.grpc:proto-google-common-protos:2.48.0) with InstrumentationAnalysisTransform
Transforming protobuf-java-3.25.5.jar (com.google.protobuf:protobuf-java:3.25.5) with InstrumentationAnalysisTransform
Transforming grpc-netty-1.69.1.jar (io.grpc:grpc-netty:1.69.1) with InstrumentationAnalysisTransform
Transforming grpc-inprocess-1.69.1.jar (io.grpc:grpc-inprocess:1.69.1) with InstrumentationAnalysisTransform
Transforming grpc-util-1.69.1.jar (io.grpc:grpc-util:1.69.1) with InstrumentationAnalysisTransform
Transforming grpc-core-1.69.1.jar (io.grpc:grpc-core:1.69.1) with InstrumentationAnalysisTransform
Transforming gson-2.11.0.jar (com.google.code.gson:gson:2.11.0) with InstrumentationAnalysisTransform
Transforming grpc-stub-1.69.1.jar (io.grpc:grpc-stub:1.69.1) with InstrumentationAnalysisTransform
Transforming tensorflow-lite-metadata-0.2.0.jar (org.tensorflow:tensorflow-lite-metadata:0.2.0) with InstrumentationAnalysisTransform
Transforming flatbuffers-java-1.12.0.jar (com.google.flatbuffers:flatbuffers-java:1.12.0) with InstrumentationAnalysisTransform
Transforming jimfs-1.1.jar (com.google.jimfs:jimfs:1.1) with InstrumentationAnalysisTransform
Transforming grpc-context-1.69.1.jar (io.grpc:grpc-context:1.69.1) with InstrumentationAnalysisTransform
Transforming grpc-protobuf-lite-1.69.1.jar (io.grpc:grpc-protobuf-lite:1.69.1) with InstrumentationAnalysisTransform
Transforming grpc-api-1.69.1.jar (io.grpc:grpc-api:1.69.1) with InstrumentationAnalysisTransform
Transforming guava-33.3.1-jre.jar (com.google.guava:guava:33.3.1-jre) with InstrumentationAnalysisTransform
Transforming dagger-2.28.3.jar (com.google.dagger:dagger:2.28.3) with InstrumentationAnalysisTransform
Transforming javax.inject-1.jar (javax.inject:javax.inject:1) with InstrumentationAnalysisTransform
Transforming kxml2-2.3.0.jar (net.sf.kxml:kxml2:2.3.0) with InstrumentationAnalysisTransform
Transforming commons-compress-1.21.jar (org.apache.commons:commons-compress:1.21) with InstrumentationAnalysisTransform
Transforming bcutil-jdk18on-1.79.jar (org.bouncycastle:bcutil-jdk18on:1.79) with InstrumentationAnalysisTransform
Transforming bcprov-jdk18on-1.79.jar (org.bouncycastle:bcprov-jdk18on:1.79) with InstrumentationAnalysisTransform
Transforming httpclient-4.5.14.jar (org.apache.httpcomponents:httpclient:4.5.14) with InstrumentationAnalysisTransform
Transforming httpcore-4.4.16.jar (org.apache.httpcomponents:httpcore:4.4.16) with InstrumentationAnalysisTransform
Transforming javax.activation-1.2.0.jar (com.sun.activation:javax.activation:1.2.0) with InstrumentationAnalysisTransform
Transforming annotations-23.0.0.jar (org.jetbrains:annotations:23.0.0) with InstrumentationAnalysisTransform
Transforming signflinger-8.10.0.jar (com.android:signflinger:8.10.0) with InstrumentationAnalysisTransform
Transforming zipflinger-8.10.0.jar (com.android:zipflinger:8.10.0) with InstrumentationAnalysisTransform
Transforming annotations-31.10.0.jar (com.android.tools:annotations:31.10.0) with InstrumentationAnalysisTransform
Transforming jna-platform-5.6.0.jar (net.java.dev.jna:jna-platform:5.6.0) with InstrumentationAnalysisTransform
Transforming juniversalchardet-1.0.3.jar (com.googlecode.juniversalchardet:juniversalchardet:1.0.3) with InstrumentationAnalysisTransform
Transforming javax.annotation-api-1.3.2.jar (javax.annotation:javax.annotation-api:1.3.2) with InstrumentationAnalysisTransform
Transforming stax-ex-1.8.1.jar (org.jvnet.staxex:stax-ex:1.8.1) with InstrumentationAnalysisTransform
Transforming jakarta.xml.bind-api-2.3.2.jar (jakarta.xml.bind:jakarta.xml.bind-api:2.3.2) with InstrumentationAnalysisTransform
Transforming txw2-2.3.2.jar (org.glassfish.jaxb:txw2:2.3.2) with InstrumentationAnalysisTransform
Transforming istack-commons-runtime-3.0.8.jar (com.sun.istack:istack-commons-runtime:3.0.8) with InstrumentationAnalysisTransform
Transforming FastInfoset-1.2.16.jar (com.sun.xml.fastinfoset:FastInfoset:1.2.16) with InstrumentationAnalysisTransform
Transforming jakarta.activation-api-1.2.1.jar (jakarta.activation:jakarta.activation-api:1.2.1) with InstrumentationAnalysisTransform
Transforming auto-value-annotations-1.6.2.jar (com.google.auto.value:auto-value-annotations:1.6.2) with InstrumentationAnalysisTransform
Transforming error_prone_annotations-2.30.0.jar (com.google.errorprone:error_prone_annotations:2.30.0) with InstrumentationAnalysisTransform
Transforming jose4j-0.9.5.jar (org.bitbucket.b_c:jose4j:0.9.5) with InstrumentationAnalysisTransform
Transforming slf4j-api-1.7.30.jar (org.slf4j:slf4j-api:1.7.30) with InstrumentationAnalysisTransform
Transforming jdom2-2.0.6.jar (org.jdom:jdom2:2.0.6) with InstrumentationAnalysisTransform
Transforming jsr305-3.0.2.jar (com.google.code.findbugs:jsr305:3.0.2) with InstrumentationAnalysisTransform
Transforming j2objc-annotations-3.0.0.jar (com.google.j2objc:j2objc-annotations:3.0.0) with InstrumentationAnalysisTransform
Transforming annotations-4.1.1.4.jar (com.google.android:annotations:4.1.1.4) with InstrumentationAnalysisTransform
Transforming animal-sniffer-annotations-1.24.jar (org.codehaus.mojo:animal-sniffer-annotations:1.24) with InstrumentationAnalysisTransform
Transforming perfmark-api-0.27.0.jar (io.perfmark:perfmark-api:0.27.0) with InstrumentationAnalysisTransform
Transforming netty-codec-http2-4.1.110.Final.jar (io.netty:netty-codec-http2:4.1.110.Final) with InstrumentationAnalysisTransform
Transforming netty-handler-proxy-4.1.110.Final.jar (io.netty:netty-handler-proxy:4.1.110.Final) with InstrumentationAnalysisTransform
Transforming netty-codec-http-4.1.110.Final.jar (io.netty:netty-codec-http:4.1.110.Final) with InstrumentationAnalysisTransform
Transforming netty-handler-4.1.110.Final.jar (io.netty:netty-handler:4.1.110.Final) with InstrumentationAnalysisTransform
Transforming netty-transport-native-unix-common-4.1.110.Final.jar (io.netty:netty-transport-native-unix-common:4.1.110.Final) with InstrumentationAnalysisTransform
Transforming checker-qual-3.43.0.jar (org.checkerframework:checker-qual:3.43.0) with InstrumentationAnalysisTransform
Transforming apksig-8.10.0.jar (com.android.tools.build:apksig:8.10.0) with InstrumentationAnalysisTransform
Transforming javawriter-2.5.0.jar (com.squareup:javawriter:2.5.0) with InstrumentationAnalysisTransform
Transforming failureaccess-1.0.2.jar (com.google.guava:failureaccess:1.0.2) with InstrumentationAnalysisTransform
Transforming listenablefuture-9999.0-empty-to-avoid-conflict-with-guava.jar (com.google.guava:listenablefuture:9999.0-empty-to-avoid-conflict-with-guava) with InstrumentationAnalysisTransform
Transforming commons-logging-1.2.jar (commons-logging:commons-logging:1.2) with InstrumentationAnalysisTransform
Transforming commons-codec-1.11.jar (commons-codec:commons-codec:1.11) with InstrumentationAnalysisTransform
Transforming jna-5.6.0.jar (net.java.dev.jna:jna:5.6.0) with InstrumentationAnalysisTransform
Transforming netty-codec-socks-4.1.110.Final.jar (io.netty:netty-codec-socks:4.1.110.Final) with InstrumentationAnalysisTransform
Transforming netty-codec-4.1.110.Final.jar (io.netty:netty-codec:4.1.110.Final) with InstrumentationAnalysisTransform
Transforming netty-transport-4.1.110.Final.jar (io.netty:netty-transport:4.1.110.Final) with InstrumentationAnalysisTransform
Transforming netty-buffer-4.1.110.Final.jar (io.netty:netty-buffer:4.1.110.Final) with InstrumentationAnalysisTransform
Transforming netty-resolver-4.1.110.Final.jar (io.netty:netty-resolver:4.1.110.Final) with InstrumentationAnalysisTransform
Transforming netty-common-4.1.110.Final.jar (io.netty:netty-common:4.1.110.Final) with InstrumentationAnalysisTransform
Transforming gradle-8.10.0.jar (com.android.tools.build:gradle:8.10.0) with InstrumentationAnalysisTransform
Transforming gradle-8.10.0.jar (com.android.tools.build:gradle:8.10.0) with MergeInstrumentationAnalysisTransform
Transforming gradle-settings-api-8.10.0.jar (com.android.tools.build:gradle-settings-api:8.10.0) with InstrumentationAnalysisTransform
Transforming gradle-settings-api-8.10.0.jar (com.android.tools.build:gradle-settings-api:8.10.0) with MergeInstrumentationAnalysisTransform
Transforming lint-model-31.10.0.jar (com.android.tools.lint:lint-model:31.10.0) with InstrumentationAnalysisTransform
Transforming lint-model-31.10.0.jar (com.android.tools.lint:lint-model:31.10.0) with MergeInstrumentationAnalysisTransform
Transforming gradle-8.10.0.jar (com.android.tools.build:gradle:8.10.0) with ExternalDependencyInstrumentingArtifactTransform
Transforming builder-8.10.0.jar (com.android.tools.build:builder:8.10.0) with InstrumentationAnalysisTransform
Transforming builder-8.10.0.jar (com.android.tools.build:builder:8.10.0) with MergeInstrumentationAnalysisTransform
Transforming lint-model-31.10.0.jar (com.android.tools.lint:lint-model:31.10.0) with ExternalDependencyInstrumentingArtifactTransform
Transforming gradle-settings-api-8.10.0.jar (com.android.tools.build:gradle-settings-api:8.10.0) with ExternalDependencyInstrumentingArtifactTransform
Transforming manifest-merger-31.10.0.jar (com.android.tools.build:manifest-merger:31.10.0) with InstrumentationAnalysisTransform
Transforming builder-8.10.0.jar (com.android.tools.build:builder:8.10.0) with ExternalDependencyInstrumentingArtifactTransform
Transforming manifest-merger-31.10.0.jar (com.android.tools.build:manifest-merger:31.10.0) with MergeInstrumentationAnalysisTransform
Transforming manifest-merger-31.10.0.jar (com.android.tools.build:manifest-merger:31.10.0) with ExternalDependencyInstrumentingArtifactTransform
Transforming sdk-common-31.10.0.jar (com.android.tools:sdk-common:31.10.0) with InstrumentationAnalysisTransform
Transforming sdk-common-31.10.0.jar (com.android.tools:sdk-common:31.10.0) with MergeInstrumentationAnalysisTransform
Transforming sdklib-31.10.0.jar (com.android.tools:sdklib:31.10.0) with InstrumentationAnalysisTransform
Transforming sdk-common-31.10.0.jar (com.android.tools:sdk-common:31.10.0) with ExternalDependencyInstrumentingArtifactTransform
Transforming sdklib-31.10.0.jar (com.android.tools:sdklib:31.10.0) with MergeInstrumentationAnalysisTransform
Transforming repository-31.10.0.jar (com.android.tools:repository:31.10.0) with InstrumentationAnalysisTransform
Transforming repository-31.10.0.jar (com.android.tools:repository:31.10.0) with MergeInstrumentationAnalysisTransform
Transforming sdklib-31.10.0.jar (com.android.tools:sdklib:31.10.0) with ExternalDependencyInstrumentingArtifactTransform
Transforming gradle-api-8.10.0.jar (com.android.tools.build:gradle-api:8.10.0) with InstrumentationAnalysisTransform
Transforming gradle-api-8.10.0.jar (com.android.tools.build:gradle-api:8.10.0) with MergeInstrumentationAnalysisTransform
Transforming repository-31.10.0.jar (com.android.tools:repository:31.10.0) with ExternalDependencyInstrumentingArtifactTransform
Transforming builder-test-api-8.10.0.jar (com.android.tools.build:builder-test-api:8.10.0) with InstrumentationAnalysisTransform
Transforming gradle-api-8.10.0.jar (com.android.tools.build:gradle-api:8.10.0) with ExternalDependencyInstrumentingArtifactTransform
Transforming builder-test-api-8.10.0.jar (com.android.tools.build:builder-test-api:8.10.0) with MergeInstrumentationAnalysisTransform
Transforming ddmlib-31.10.0.jar (com.android.tools.ddms:ddmlib:31.10.0) with InstrumentationAnalysisTransform
Transforming ddmlib-31.10.0.jar (com.android.tools.ddms:ddmlib:31.10.0) with MergeInstrumentationAnalysisTransform
Transforming builder-test-api-8.10.0.jar (com.android.tools.build:builder-test-api:8.10.0) with ExternalDependencyInstrumentingArtifactTransform
Transforming aaptcompiler-8.10.0.jar (com.android.tools.build:aaptcompiler:8.10.0) with InstrumentationAnalysisTransform
Transforming aaptcompiler-8.10.0.jar (com.android.tools.build:aaptcompiler:8.10.0) with MergeInstrumentationAnalysisTransform
Transforming bundletool-1.18.0.jar (com.android.tools.build:bundletool:1.18.0) with InstrumentationAnalysisTransform
Transforming bundletool-1.18.0.jar (com.android.tools.build:bundletool:1.18.0) with MergeInstrumentationAnalysisTransform
Transforming aapt2-proto-8.10.0-12782657.jar (com.android.tools.build:aapt2-proto:8.10.0-12782657) with InstrumentationAnalysisTransform
Transforming aapt2-proto-8.10.0-12782657.jar (com.android.tools.build:aapt2-proto:8.10.0-12782657) with MergeInstrumentationAnalysisTransform
Transforming ddmlib-31.10.0.jar (com.android.tools.ddms:ddmlib:31.10.0) with ExternalDependencyInstrumentingArtifactTransform
Transforming crash-31.10.0.jar (com.android.tools.analytics-library:crash:31.10.0) with InstrumentationAnalysisTransform
Transforming bundletool-1.18.0.jar (com.android.tools.build:bundletool:1.18.0) with ExternalDependencyInstrumentingArtifactTransform
Transforming crash-31.10.0.jar (com.android.tools.analytics-library:crash:31.10.0) with MergeInstrumentationAnalysisTransform
Transforming aaptcompiler-8.10.0.jar (com.android.tools.build:aaptcompiler:8.10.0) with ExternalDependencyInstrumentingArtifactTransform
Transforming tracker-31.10.0.jar (com.android.tools.analytics-library:tracker:31.10.0) with InstrumentationAnalysisTransform
Transforming aapt2-proto-8.10.0-12782657.jar (com.android.tools.build:aapt2-proto:8.10.0-12782657) with ExternalDependencyInstrumentingArtifactTransform
Transforming tracker-31.10.0.jar (com.android.tools.analytics-library:tracker:31.10.0) with MergeInstrumentationAnalysisTransform
Transforming shared-31.10.0.jar (com.android.tools.analytics-library:shared:31.10.0) with InstrumentationAnalysisTransform
Transforming shared-31.10.0.jar (com.android.tools.analytics-library:shared:31.10.0) with MergeInstrumentationAnalysisTransform
Transforming lint-typedef-remover-31.10.0.jar (com.android.tools.lint:lint-typedef-remover:31.10.0) with InstrumentationAnalysisTransform
Transforming lint-typedef-remover-31.10.0.jar (com.android.tools.lint:lint-typedef-remover:31.10.0) with MergeInstrumentationAnalysisTransform
Transforming databinding-compiler-common-8.10.0.jar (androidx.databinding:databinding-compiler-common:8.10.0) with InstrumentationAnalysisTransform
Transforming databinding-compiler-common-8.10.0.jar (androidx.databinding:databinding-compiler-common:8.10.0) with MergeInstrumentationAnalysisTransform
Transforming tracker-31.10.0.jar (com.android.tools.analytics-library:tracker:31.10.0) with ExternalDependencyInstrumentingArtifactTransform
Transforming databinding-common-8.10.0.jar (androidx.databinding:databinding-common:8.10.0) with InstrumentationAnalysisTransform
Transforming databinding-common-8.10.0.jar (androidx.databinding:databinding-common:8.10.0) with MergeInstrumentationAnalysisTransform
Transforming baseLibrary-8.10.0.jar (com.android.databinding:baseLibrary:8.10.0) with InstrumentationAnalysisTransform
Transforming databinding-compiler-common-8.10.0.jar (androidx.databinding:databinding-compiler-common:8.10.0) with ExternalDependencyInstrumentingArtifactTransform
Transforming databinding-common-8.10.0.jar (androidx.databinding:databinding-common:8.10.0) with ExternalDependencyInstrumentingArtifactTransform
Transforming shared-31.10.0.jar (com.android.tools.analytics-library:shared:31.10.0) with ExternalDependencyInstrumentingArtifactTransform
Transforming baseLibrary-8.10.0.jar (com.android.databinding:baseLibrary:8.10.0) with MergeInstrumentationAnalysisTransform
Transforming lint-typedef-remover-31.10.0.jar (com.android.tools.lint:lint-typedef-remover:31.10.0) with ExternalDependencyInstrumentingArtifactTransform
Transforming layoutlib-api-31.10.0.jar (com.android.tools.layoutlib:layoutlib-api:31.10.0) with InstrumentationAnalysisTransform
Transforming crash-31.10.0.jar (com.android.tools.analytics-library:crash:31.10.0) with ExternalDependencyInstrumentingArtifactTransform
Transforming baseLibrary-8.10.0.jar (com.android.databinding:baseLibrary:8.10.0) with ExternalDependencyInstrumentingArtifactTransform
Transforming layoutlib-api-31.10.0.jar (com.android.tools.layoutlib:layoutlib-api:31.10.0) with MergeInstrumentationAnalysisTransform
Transforming android-device-provider-ddmlib-proto-31.10.0.jar (com.android.tools.utp:android-device-provider-ddmlib-proto:31.10.0) with InstrumentationAnalysisTransform
Transforming android-device-provider-ddmlib-proto-31.10.0.jar (com.android.tools.utp:android-device-provider-ddmlib-proto:31.10.0) with MergeInstrumentationAnalysisTransform
Transforming android-device-provider-gradle-proto-31.10.0.jar (com.android.tools.utp:android-device-provider-gradle-proto:31.10.0) with InstrumentationAnalysisTransform
Transforming android-device-provider-gradle-proto-31.10.0.jar (com.android.tools.utp:android-device-provider-gradle-proto:31.10.0) with MergeInstrumentationAnalysisTransform
Transforming android-device-provider-profile-proto-31.10.0.jar (com.android.tools.utp:android-device-provider-profile-proto:31.10.0) with InstrumentationAnalysisTransform
Transforming android-device-provider-profile-proto-31.10.0.jar (com.android.tools.utp:android-device-provider-profile-proto:31.10.0) with MergeInstrumentationAnalysisTransform
Transforming android-test-plugin-host-additional-test-output-proto-31.10.0.jar (com.android.tools.utp:android-test-plugin-host-additional-test-output-proto:31.10.0) with InstrumentationAnalysisTransform
Transforming layoutlib-api-31.10.0.jar (com.android.tools.layoutlib:layoutlib-api:31.10.0) with ExternalDependencyInstrumentingArtifactTransform
Transforming android-test-plugin-host-additional-test-output-proto-31.10.0.jar (com.android.tools.utp:android-test-plugin-host-additional-test-output-proto:31.10.0) with MergeInstrumentationAnalysisTransform
Transforming android-test-plugin-host-coverage-proto-31.10.0.jar (com.android.tools.utp:android-test-plugin-host-coverage-proto:31.10.0) with InstrumentationAnalysisTransform
Transforming android-test-plugin-host-coverage-proto-31.10.0.jar (com.android.tools.utp:android-test-plugin-host-coverage-proto:31.10.0) with MergeInstrumentationAnalysisTransform
Transforming android-test-plugin-host-emulator-control-proto-31.10.0.jar (com.android.tools.utp:android-test-plugin-host-emulator-control-proto:31.10.0) with InstrumentationAnalysisTransform
Transforming android-test-plugin-host-emulator-control-proto-31.10.0.jar (com.android.tools.utp:android-test-plugin-host-emulator-control-proto:31.10.0) with MergeInstrumentationAnalysisTransform
Transforming android-test-plugin-host-logcat-proto-31.10.0.jar (com.android.tools.utp:android-test-plugin-host-logcat-proto:31.10.0) with InstrumentationAnalysisTransform
Transforming android-test-plugin-host-logcat-proto-31.10.0.jar (com.android.tools.utp:android-test-plugin-host-logcat-proto:31.10.0) with MergeInstrumentationAnalysisTransform
Transforming android-test-plugin-host-apk-installer-proto-31.10.0.jar (com.android.tools.utp:android-test-plugin-host-apk-installer-proto:31.10.0) with InstrumentationAnalysisTransform
Transforming android-test-plugin-host-apk-installer-proto-31.10.0.jar (com.android.tools.utp:android-test-plugin-host-apk-installer-proto:31.10.0) with MergeInstrumentationAnalysisTransform
Transforming android-test-plugin-result-listener-gradle-proto-31.10.0.jar (com.android.tools.utp:android-test-plugin-result-listener-gradle-proto:31.10.0) with InstrumentationAnalysisTransform
Transforming android-test-plugin-result-listener-gradle-proto-31.10.0.jar (com.android.tools.utp:android-test-plugin-result-listener-gradle-proto:31.10.0) with MergeInstrumentationAnalysisTransform
Transforming builder-model-8.10.0.jar (com.android.tools.build:builder-model:8.10.0) with InstrumentationAnalysisTransform
Transforming builder-model-8.10.0.jar (com.android.tools.build:builder-model:8.10.0) with MergeInstrumentationAnalysisTransform
Transforming android-device-provider-gradle-proto-31.10.0.jar (com.android.tools.utp:android-device-provider-gradle-proto:31.10.0) with ExternalDependencyInstrumentingArtifactTransform
Transforming android-test-plugin-host-additional-test-output-proto-31.10.0.jar (com.android.tools.utp:android-test-plugin-host-additional-test-output-proto:31.10.0) with ExternalDependencyInstrumentingArtifactTransform
Transforming dvlib-31.10.0.jar (com.android.tools:dvlib:31.10.0) with InstrumentationAnalysisTransform
Transforming android-device-provider-profile-proto-31.10.0.jar (com.android.tools.utp:android-device-provider-profile-proto:31.10.0) with ExternalDependencyInstrumentingArtifactTransform
Transforming dvlib-31.10.0.jar (com.android.tools:dvlib:31.10.0) with MergeInstrumentationAnalysisTransform
Transforming android-test-plugin-host-coverage-proto-31.10.0.jar (com.android.tools.utp:android-test-plugin-host-coverage-proto:31.10.0) with ExternalDependencyInstrumentingArtifactTransform
Transforming android-test-plugin-host-apk-installer-proto-31.10.0.jar (com.android.tools.utp:android-test-plugin-host-apk-installer-proto:31.10.0) with ExternalDependencyInstrumentingArtifactTransform
Transforming android-test-plugin-host-emulator-control-proto-31.10.0.jar (com.android.tools.utp:android-test-plugin-host-emulator-control-proto:31.10.0) with ExternalDependencyInstrumentingArtifactTransform
Transforming android-test-plugin-host-logcat-proto-31.10.0.jar (com.android.tools.utp:android-test-plugin-host-logcat-proto:31.10.0) with ExternalDependencyInstrumentingArtifactTransform
Transforming android-test-plugin-result-listener-gradle-proto-31.10.0.jar (com.android.tools.utp:android-test-plugin-result-listener-gradle-proto:31.10.0) with ExternalDependencyInstrumentingArtifactTransform
Transforming builder-model-8.10.0.jar (com.android.tools.build:builder-model:8.10.0) with ExternalDependencyInstrumentingArtifactTransform
Transforming dvlib-31.10.0.jar (com.android.tools:dvlib:31.10.0) with ExternalDependencyInstrumentingArtifactTransform
Transforming common-31.10.0.jar (com.android.tools:common:31.10.0) with InstrumentationAnalysisTransform
Transforming android-device-provider-ddmlib-proto-31.10.0.jar (com.android.tools.utp:android-device-provider-ddmlib-proto:31.10.0) with ExternalDependencyInstrumentingArtifactTransform
Transforming common-31.10.0.jar (com.android.tools:common:31.10.0) with MergeInstrumentationAnalysisTransform
Transforming jetifier-processor-1.0.0-beta10.jar (com.android.tools.build.jetifier:jetifier-processor:1.0.0-beta10) with InstrumentationAnalysisTransform
Transforming common-31.10.0.jar (com.android.tools:common:31.10.0) with ExternalDependencyInstrumentingArtifactTransform
Transforming jetifier-processor-1.0.0-beta10.jar (com.android.tools.build.jetifier:jetifier-processor:1.0.0-beta10) with MergeInstrumentationAnalysisTransform
Transforming jetifier-core-1.0.0-beta10.jar (com.android.tools.build.jetifier:jetifier-core:1.0.0-beta10) with InstrumentationAnalysisTransform
Transforming jetifier-core-1.0.0-beta10.jar (com.android.tools.build.jetifier:jetifier-core:1.0.0-beta10) with MergeInstrumentationAnalysisTransform
Transforming jetifier-processor-1.0.0-beta10.jar (com.android.tools.build.jetifier:jetifier-processor:1.0.0-beta10) with ExternalDependencyInstrumentingArtifactTransform
Transforming kotlin-reflect-2.1.0.jar (org.jetbrains.kotlin:kotlin-reflect:2.1.0) with InstrumentationAnalysisTransform
Transforming kotlin-reflect-2.1.0.jar (org.jetbrains.kotlin:kotlin-reflect:2.1.0) with MergeInstrumentationAnalysisTransform
Transforming kotlin-stdlib-jdk7-2.1.0.jar (org.jetbrains.kotlin:kotlin-stdlib-jdk7:2.1.0) with InstrumentationAnalysisTransform
Transforming kotlin-stdlib-jdk7-2.1.0.jar (org.jetbrains.kotlin:kotlin-stdlib-jdk7:2.1.0) with MergeInstrumentationAnalysisTransform
Transforming kotlin-reflect-2.1.0.jar (org.jetbrains.kotlin:kotlin-reflect:2.1.0) with ExternalDependencyInstrumentingArtifactTransform
Transforming kotlin-stdlib-2.1.0.jar (org.jetbrains.kotlin:kotlin-stdlib:2.1.0) with InstrumentationAnalysisTransform
Transforming kotlin-stdlib-2.1.0.jar (org.jetbrains.kotlin:kotlin-stdlib:2.1.0) with MergeInstrumentationAnalysisTransform
Transforming kotlin-stdlib-jdk8-2.1.0.jar (org.jetbrains.kotlin:kotlin-stdlib-jdk8:2.1.0) with InstrumentationAnalysisTransform
Transforming kotlin-stdlib-jdk7-2.1.0.jar (org.jetbrains.kotlin:kotlin-stdlib-jdk7:2.1.0) with ExternalDependencyInstrumentingArtifactTransform
Transforming kotlin-stdlib-jdk8-2.1.0.jar (org.jetbrains.kotlin:kotlin-stdlib-jdk8:2.1.0) with MergeInstrumentationAnalysisTransform
Transforming transform-api-2.0.0-deprecated-use-gradle-api.jar (com.android.tools.build:transform-api:2.0.0-deprecated-use-gradle-api) with InstrumentationAnalysisTransform
Transforming transform-api-2.0.0-deprecated-use-gradle-api.jar (com.android.tools.build:transform-api:2.0.0-deprecated-use-gradle-api) with MergeInstrumentationAnalysisTransform
Transforming httpmime-4.5.6.jar (org.apache.httpcomponents:httpmime:4.5.6) with InstrumentationAnalysisTransform
Transforming httpmime-4.5.6.jar (org.apache.httpcomponents:httpmime:4.5.6) with MergeInstrumentationAnalysisTransform
Transforming commons-io-2.16.1.jar (commons-io:commons-io:2.16.1) with InstrumentationAnalysisTransform
Transforming commons-io-2.16.1.jar (commons-io:commons-io:2.16.1) with MergeInstrumentationAnalysisTransform
Transforming asm-commons-9.7.1.jar (org.ow2.asm:asm-commons:9.7.1) with InstrumentationAnalysisTransform
Transforming jetifier-core-1.0.0-beta10.jar (com.android.tools.build.jetifier:jetifier-core:1.0.0-beta10) with ExternalDependencyInstrumentingArtifactTransform
Transforming asm-commons-9.7.1.jar (org.ow2.asm:asm-commons:9.7.1) with MergeInstrumentationAnalysisTransform
Transforming asm-util-9.7.1.jar (org.ow2.asm:asm-util:9.7.1) with InstrumentationAnalysisTransform
Transforming asm-util-9.7.1.jar (org.ow2.asm:asm-util:9.7.1) with MergeInstrumentationAnalysisTransform
Transforming asm-analysis-9.7.1.jar (org.ow2.asm:asm-analysis:9.7.1) with InstrumentationAnalysisTransform
Transforming asm-analysis-9.7.1.jar (org.ow2.asm:asm-analysis:9.7.1) with MergeInstrumentationAnalysisTransform
Transforming asm-tree-9.7.1.jar (org.ow2.asm:asm-tree:9.7.1) with InstrumentationAnalysisTransform
Transforming asm-tree-9.7.1.jar (org.ow2.asm:asm-tree:9.7.1) with MergeInstrumentationAnalysisTransform
Transforming asm-9.7.1.jar (org.ow2.asm:asm:9.7.1) with InstrumentationAnalysisTransform
Transforming transform-api-2.0.0-deprecated-use-gradle-api.jar (com.android.tools.build:transform-api:2.0.0-deprecated-use-gradle-api) with ExternalDependencyInstrumentingArtifactTransform
Transforming asm-9.7.1.jar (org.ow2.asm:asm:9.7.1) with MergeInstrumentationAnalysisTransform
Transforming apkzlib-8.10.0.jar (com.android.tools.build:apkzlib:8.10.0) with InstrumentationAnalysisTransform
Transforming kotlin-stdlib-2.1.0.jar (org.jetbrains.kotlin:kotlin-stdlib:2.1.0) with ExternalDependencyInstrumentingArtifactTransform
Transforming apkzlib-8.10.0.jar (com.android.tools.build:apkzlib:8.10.0) with MergeInstrumentationAnalysisTransform
Transforming commons-io-2.16.1.jar (commons-io:commons-io:2.16.1) with ExternalDependencyInstrumentingArtifactTransform
Transforming bcpkix-jdk18on-1.79.jar (org.bouncycastle:bcpkix-jdk18on:1.79) with InstrumentationAnalysisTransform
Transforming bcpkix-jdk18on-1.79.jar (org.bouncycastle:bcpkix-jdk18on:1.79) with MergeInstrumentationAnalysisTransform
Transforming jaxb-runtime-2.3.2.jar (org.glassfish.jaxb:jaxb-runtime:2.3.2) with InstrumentationAnalysisTransform
Transforming asm-commons-9.7.1.jar (org.ow2.asm:asm-commons:9.7.1) with ExternalDependencyInstrumentingArtifactTransform
Transforming asm-analysis-9.7.1.jar (org.ow2.asm:asm-analysis:9.7.1) with ExternalDependencyInstrumentingArtifactTransform
Transforming asm-9.7.1.jar (org.ow2.asm:asm:9.7.1) with ExternalDependencyInstrumentingArtifactTransform
Transforming asm-tree-9.7.1.jar (org.ow2.asm:asm-tree:9.7.1) with ExternalDependencyInstrumentingArtifactTransform
Transforming httpmime-4.5.6.jar (org.apache.httpcomponents:httpmime:4.5.6) with ExternalDependencyInstrumentingArtifactTransform
Transforming asm-util-9.7.1.jar (org.ow2.asm:asm-util:9.7.1) with ExternalDependencyInstrumentingArtifactTransform
Transforming jaxb-runtime-2.3.2.jar (org.glassfish.jaxb:jaxb-runtime:2.3.2) with MergeInstrumentationAnalysisTransform
Transforming bcpkix-jdk18on-1.79.jar (org.bouncycastle:bcpkix-jdk18on:1.79) with ExternalDependencyInstrumentingArtifactTransform
Transforming jopt-simple-4.9.jar (net.sf.jopt-simple:jopt-simple:4.9) with InstrumentationAnalysisTransform
Transforming kotlin-stdlib-jdk8-2.1.0.jar (org.jetbrains.kotlin:kotlin-stdlib-jdk8:2.1.0) with ExternalDependencyInstrumentingArtifactTransform
Transforming apkzlib-8.10.0.jar (com.android.tools.build:apkzlib:8.10.0) with ExternalDependencyInstrumentingArtifactTransform
Transforming jopt-simple-4.9.jar (net.sf.jopt-simple:jopt-simple:4.9) with MergeInstrumentationAnalysisTransform
Transforming javapoet-1.10.0.jar (com.squareup:javapoet:1.10.0) with InstrumentationAnalysisTransform
Transforming javapoet-1.10.0.jar (com.squareup:javapoet:1.10.0) with MergeInstrumentationAnalysisTransform
Transforming protobuf-java-util-3.25.5.jar (com.google.protobuf:protobuf-java-util:3.25.5) with InstrumentationAnalysisTransform
Transforming jaxb-runtime-2.3.2.jar (org.glassfish.jaxb:jaxb-runtime:2.3.2) with ExternalDependencyInstrumentingArtifactTransform
Transforming jopt-simple-4.9.jar (net.sf.jopt-simple:jopt-simple:4.9) with ExternalDependencyInstrumentingArtifactTransform
Transforming protobuf-java-util-3.25.5.jar (com.google.protobuf:protobuf-java-util:3.25.5) with MergeInstrumentationAnalysisTransform
Transforming grpc-protobuf-1.69.1.jar (io.grpc:grpc-protobuf:1.69.1) with InstrumentationAnalysisTransform
Transforming protobuf-java-util-3.25.5.jar (com.google.protobuf:protobuf-java-util:3.25.5) with ExternalDependencyInstrumentingArtifactTransform
Transforming grpc-protobuf-1.69.1.jar (io.grpc:grpc-protobuf:1.69.1) with MergeInstrumentationAnalysisTransform
Transforming javapoet-1.10.0.jar (com.squareup:javapoet:1.10.0) with ExternalDependencyInstrumentingArtifactTransform
Transforming tink-1.7.0.jar (com.google.crypto.tink:tink:1.7.0) with InstrumentationAnalysisTransform
Transforming tink-1.7.0.jar (com.google.crypto.tink:tink:1.7.0) with MergeInstrumentationAnalysisTransform
Transforming core-proto-0.0.9-alpha03.jar (com.google.testing.platform:core-proto:0.0.9-alpha03) with InstrumentationAnalysisTransform
Transforming core-proto-0.0.9-alpha03.jar (com.google.testing.platform:core-proto:0.0.9-alpha03) with MergeInstrumentationAnalysisTransform
Transforming protos-31.10.0.jar (com.android.tools.analytics-library:protos:31.10.0) with InstrumentationAnalysisTransform
Transforming tink-1.7.0.jar (com.google.crypto.tink:tink:1.7.0) with ExternalDependencyInstrumentingArtifactTransform
Transforming grpc-protobuf-1.69.1.jar (io.grpc:grpc-protobuf:1.69.1) with ExternalDependencyInstrumentingArtifactTransform
Transforming core-proto-0.0.9-alpha03.jar (com.google.testing.platform:core-proto:0.0.9-alpha03) with ExternalDependencyInstrumentingArtifactTransform
Transforming protos-31.10.0.jar (com.android.tools.analytics-library:protos:31.10.0) with MergeInstrumentationAnalysisTransform
Transforming proto-google-common-protos-2.48.0.jar (com.google.api.grpc:proto-google-common-protos:2.48.0) with InstrumentationAnalysisTransform
Transforming proto-google-common-protos-2.48.0.jar (com.google.api.grpc:proto-google-common-protos:2.48.0) with MergeInstrumentationAnalysisTransform
Transforming protobuf-java-3.25.5.jar (com.google.protobuf:protobuf-java:3.25.5) with InstrumentationAnalysisTransform
Transforming protobuf-java-3.25.5.jar (com.google.protobuf:protobuf-java:3.25.5) with MergeInstrumentationAnalysisTransform
Transforming grpc-netty-1.69.1.jar (io.grpc:grpc-netty:1.69.1) with InstrumentationAnalysisTransform
Transforming grpc-netty-1.69.1.jar (io.grpc:grpc-netty:1.69.1) with MergeInstrumentationAnalysisTransform
Transforming grpc-inprocess-1.69.1.jar (io.grpc:grpc-inprocess:1.69.1) with InstrumentationAnalysisTransform
Transforming grpc-inprocess-1.69.1.jar (io.grpc:grpc-inprocess:1.69.1) with MergeInstrumentationAnalysisTransform
Transforming protos-31.10.0.jar (com.android.tools.analytics-library:protos:31.10.0) with ExternalDependencyInstrumentingArtifactTransform
Transforming proto-google-common-protos-2.48.0.jar (com.google.api.grpc:proto-google-common-protos:2.48.0) with ExternalDependencyInstrumentingArtifactTransform
Transforming grpc-util-1.69.1.jar (io.grpc:grpc-util:1.69.1) with InstrumentationAnalysisTransform
Transforming protobuf-java-3.25.5.jar (com.google.protobuf:protobuf-java:3.25.5) with ExternalDependencyInstrumentingArtifactTransform
Transforming grpc-netty-1.69.1.jar (io.grpc:grpc-netty:1.69.1) with ExternalDependencyInstrumentingArtifactTransform
Transforming grpc-util-1.69.1.jar (io.grpc:grpc-util:1.69.1) with MergeInstrumentationAnalysisTransform
Transforming grpc-inprocess-1.69.1.jar (io.grpc:grpc-inprocess:1.69.1) with ExternalDependencyInstrumentingArtifactTransform
Transforming grpc-core-1.69.1.jar (io.grpc:grpc-core:1.69.1) with InstrumentationAnalysisTransform
Transforming grpc-core-1.69.1.jar (io.grpc:grpc-core:1.69.1) with MergeInstrumentationAnalysisTransform
Transforming gson-2.11.0.jar (com.google.code.gson:gson:2.11.0) with InstrumentationAnalysisTransform
Transforming grpc-util-1.69.1.jar (io.grpc:grpc-util:1.69.1) with ExternalDependencyInstrumentingArtifactTransform
Transforming gson-2.11.0.jar (com.google.code.gson:gson:2.11.0) with MergeInstrumentationAnalysisTransform
Transforming grpc-stub-1.69.1.jar (io.grpc:grpc-stub:1.69.1) with InstrumentationAnalysisTransform
Transforming grpc-stub-1.69.1.jar (io.grpc:grpc-stub:1.69.1) with MergeInstrumentationAnalysisTransform
Transforming tensorflow-lite-metadata-0.2.0.jar (org.tensorflow:tensorflow-lite-metadata:0.2.0) with InstrumentationAnalysisTransform
Transforming grpc-core-1.69.1.jar (io.grpc:grpc-core:1.69.1) with ExternalDependencyInstrumentingArtifactTransform
Transforming tensorflow-lite-metadata-0.2.0.jar (org.tensorflow:tensorflow-lite-metadata:0.2.0) with MergeInstrumentationAnalysisTransform
Transforming grpc-stub-1.69.1.jar (io.grpc:grpc-stub:1.69.1) with ExternalDependencyInstrumentingArtifactTransform
Transforming gson-2.11.0.jar (com.google.code.gson:gson:2.11.0) with ExternalDependencyInstrumentingArtifactTransform
Transforming tensorflow-lite-metadata-0.2.0.jar (org.tensorflow:tensorflow-lite-metadata:0.2.0) with ExternalDependencyInstrumentingArtifactTransform
Transforming flatbuffers-java-1.12.0.jar (com.google.flatbuffers:flatbuffers-java:1.12.0) with InstrumentationAnalysisTransform
Transforming flatbuffers-java-1.12.0.jar (com.google.flatbuffers:flatbuffers-java:1.12.0) with MergeInstrumentationAnalysisTransform
Transforming jimfs-1.1.jar (com.google.jimfs:jimfs:1.1) with InstrumentationAnalysisTransform
Transforming jimfs-1.1.jar (com.google.jimfs:jimfs:1.1) with MergeInstrumentationAnalysisTransform
Transforming grpc-context-1.69.1.jar (io.grpc:grpc-context:1.69.1) with InstrumentationAnalysisTransform
Transforming grpc-context-1.69.1.jar (io.grpc:grpc-context:1.69.1) with MergeInstrumentationAnalysisTransform
Transforming grpc-protobuf-lite-1.69.1.jar (io.grpc:grpc-protobuf-lite:1.69.1) with InstrumentationAnalysisTransform
Transforming grpc-protobuf-lite-1.69.1.jar (io.grpc:grpc-protobuf-lite:1.69.1) with MergeInstrumentationAnalysisTransform
Transforming grpc-api-1.69.1.jar (io.grpc:grpc-api:1.69.1) with InstrumentationAnalysisTransform
Transforming jimfs-1.1.jar (com.google.jimfs:jimfs:1.1) with ExternalDependencyInstrumentingArtifactTransform
Transforming grpc-api-1.69.1.jar (io.grpc:grpc-api:1.69.1) with MergeInstrumentationAnalysisTransform
Transforming guava-33.3.1-jre.jar (com.google.guava:guava:33.3.1-jre) with InstrumentationAnalysisTransform
Transforming guava-33.3.1-jre.jar (com.google.guava:guava:33.3.1-jre) with MergeInstrumentationAnalysisTransform
Transforming flatbuffers-java-1.12.0.jar (com.google.flatbuffers:flatbuffers-java:1.12.0) with ExternalDependencyInstrumentingArtifactTransform
Transforming grpc-context-1.69.1.jar (io.grpc:grpc-context:1.69.1) with ExternalDependencyInstrumentingArtifactTransform
Transforming dagger-2.28.3.jar (com.google.dagger:dagger:2.28.3) with InstrumentationAnalysisTransform
Transforming grpc-protobuf-lite-1.69.1.jar (io.grpc:grpc-protobuf-lite:1.69.1) with ExternalDependencyInstrumentingArtifactTransform
Transforming grpc-api-1.69.1.jar (io.grpc:grpc-api:1.69.1) with ExternalDependencyInstrumentingArtifactTransform
Transforming guava-33.3.1-jre.jar (com.google.guava:guava:33.3.1-jre) with ExternalDependencyInstrumentingArtifactTransform
Transforming dagger-2.28.3.jar (com.google.dagger:dagger:2.28.3) with MergeInstrumentationAnalysisTransform
Transforming javax.inject-1.jar (javax.inject:javax.inject:1) with InstrumentationAnalysisTransform
Transforming javax.inject-1.jar (javax.inject:javax.inject:1) with MergeInstrumentationAnalysisTransform
Transforming kxml2-2.3.0.jar (net.sf.kxml:kxml2:2.3.0) with InstrumentationAnalysisTransform
Transforming dagger-2.28.3.jar (com.google.dagger:dagger:2.28.3) with ExternalDependencyInstrumentingArtifactTransform
Transforming kxml2-2.3.0.jar (net.sf.kxml:kxml2:2.3.0) with MergeInstrumentationAnalysisTransform
Transforming commons-compress-1.21.jar (org.apache.commons:commons-compress:1.21) with InstrumentationAnalysisTransform
Transforming kxml2-2.3.0.jar (net.sf.kxml:kxml2:2.3.0) with ExternalDependencyInstrumentingArtifactTransform
Transforming commons-compress-1.21.jar (org.apache.commons:commons-compress:1.21) with MergeInstrumentationAnalysisTransform
Transforming commons-compress-1.21.jar (org.apache.commons:commons-compress:1.21) with ExternalDependencyInstrumentingArtifactTransform
Transforming bcutil-jdk18on-1.79.jar (org.bouncycastle:bcutil-jdk18on:1.79) with InstrumentationAnalysisTransform
Transforming javax.inject-1.jar (javax.inject:javax.inject:1) with ExternalDependencyInstrumentingArtifactTransform
Transforming bcutil-jdk18on-1.79.jar (org.bouncycastle:bcutil-jdk18on:1.79) with MergeInstrumentationAnalysisTransform
Transforming bcprov-jdk18on-1.79.jar (org.bouncycastle:bcprov-jdk18on:1.79) with InstrumentationAnalysisTransform
Transforming bcprov-jdk18on-1.79.jar (org.bouncycastle:bcprov-jdk18on:1.79) with MergeInstrumentationAnalysisTransform
Transforming httpclient-4.5.14.jar (org.apache.httpcomponents:httpclient:4.5.14) with InstrumentationAnalysisTransform
Transforming httpclient-4.5.14.jar (org.apache.httpcomponents:httpclient:4.5.14) with MergeInstrumentationAnalysisTransform
Transforming httpcore-4.4.16.jar (org.apache.httpcomponents:httpcore:4.4.16) with InstrumentationAnalysisTransform
Transforming httpcore-4.4.16.jar (org.apache.httpcomponents:httpcore:4.4.16) with MergeInstrumentationAnalysisTransform
Transforming javax.activation-1.2.0.jar (com.sun.activation:javax.activation:1.2.0) with InstrumentationAnalysisTransform
Transforming javax.activation-1.2.0.jar (com.sun.activation:javax.activation:1.2.0) with MergeInstrumentationAnalysisTransform
Transforming bcutil-jdk18on-1.79.jar (org.bouncycastle:bcutil-jdk18on:1.79) with ExternalDependencyInstrumentingArtifactTransform
Transforming bcprov-jdk18on-1.79.jar (org.bouncycastle:bcprov-jdk18on:1.79) with ExternalDependencyInstrumentingArtifactTransform
Transforming annotations-23.0.0.jar (org.jetbrains:annotations:23.0.0) with InstrumentationAnalysisTransform
Transforming javax.activation-1.2.0.jar (com.sun.activation:javax.activation:1.2.0) with ExternalDependencyInstrumentingArtifactTransform
Transforming annotations-23.0.0.jar (org.jetbrains:annotations:23.0.0) with MergeInstrumentationAnalysisTransform
Transforming httpclient-4.5.14.jar (org.apache.httpcomponents:httpclient:4.5.14) with ExternalDependencyInstrumentingArtifactTransform
Transforming signflinger-8.10.0.jar (com.android:signflinger:8.10.0) with InstrumentationAnalysisTransform
Transforming httpcore-4.4.16.jar (org.apache.httpcomponents:httpcore:4.4.16) with ExternalDependencyInstrumentingArtifactTransform
Transforming signflinger-8.10.0.jar (com.android:signflinger:8.10.0) with MergeInstrumentationAnalysisTransform
Transforming zipflinger-8.10.0.jar (com.android:zipflinger:8.10.0) with InstrumentationAnalysisTransform
Transforming zipflinger-8.10.0.jar (com.android:zipflinger:8.10.0) with MergeInstrumentationAnalysisTransform
Transforming signflinger-8.10.0.jar (com.android:signflinger:8.10.0) with ExternalDependencyInstrumentingArtifactTransform
Transforming annotations-31.10.0.jar (com.android.tools:annotations:31.10.0) with InstrumentationAnalysisTransform
Transforming annotations-31.10.0.jar (com.android.tools:annotations:31.10.0) with MergeInstrumentationAnalysisTransform
Transforming annotations-23.0.0.jar (org.jetbrains:annotations:23.0.0) with ExternalDependencyInstrumentingArtifactTransform
Transforming jna-platform-5.6.0.jar (net.java.dev.jna:jna-platform:5.6.0) with InstrumentationAnalysisTransform
Transforming zipflinger-8.10.0.jar (com.android:zipflinger:8.10.0) with ExternalDependencyInstrumentingArtifactTransform
Transforming annotations-31.10.0.jar (com.android.tools:annotations:31.10.0) with ExternalDependencyInstrumentingArtifactTransform
Transforming jna-platform-5.6.0.jar (net.java.dev.jna:jna-platform:5.6.0) with MergeInstrumentationAnalysisTransform
Transforming juniversalchardet-1.0.3.jar (com.googlecode.juniversalchardet:juniversalchardet:1.0.3) with InstrumentationAnalysisTransform
Transforming juniversalchardet-1.0.3.jar (com.googlecode.juniversalchardet:juniversalchardet:1.0.3) with MergeInstrumentationAnalysisTransform
Transforming jna-platform-5.6.0.jar (net.java.dev.jna:jna-platform:5.6.0) with ExternalDependencyInstrumentingArtifactTransform
Transforming javax.annotation-api-1.3.2.jar (javax.annotation:javax.annotation-api:1.3.2) with InstrumentationAnalysisTransform
Transforming javax.annotation-api-1.3.2.jar (javax.annotation:javax.annotation-api:1.3.2) with MergeInstrumentationAnalysisTransform
Transforming stax-ex-1.8.1.jar (org.jvnet.staxex:stax-ex:1.8.1) with InstrumentationAnalysisTransform
Transforming stax-ex-1.8.1.jar (org.jvnet.staxex:stax-ex:1.8.1) with MergeInstrumentationAnalysisTransform
Transforming juniversalchardet-1.0.3.jar (com.googlecode.juniversalchardet:juniversalchardet:1.0.3) with ExternalDependencyInstrumentingArtifactTransform
Transforming jakarta.xml.bind-api-2.3.2.jar (jakarta.xml.bind:jakarta.xml.bind-api:2.3.2) with InstrumentationAnalysisTransform
Transforming javax.annotation-api-1.3.2.jar (javax.annotation:javax.annotation-api:1.3.2) with ExternalDependencyInstrumentingArtifactTransform
Transforming stax-ex-1.8.1.jar (org.jvnet.staxex:stax-ex:1.8.1) with ExternalDependencyInstrumentingArtifactTransform
Transforming jakarta.xml.bind-api-2.3.2.jar (jakarta.xml.bind:jakarta.xml.bind-api:2.3.2) with MergeInstrumentationAnalysisTransform
Transforming txw2-2.3.2.jar (org.glassfish.jaxb:txw2:2.3.2) with InstrumentationAnalysisTransform
Transforming txw2-2.3.2.jar (org.glassfish.jaxb:txw2:2.3.2) with MergeInstrumentationAnalysisTransform
Transforming istack-commons-runtime-3.0.8.jar (com.sun.istack:istack-commons-runtime:3.0.8) with InstrumentationAnalysisTransform
Transforming istack-commons-runtime-3.0.8.jar (com.sun.istack:istack-commons-runtime:3.0.8) with MergeInstrumentationAnalysisTransform
Transforming FastInfoset-1.2.16.jar (com.sun.xml.fastinfoset:FastInfoset:1.2.16) with InstrumentationAnalysisTransform
Transforming FastInfoset-1.2.16.jar (com.sun.xml.fastinfoset:FastInfoset:1.2.16) with MergeInstrumentationAnalysisTransform
Transforming jakarta.activation-api-1.2.1.jar (jakarta.activation:jakarta.activation-api:1.2.1) with InstrumentationAnalysisTransform
Transforming jakarta.activation-api-1.2.1.jar (jakarta.activation:jakarta.activation-api:1.2.1) with MergeInstrumentationAnalysisTransform
Transforming auto-value-annotations-1.6.2.jar (com.google.auto.value:auto-value-annotations:1.6.2) with InstrumentationAnalysisTransform
Transforming auto-value-annotations-1.6.2.jar (com.google.auto.value:auto-value-annotations:1.6.2) with MergeInstrumentationAnalysisTransform
Transforming error_prone_annotations-2.30.0.jar (com.google.errorprone:error_prone_annotations:2.30.0) with InstrumentationAnalysisTransform
Transforming error_prone_annotations-2.30.0.jar (com.google.errorprone:error_prone_annotations:2.30.0) with MergeInstrumentationAnalysisTransform
Transforming jose4j-0.9.5.jar (org.bitbucket.b_c:jose4j:0.9.5) with InstrumentationAnalysisTransform
Transforming jose4j-0.9.5.jar (org.bitbucket.b_c:jose4j:0.9.5) with MergeInstrumentationAnalysisTransform
Transforming slf4j-api-1.7.30.jar (org.slf4j:slf4j-api:1.7.30) with InstrumentationAnalysisTransform
Transforming slf4j-api-1.7.30.jar (org.slf4j:slf4j-api:1.7.30) with MergeInstrumentationAnalysisTransform
Transforming jakarta.xml.bind-api-2.3.2.jar (jakarta.xml.bind:jakarta.xml.bind-api:2.3.2) with ExternalDependencyInstrumentingArtifactTransform
Transforming txw2-2.3.2.jar (org.glassfish.jaxb:txw2:2.3.2) with ExternalDependencyInstrumentingArtifactTransform
Transforming istack-commons-runtime-3.0.8.jar (com.sun.istack:istack-commons-runtime:3.0.8) with ExternalDependencyInstrumentingArtifactTransform
Transforming jdom2-2.0.6.jar (org.jdom:jdom2:2.0.6) with InstrumentationAnalysisTransform
Transforming jose4j-0.9.5.jar (org.bitbucket.b_c:jose4j:0.9.5) with ExternalDependencyInstrumentingArtifactTransform
Transforming auto-value-annotations-1.6.2.jar (com.google.auto.value:auto-value-annotations:1.6.2) with ExternalDependencyInstrumentingArtifactTransform
Transforming jakarta.activation-api-1.2.1.jar (jakarta.activation:jakarta.activation-api:1.2.1) with ExternalDependencyInstrumentingArtifactTransform
Transforming FastInfoset-1.2.16.jar (com.sun.xml.fastinfoset:FastInfoset:1.2.16) with ExternalDependencyInstrumentingArtifactTransform
Transforming error_prone_annotations-2.30.0.jar (com.google.errorprone:error_prone_annotations:2.30.0) with ExternalDependencyInstrumentingArtifactTransform
Transforming jdom2-2.0.6.jar (org.jdom:jdom2:2.0.6) with MergeInstrumentationAnalysisTransform
Transforming slf4j-api-1.7.30.jar (org.slf4j:slf4j-api:1.7.30) with ExternalDependencyInstrumentingArtifactTransform
Transforming jdom2-2.0.6.jar (org.jdom:jdom2:2.0.6) with ExternalDependencyInstrumentingArtifactTransform
Transforming jsr305-3.0.2.jar (com.google.code.findbugs:jsr305:3.0.2) with InstrumentationAnalysisTransform
Transforming jsr305-3.0.2.jar (com.google.code.findbugs:jsr305:3.0.2) with MergeInstrumentationAnalysisTransform
Transforming j2objc-annotations-3.0.0.jar (com.google.j2objc:j2objc-annotations:3.0.0) with InstrumentationAnalysisTransform
Transforming j2objc-annotations-3.0.0.jar (com.google.j2objc:j2objc-annotations:3.0.0) with MergeInstrumentationAnalysisTransform
Transforming annotations-4.1.1.4.jar (com.google.android:annotations:4.1.1.4) with InstrumentationAnalysisTransform
Transforming annotations-4.1.1.4.jar (com.google.android:annotations:4.1.1.4) with MergeInstrumentationAnalysisTransform
Transforming animal-sniffer-annotations-1.24.jar (org.codehaus.mojo:animal-sniffer-annotations:1.24) with InstrumentationAnalysisTransform
Transforming animal-sniffer-annotations-1.24.jar (org.codehaus.mojo:animal-sniffer-annotations:1.24) with MergeInstrumentationAnalysisTransform
Transforming perfmark-api-0.27.0.jar (io.perfmark:perfmark-api:0.27.0) with InstrumentationAnalysisTransform
Transforming perfmark-api-0.27.0.jar (io.perfmark:perfmark-api:0.27.0) with MergeInstrumentationAnalysisTransform
Transforming netty-codec-http2-4.1.110.Final.jar (io.netty:netty-codec-http2:4.1.110.Final) with InstrumentationAnalysisTransform
Transforming netty-codec-http2-4.1.110.Final.jar (io.netty:netty-codec-http2:4.1.110.Final) with MergeInstrumentationAnalysisTransform
Transforming jsr305-3.0.2.jar (com.google.code.findbugs:jsr305:3.0.2) with ExternalDependencyInstrumentingArtifactTransform
Transforming j2objc-annotations-3.0.0.jar (com.google.j2objc:j2objc-annotations:3.0.0) with ExternalDependencyInstrumentingArtifactTransform
Transforming annotations-4.1.1.4.jar (com.google.android:annotations:4.1.1.4) with ExternalDependencyInstrumentingArtifactTransform
Transforming netty-handler-proxy-4.1.110.Final.jar (io.netty:netty-handler-proxy:4.1.110.Final) with InstrumentationAnalysisTransform
Transforming animal-sniffer-annotations-1.24.jar (org.codehaus.mojo:animal-sniffer-annotations:1.24) with ExternalDependencyInstrumentingArtifactTransform
Transforming netty-codec-http2-4.1.110.Final.jar (io.netty:netty-codec-http2:4.1.110.Final) with ExternalDependencyInstrumentingArtifactTransform
Transforming netty-handler-proxy-4.1.110.Final.jar (io.netty:netty-handler-proxy:4.1.110.Final) with MergeInstrumentationAnalysisTransform
Transforming netty-codec-http-4.1.110.Final.jar (io.netty:netty-codec-http:4.1.110.Final) with InstrumentationAnalysisTransform
Transforming netty-codec-http-4.1.110.Final.jar (io.netty:netty-codec-http:4.1.110.Final) with MergeInstrumentationAnalysisTransform
Transforming netty-handler-4.1.110.Final.jar (io.netty:netty-handler:4.1.110.Final) with InstrumentationAnalysisTransform
Transforming perfmark-api-0.27.0.jar (io.perfmark:perfmark-api:0.27.0) with ExternalDependencyInstrumentingArtifactTransform
Transforming netty-handler-4.1.110.Final.jar (io.netty:netty-handler:4.1.110.Final) with MergeInstrumentationAnalysisTransform
Transforming netty-transport-native-unix-common-4.1.110.Final.jar (io.netty:netty-transport-native-unix-common:4.1.110.Final) with InstrumentationAnalysisTransform
Transforming netty-handler-proxy-4.1.110.Final.jar (io.netty:netty-handler-proxy:4.1.110.Final) with ExternalDependencyInstrumentingArtifactTransform
Transforming netty-transport-native-unix-common-4.1.110.Final.jar (io.netty:netty-transport-native-unix-common:4.1.110.Final) with MergeInstrumentationAnalysisTransform
Transforming checker-qual-3.43.0.jar (org.checkerframework:checker-qual:3.43.0) with InstrumentationAnalysisTransform
Transforming netty-handler-4.1.110.Final.jar (io.netty:netty-handler:4.1.110.Final) with ExternalDependencyInstrumentingArtifactTransform
Transforming netty-transport-native-unix-common-4.1.110.Final.jar (io.netty:netty-transport-native-unix-common:4.1.110.Final) with ExternalDependencyInstrumentingArtifactTransform
Transforming checker-qual-3.43.0.jar (org.checkerframework:checker-qual:3.43.0) with MergeInstrumentationAnalysisTransform
Transforming netty-codec-http-4.1.110.Final.jar (io.netty:netty-codec-http:4.1.110.Final) with ExternalDependencyInstrumentingArtifactTransform
Transforming apksig-8.10.0.jar (com.android.tools.build:apksig:8.10.0) with InstrumentationAnalysisTransform
Transforming apksig-8.10.0.jar (com.android.tools.build:apksig:8.10.0) with MergeInstrumentationAnalysisTransform
Transforming javawriter-2.5.0.jar (com.squareup:javawriter:2.5.0) with InstrumentationAnalysisTransform
Transforming checker-qual-3.43.0.jar (org.checkerframework:checker-qual:3.43.0) with ExternalDependencyInstrumentingArtifactTransform
Transforming javawriter-2.5.0.jar (com.squareup:javawriter:2.5.0) with MergeInstrumentationAnalysisTransform
Transforming apksig-8.10.0.jar (com.android.tools.build:apksig:8.10.0) with ExternalDependencyInstrumentingArtifactTransform
Transforming failureaccess-1.0.2.jar (com.google.guava:failureaccess:1.0.2) with InstrumentationAnalysisTransform
Transforming failureaccess-1.0.2.jar (com.google.guava:failureaccess:1.0.2) with MergeInstrumentationAnalysisTransform
Transforming listenablefuture-9999.0-empty-to-avoid-conflict-with-guava.jar (com.google.guava:listenablefuture:9999.0-empty-to-avoid-conflict-with-guava) with InstrumentationAnalysisTransform
Transforming javawriter-2.5.0.jar (com.squareup:javawriter:2.5.0) with ExternalDependencyInstrumentingArtifactTransform
Transforming listenablefuture-9999.0-empty-to-avoid-conflict-with-guava.jar (com.google.guava:listenablefuture:9999.0-empty-to-avoid-conflict-with-guava) with MergeInstrumentationAnalysisTransform
Transforming commons-logging-1.2.jar (commons-logging:commons-logging:1.2) with InstrumentationAnalysisTransform
Transforming failureaccess-1.0.2.jar (com.google.guava:failureaccess:1.0.2) with ExternalDependencyInstrumentingArtifactTransform
Transforming listenablefuture-9999.0-empty-to-avoid-conflict-with-guava.jar (com.google.guava:listenablefuture:9999.0-empty-to-avoid-conflict-with-guava) with ExternalDependencyInstrumentingArtifactTransform
Transforming commons-logging-1.2.jar (commons-logging:commons-logging:1.2) with MergeInstrumentationAnalysisTransform
Transforming commons-codec-1.11.jar (commons-codec:commons-codec:1.11) with InstrumentationAnalysisTransform
Transforming commons-codec-1.11.jar (commons-codec:commons-codec:1.11) with MergeInstrumentationAnalysisTransform
Transforming jna-5.6.0.jar (net.java.dev.jna:jna:5.6.0) with InstrumentationAnalysisTransform
Transforming jna-5.6.0.jar (net.java.dev.jna:jna:5.6.0) with MergeInstrumentationAnalysisTransform
Transforming netty-codec-socks-4.1.110.Final.jar (io.netty:netty-codec-socks:4.1.110.Final) with InstrumentationAnalysisTransform
Transforming commons-logging-1.2.jar (commons-logging:commons-logging:1.2) with ExternalDependencyInstrumentingArtifactTransform
Transforming netty-codec-socks-4.1.110.Final.jar (io.netty:netty-codec-socks:4.1.110.Final) with MergeInstrumentationAnalysisTransform
Transforming netty-codec-4.1.110.Final.jar (io.netty:netty-codec:4.1.110.Final) with InstrumentationAnalysisTransform
Transforming netty-codec-4.1.110.Final.jar (io.netty:netty-codec:4.1.110.Final) with MergeInstrumentationAnalysisTransform
Transforming netty-transport-4.1.110.Final.jar (io.netty:netty-transport:4.1.110.Final) with InstrumentationAnalysisTransform
Transforming netty-transport-4.1.110.Final.jar (io.netty:netty-transport:4.1.110.Final) with MergeInstrumentationAnalysisTransform
Transforming netty-buffer-4.1.110.Final.jar (io.netty:netty-buffer:4.1.110.Final) with InstrumentationAnalysisTransform
Transforming commons-codec-1.11.jar (commons-codec:commons-codec:1.11) with ExternalDependencyInstrumentingArtifactTransform
Transforming netty-buffer-4.1.110.Final.jar (io.netty:netty-buffer:4.1.110.Final) with MergeInstrumentationAnalysisTransform
Transforming netty-resolver-4.1.110.Final.jar (io.netty:netty-resolver:4.1.110.Final) with InstrumentationAnalysisTransform
Transforming netty-codec-socks-4.1.110.Final.jar (io.netty:netty-codec-socks:4.1.110.Final) with ExternalDependencyInstrumentingArtifactTransform
Transforming netty-resolver-4.1.110.Final.jar (io.netty:netty-resolver:4.1.110.Final) with MergeInstrumentationAnalysisTransform
Transforming jna-5.6.0.jar (net.java.dev.jna:jna:5.6.0) with ExternalDependencyInstrumentingArtifactTransform
Transforming netty-transport-4.1.110.Final.jar (io.netty:netty-transport:4.1.110.Final) with ExternalDependencyInstrumentingArtifactTransform
Transforming netty-codec-4.1.110.Final.jar (io.netty:netty-codec:4.1.110.Final) with ExternalDependencyInstrumentingArtifactTransform
Transforming netty-common-4.1.110.Final.jar (io.netty:netty-common:4.1.110.Final) with InstrumentationAnalysisTransform
Transforming netty-resolver-4.1.110.Final.jar (io.netty:netty-resolver:4.1.110.Final) with ExternalDependencyInstrumentingArtifactTransform
Transforming netty-common-4.1.110.Final.jar (io.netty:netty-common:4.1.110.Final) with MergeInstrumentationAnalysisTransform
Transforming netty-buffer-4.1.110.Final.jar (io.netty:netty-buffer:4.1.110.Final) with ExternalDependencyInstrumentingArtifactTransform
Transforming netty-common-4.1.110.Final.jar (io.netty:netty-common:4.1.110.Final) with ExternalDependencyInstrumentingArtifactTransform

> Configure project :app
Evaluating project ':app' using build file '/home/fekerr/src/ingress-intel-total-conversion/mobile/app/build.gradle'.
Using default execution profile
All projects evaluated.
Task name matched 'assembleDebug'
Selected primary task 'assembleDebug' from project :
Tasks to be executed: [task ':app:copyUserscripts', task ':app:preBuild', task ':app:preDebugBuild', task ':app:mergeDebugNativeDebugMetadata', task ':app:generateDebugBuildConfig', task ':app:javaPreCompileDebug', task ':app:checkDebugAarMetadata', task ':app:generateDebugResValues', task ':app:mapDebugSourceSetPaths', task ':app:generateDebugResources', task ':app:mergeDebugResources', task ':app:createDebugCompatibleScreenManifests', task ':app:extractDeepLinksDebug', task ':app:processDebugMainManifest', task ':app:processDebugManifest', task ':app:processDebugManifestForPackage', task ':app:processDebugResources', task ':app:compileDebugJavaWithJavac', task ':app:mergeDebugShaders', task ':app:compileDebugShaders', task ':app:generateDebugAssets', task ':app:mergeDebugAssets', task ':app:compressDebugAssets', task ':app:desugarDebugFileDependencies', task ':app:dexBuilderDebug', task ':app:mergeDebugGlobalSynthetics', task ':app:processDebugJavaRes', task ':app:mergeDebugJavaResource', task ':app:checkDebugDuplicateClasses', task ':app:mergeExtDexDebug', task ':app:mergeLibDexDebug', task ':app:mergeProjectDexDebug', task ':app:mergeDebugJniLibFolders', task ':app:mergeDebugNativeLibs', task ':app:stripDebugDebugSymbols', task ':app:validateSigningDebug', task ':app:writeDebugAppMetadata', task ':app:writeDebugSigningConfigVersions', task ':app:packageDebug', task ':app:createDebugApkListingFileRedirect', task ':app:assembleDebug']
Tasks that were excluded: []
Resolve mutations for :app:copyUserscripts (Thread[#171,Execution worker,5,main]) started.
:app:copyUserscripts (Thread[#171,Execution worker,5,main]) started.

> Task :app:copyUserscripts NO-SOURCE
Skipping task ':app:copyUserscripts' as it has no source files and no previous output files.
Resolve mutations for :app:preBuild (Thread[#171,Execution worker,5,main]) started.
:app:preBuild (Thread[#171,Execution worker,5,main]) started.

> Task :app:preBuild UP-TO-DATE
Skipping task ':app:preBuild' as it has no actions.
Resolve mutations for :app:preDebugBuild (Thread[#171,Execution worker,5,main]) started.
:app:preDebugBuild (Thread[#171,Execution worker,5,main]) started.

> Task :app:preDebugBuild UP-TO-DATE
Skipping task ':app:preDebugBuild' as it has no actions.
Resolve mutations for :app:mergeDebugNativeDebugMetadata (Thread[#171,Execution worker,5,main]) started.
:app:mergeDebugNativeDebugMetadata (Thread[#171,Execution worker,5,main]) started.

> Task :app:mergeDebugNativeDebugMetadata NO-SOURCE
Skipping task ':app:mergeDebugNativeDebugMetadata' as it has no source files and no previous output files.
Resolve mutations for :app:generateDebugBuildConfig (Thread[#171,Execution worker,5,main]) started.
:app:generateDebugBuildConfig (Thread[#171,Execution worker,5,main]) started.

> Task :app:generateDebugBuildConfig
Caching disabled for task ':app:generateDebugBuildConfig' because:
  Build cache is disabled
Task ':app:generateDebugBuildConfig' is not up-to-date because:
  No history is available.
Resolve mutations for :app:javaPreCompileDebug (Thread[#171,Execution worker,5,main]) started.
:app:javaPreCompileDebug (Thread[#171,Execution worker,5,main]) started.
Resolve mutations for :app:checkDebugAarMetadata (Thread[#176,Execution worker Thread 6,5,main]) started.
:app:checkDebugAarMetadata (Thread[#176,Execution worker Thread 6,5,main]) started.

> Task :app:javaPreCompileDebug
Caching disabled for task ':app:javaPreCompileDebug' because:
  Build cache is disabled
Task ':app:javaPreCompileDebug' is not up-to-date because:
  No history is available.
Resolve mutations for :app:generateDebugResValues (Thread[#172,Execution worker Thread 2,5,main]) started.
:app:generateDebugResValues (Thread[#172,Execution worker Thread 2,5,main]) started.

> Task :app:generateDebugResValues
Caching disabled for task ':app:generateDebugResValues' because:
  Build cache is disabled
Task ':app:generateDebugResValues' is not up-to-date because:
  No history is available.
Resolve mutations for :app:mapDebugSourceSetPaths (Thread[#172,Execution worker Thread 2,5,main]) started.
:app:mapDebugSourceSetPaths (Thread[#172,Execution worker Thread 2,5,main]) started.

> Task :app:checkDebugAarMetadata
Transforming AppIntro-6.3.1.aar (com.github.AppIntro:AppIntro:6.3.1) with JetifyTransform
Transforming localization-1.2.11.aar (com.akexorcist:localization:1.2.11) with JetifyTransform
Transforming constraintlayout-2.1.4.aar (androidx.constraintlayout:constraintlayout:2.1.4) with JetifyTransform
Transforming appcompat-resources-1.6.1.aar (androidx.appcompat:appcompat-resources:1.6.1) with JetifyTransform
Transforming appcompat-1.6.1.aar (androidx.appcompat:appcompat:1.6.1) with JetifyTransform
Transforming floatingactionbutton-1.3.0.aar (com.melnykov:floatingactionbutton:1.3.0) with JetifyTransform
Transforming recyclerview-1.1.0.aar (androidx.recyclerview:recyclerview:1.1.0) with JetifyTransform
Transforming constraintlayout-2.1.4.aar (androidx.constraintlayout:constraintlayout:2.1.4) with ExtractAarTransform
Transforming viewpager-1.0.0.aar (androidx.viewpager:viewpager:1.0.0) with JetifyTransform
Transforming localization-1.2.11.aar (com.akexorcist:localization:1.2.11) with ExtractAarTransform
Transforming fragment-1.3.6.aar (androidx.fragment:fragment:1.3.6) with JetifyTransform
Transforming customview-1.0.0.aar (androidx.customview:customview:1.0.0) with JetifyTransform
Transforming AppIntro-6.3.1.aar (com.github.AppIntro:AppIntro:6.3.1) with ExtractAarTransform
Transforming drawerlayout-1.0.0.aar (androidx.drawerlayout:drawerlayout:1.0.0) with JetifyTransform
Transforming customview-1.0.0.aar (androidx.customview:customview:1.0.0) with JetifyTransform
Transforming appcompat-1.6.1.aar (androidx.appcompat:appcompat:1.6.1) with ExtractAarTransform
Transforming appcompat-resources-1.6.1.aar (androidx.appcompat:appcompat-resources:1.6.1) with ExtractAarTransform
Transforming floatingactionbutton-1.3.0.aar (com.melnykov:floatingactionbutton:1.3.0) with ExtractAarTransform
Transforming fragment-1.3.6.aar (androidx.fragment:fragment:1.3.6) with ExtractAarTransform
Transforming viewpager-1.0.0.aar (androidx.viewpager:viewpager:1.0.0) with ExtractAarTransform
Transforming customview-1.0.0.aar (androidx.customview:customview:1.0.0) with ExtractAarTransform
Transforming drawerlayout-1.0.0.aar (androidx.drawerlayout:drawerlayout:1.0.0) with ExtractAarTransform
Transforming customview-1.0.0.aar (androidx.customview:customview:1.0.0) with ExtractAarTransform
Transforming recyclerview-1.1.0.aar (androidx.recyclerview:recyclerview:1.1.0) with ExtractAarTransform
Transforming constraintlayout-2.1.4.aar (androidx.constraintlayout:constraintlayout:2.1.4) with AarTransform
Transforming viewpager-1.0.0.aar (androidx.viewpager:viewpager:1.0.0) with AarTransform
Transforming customview-1.0.0.aar (androidx.customview:customview:1.0.0) with AarTransform
Transforming customview-1.0.0.aar (androidx.customview:customview:1.0.0) with AarTransform
Transforming customview-1.0.0.aar (androidx.customview:customview:1.0.0) with JetifyTransform
Transforming customview-1.0.0.aar (androidx.customview:customview:1.0.0) with ExtractAarTransform
Transforming customview-1.0.0.aar (androidx.customview:customview:1.0.0) with AarTransform
Transforming localization-1.2.11.aar (com.akexorcist:localization:1.2.11) with AarTransform
Transforming recyclerview-1.1.0.aar (androidx.recyclerview:recyclerview:1.1.0) with AarTransform
Transforming appcompat-resources-1.6.1.aar (androidx.appcompat:appcompat-resources:1.6.1) with AarTransform
Transforming activity-ktx-1.6.0.aar (androidx.activity:activity-ktx:1.6.0) with JetifyTransform
Transforming floatingactionbutton-1.3.0.aar (com.melnykov:floatingactionbutton:1.3.0) with AarTransform
Transforming activity-1.6.0.aar (androidx.activity:activity:1.6.0) with JetifyTransform
Transforming emoji2-1.2.0.aar (androidx.emoji2:emoji2:1.2.0) with JetifyTransform
Transforming emoji2-views-helper-1.2.0.aar (androidx.emoji2:emoji2-views-helper:1.2.0) with JetifyTransform
Transforming loader-1.0.0.aar (androidx.loader:loader:1.0.0) with JetifyTransform
Transforming lifecycle-viewmodel-ktx-2.5.1.aar (androidx.lifecycle:lifecycle-viewmodel-ktx:2.5.1) with JetifyTransform
Transforming lifecycle-viewmodel-2.5.1.aar (androidx.lifecycle:lifecycle-viewmodel:2.5.1) with JetifyTransform
Transforming lifecycle-viewmodel-2.5.1.aar (androidx.lifecycle:lifecycle-viewmodel:2.5.1) with JetifyTransform
Transforming activity-ktx-1.6.0.aar (androidx.activity:activity-ktx:1.6.0) with ExtractAarTransform
Transforming activity-1.6.0.aar (androidx.activity:activity:1.6.0) with ExtractAarTransform
Transforming loader-1.0.0.aar (androidx.loader:loader:1.0.0) with ExtractAarTransform
Transforming emoji2-views-helper-1.2.0.aar (androidx.emoji2:emoji2-views-helper:1.2.0) with ExtractAarTransform
Transforming lifecycle-viewmodel-2.5.1.aar (androidx.lifecycle:lifecycle-viewmodel:2.5.1) with ExtractAarTransform
Transforming lifecycle-viewmodel-2.5.1.aar (androidx.lifecycle:lifecycle-viewmodel:2.5.1) with ExtractAarTransform
Transforming lifecycle-viewmodel-ktx-2.5.1.aar (androidx.lifecycle:lifecycle-viewmodel-ktx:2.5.1) with ExtractAarTransform
Transforming fragment-1.3.6.aar (androidx.fragment:fragment:1.3.6) with AarTransform
Transforming drawerlayout-1.0.0.aar (androidx.drawerlayout:drawerlayout:1.0.0) with AarTransform
Transforming loader-1.0.0.aar (androidx.loader:loader:1.0.0) with AarTransform
Transforming lifecycle-viewmodel-savedstate-2.5.1.aar (androidx.lifecycle:lifecycle-viewmodel-savedstate:2.5.1) with JetifyTransform
Transforming emoji2-1.2.0.aar (androidx.emoji2:emoji2:1.2.0) with ExtractAarTransform
Transforming activity-ktx-1.6.0.aar (androidx.activity:activity-ktx:1.6.0) with AarTransform
Transforming core-ktx-1.9.0.aar (androidx.core:core-ktx:1.9.0) with JetifyTransform
Transforming vectordrawable-animated-1.1.0.aar (androidx.vectordrawable:vectordrawable-animated:1.1.0) with JetifyTransform
Transforming emoji2-views-helper-1.2.0.aar (androidx.emoji2:emoji2-views-helper:1.2.0) with AarTransform
Transforming activity-1.6.0.aar (androidx.activity:activity:1.6.0) with AarTransform
Transforming vectordrawable-1.1.0.aar (androidx.vectordrawable:vectordrawable:1.1.0) with JetifyTransform
Transforming lifecycle-viewmodel-ktx-2.5.1.aar (androidx.lifecycle:lifecycle-viewmodel-ktx:2.5.1) with AarTransform
Transforming vectordrawable-animated-1.1.0.aar (androidx.vectordrawable:vectordrawable-animated:1.1.0) with ExtractAarTransform
Transforming lifecycle-viewmodel-2.5.1.aar (androidx.lifecycle:lifecycle-viewmodel:2.5.1) with AarTransform
Transforming lifecycle-viewmodel-2.5.1.aar (androidx.lifecycle:lifecycle-viewmodel:2.5.1) with AarTransform
Transforming vectordrawable-1.1.0.aar (androidx.vectordrawable:vectordrawable:1.1.0) with JetifyTransform
Transforming core-1.9.0.aar (androidx.core:core:1.9.0) with JetifyTransform
Transforming core-1.9.0.aar (androidx.core:core:1.9.0) with JetifyTransform
Transforming vectordrawable-1.1.0.aar (androidx.vectordrawable:vectordrawable:1.1.0) with ExtractAarTransform
Transforming vectordrawable-1.1.0.aar (androidx.vectordrawable:vectordrawable:1.1.0) with ExtractAarTransform
Transforming core-ktx-1.9.0.aar (androidx.core:core-ktx:1.9.0) with ExtractAarTransform
Transforming core-1.9.0.aar (androidx.core:core:1.9.0) with JetifyTransform
Transforming core-1.9.0.aar (androidx.core:core:1.9.0) with JetifyTransform
Transforming emoji2-1.2.0.aar (androidx.emoji2:emoji2:1.2.0) with AarTransform
Transforming vectordrawable-animated-1.1.0.aar (androidx.vectordrawable:vectordrawable-animated:1.1.0) with AarTransform
Transforming core-1.9.0.aar (androidx.core:core:1.9.0) with ExtractAarTransform
Transforming core-1.9.0.aar (androidx.core:core:1.9.0) with ExtractAarTransform
Transforming core-1.9.0.aar (androidx.core:core:1.9.0) with ExtractAarTransform
Transforming core-1.9.0.aar (androidx.core:core:1.9.0) with ExtractAarTransform
Transforming core-1.9.0.aar (androidx.core:core:1.9.0) with JetifyTransform
Transforming core-1.9.0.aar (androidx.core:core:1.9.0) with ExtractAarTransform
Transforming core-1.9.0.aar (androidx.core:core:1.9.0) with JetifyTransform
Transforming core-1.9.0.aar (androidx.core:core:1.9.0) with ExtractAarTransform
Transforming vectordrawable-1.1.0.aar (androidx.vectordrawable:vectordrawable:1.1.0) with AarTransform
Transforming vectordrawable-1.1.0.aar (androidx.vectordrawable:vectordrawable:1.1.0) with AarTransform
Transforming core-1.9.0.aar (androidx.core:core:1.9.0) with JetifyTransform
Transforming core-1.9.0.aar (androidx.core:core:1.9.0) with ExtractAarTransform
Transforming AppIntro-6.3.1.aar (com.github.AppIntro:AppIntro:6.3.1) with AarTransform
Transforming core-ktx-1.9.0.aar (androidx.core:core-ktx:1.9.0) with AarTransform
Transforming cursoradapter-1.0.0.aar (androidx.cursoradapter:cursoradapter:1.0.0) with JetifyTransform
Transforming lifecycle-process-2.4.1.aar (androidx.lifecycle:lifecycle-process:2.4.1) with JetifyTransform
Transforming cursoradapter-1.0.0.aar (androidx.cursoradapter:cursoradapter:1.0.0) with ExtractAarTransform
Transforming lifecycle-process-2.4.1.aar (androidx.lifecycle:lifecycle-process:2.4.1) with ExtractAarTransform
Transforming cursoradapter-1.0.0.aar (androidx.cursoradapter:cursoradapter:1.0.0) with AarTransform
Transforming lifecycle-runtime-ktx-2.5.1.aar (androidx.lifecycle:lifecycle-runtime-ktx:2.5.1) with JetifyTransform
Transforming lifecycle-runtime-ktx-2.5.1.aar (androidx.lifecycle:lifecycle-runtime-ktx:2.5.1) with ExtractAarTransform
Transforming lifecycle-runtime-ktx-2.5.1.aar (androidx.lifecycle:lifecycle-runtime-ktx:2.5.1) with AarTransform
Transforming lifecycle-runtime-2.5.1.aar (androidx.lifecycle:lifecycle-runtime:2.5.1) with JetifyTransform
Transforming lifecycle-runtime-2.5.1.aar (androidx.lifecycle:lifecycle-runtime:2.5.1) with ExtractAarTransform
Transforming core-1.9.0.aar (androidx.core:core:1.9.0) with AarTransform
Transforming core-1.9.0.aar (androidx.core:core:1.9.0) with AarTransform
Transforming core-1.9.0.aar (androidx.core:core:1.9.0) with AarTransform
Transforming core-1.9.0.aar (androidx.core:core:1.9.0) with AarTransform
Transforming core-1.9.0.aar (androidx.core:core:1.9.0) with AarTransform
Transforming core-1.9.0.aar (androidx.core:core:1.9.0) with AarTransform
Transforming savedstate-ktx-1.2.0.aar (androidx.savedstate:savedstate-ktx:1.2.0) with JetifyTransform
Transforming core-1.9.0.aar (androidx.core:core:1.9.0) with AarTransform
Transforming savedstate-1.2.0.aar (androidx.savedstate:savedstate:1.2.0) with JetifyTransform
Transforming lifecycle-livedata-2.0.0.aar (androidx.lifecycle:lifecycle-livedata:2.0.0) with JetifyTransform
Transforming lifecycle-livedata-core-2.5.1.aar (androidx.lifecycle:lifecycle-livedata-core:2.5.1) with JetifyTransform
Transforming lifecycle-livedata-core-2.5.1.aar (androidx.lifecycle:lifecycle-livedata-core:2.5.1) with JetifyTransform
Transforming tracing-1.0.0.aar (androidx.tracing:tracing:1.0.0) with JetifyTransform
Transforming startup-runtime-1.1.1.aar (androidx.startup:startup-runtime:1.1.1) with JetifyTransform
Transforming savedstate-ktx-1.2.0.aar (androidx.savedstate:savedstate-ktx:1.2.0) with ExtractAarTransform
Transforming versionedparcelable-1.1.1.aar (androidx.versionedparcelable:versionedparcelable:1.1.1) with JetifyTransform
Transforming savedstate-1.2.0.aar (androidx.savedstate:savedstate:1.2.0) with ExtractAarTransform
Transforming lifecycle-livedata-core-2.5.1.aar (androidx.lifecycle:lifecycle-livedata-core:2.5.1) with ExtractAarTransform
Transforming versionedparcelable-1.1.1.aar (androidx.versionedparcelable:versionedparcelable:1.1.1) with ExtractAarTransform
Transforming tracing-1.0.0.aar (androidx.tracing:tracing:1.0.0) with ExtractAarTransform
Transforming lifecycle-livedata-2.0.0.aar (androidx.lifecycle:lifecycle-livedata:2.0.0) with ExtractAarTransform
Transforming lifecycle-process-2.4.1.aar (androidx.lifecycle:lifecycle-process:2.4.1) with AarTransform
Transforming startup-runtime-1.1.1.aar (androidx.startup:startup-runtime:1.1.1) with ExtractAarTransform
Transforming lifecycle-livedata-core-2.5.1.aar (androidx.lifecycle:lifecycle-livedata-core:2.5.1) with ExtractAarTransform
Transforming core-runtime-2.1.0.aar (androidx.arch.core:core-runtime:2.1.0) with JetifyTransform
Transforming lifecycle-livedata-2.0.0.aar (androidx.lifecycle:lifecycle-livedata:2.0.0) with AarTransform
Transforming savedstate-ktx-1.2.0.aar (androidx.savedstate:savedstate-ktx:1.2.0) with AarTransform
Transforming versionedparcelable-1.1.1.aar (androidx.versionedparcelable:versionedparcelable:1.1.1) with AarTransform
Transforming core-runtime-2.1.0.aar (androidx.arch.core:core-runtime:2.1.0) with ExtractAarTransform
Transforming tracing-1.0.0.aar (androidx.tracing:tracing:1.0.0) with AarTransform
Transforming core-runtime-2.1.0.aar (androidx.arch.core:core-runtime:2.1.0) with JetifyTransform
Transforming core-runtime-2.1.0.aar (androidx.arch.core:core-runtime:2.1.0) with ExtractAarTransform
Transforming lifecycle-livedata-core-2.5.1.aar (androidx.lifecycle:lifecycle-livedata-core:2.5.1) with AarTransform
Transforming lifecycle-livedata-core-2.5.1.aar (androidx.lifecycle:lifecycle-livedata-core:2.5.1) with AarTransform
Transforming savedstate-1.2.0.aar (androidx.savedstate:savedstate:1.2.0) with AarTransform
Transforming interpolator-1.0.0.aar (androidx.interpolator:interpolator:1.0.0) with JetifyTransform
Transforming annotation-experimental-1.3.0.aar (androidx.annotation:annotation-experimental:1.3.0) with JetifyTransform
Transforming core-runtime-2.1.0.aar (androidx.arch.core:core-runtime:2.1.0) with AarTransform
Transforming core-runtime-2.1.0.aar (androidx.arch.core:core-runtime:2.1.0) with AarTransform
Transforming startup-runtime-1.1.1.aar (androidx.startup:startup-runtime:1.1.1) with AarTransform
Transforming interpolator-1.0.0.aar (androidx.interpolator:interpolator:1.0.0) with ExtractAarTransform
Transforming interpolator-1.0.0.aar (androidx.interpolator:interpolator:1.0.0) with AarTransform
Transforming appcompat-1.6.1.aar (androidx.appcompat:appcompat:1.6.1) with AarTransform
Transforming lifecycle-viewmodel-savedstate-2.5.1.aar (androidx.lifecycle:lifecycle-viewmodel-savedstate:2.5.1) with ExtractAarTransform
Transforming lifecycle-runtime-2.5.1.aar (androidx.lifecycle:lifecycle-runtime:2.5.1) with AarTransform
Transforming lifecycle-viewmodel-savedstate-2.5.1.aar (androidx.lifecycle:lifecycle-viewmodel-savedstate:2.5.1) with AarTransform
Transforming annotation-experimental-1.3.0.aar (androidx.annotation:annotation-experimental:1.3.0) with ExtractAarTransform
Transforming annotation-experimental-1.3.0.aar (androidx.annotation:annotation-experimental:1.3.0) with AarTransform
Caching disabled for task ':app:checkDebugAarMetadata' because:
  Build cache is disabled
  Caching has been disabled for the task
Task ':app:checkDebugAarMetadata' is not up-to-date because:
  No history is available.

> Task :app:mapDebugSourceSetPaths
Transforming AppIntro-6.3.1.aar (com.github.AppIntro:AppIntro:6.3.1) with JetifyTransform
Transforming AppIntro-6.3.1.aar (com.github.AppIntro:AppIntro:6.3.1) with ExtractAarTransform
Transforming AppIntro-6.3.1.aar (com.github.AppIntro:AppIntro:6.3.1) with AarTransform
Transforming localization-1.2.11.aar (com.akexorcist:localization:1.2.11) with JetifyTransform
Transforming localization-1.2.11.aar (com.akexorcist:localization:1.2.11) with ExtractAarTransform
Transforming localization-1.2.11.aar (com.akexorcist:localization:1.2.11) with AarTransform
Transforming constraintlayout-2.1.4.aar (androidx.constraintlayout:constraintlayout:2.1.4) with JetifyTransform
Transforming constraintlayout-2.1.4.aar (androidx.constraintlayout:constraintlayout:2.1.4) with ExtractAarTransform
Transforming constraintlayout-2.1.4.aar (androidx.constraintlayout:constraintlayout:2.1.4) with AarTransform
Transforming appcompat-resources-1.6.1.aar (androidx.appcompat:appcompat-resources:1.6.1) with JetifyTransform
Transforming appcompat-resources-1.6.1.aar (androidx.appcompat:appcompat-resources:1.6.1) with ExtractAarTransform
Transforming appcompat-resources-1.6.1.aar (androidx.appcompat:appcompat-resources:1.6.1) with AarTransform
Transforming appcompat-1.6.1.aar (androidx.appcompat:appcompat:1.6.1) with JetifyTransform
Transforming appcompat-1.6.1.aar (androidx.appcompat:appcompat:1.6.1) with ExtractAarTransform
Transforming appcompat-1.6.1.aar (androidx.appcompat:appcompat:1.6.1) with AarTransform
Transforming floatingactionbutton-1.3.0.aar (com.melnykov:floatingactionbutton:1.3.0) with JetifyTransform
Transforming floatingactionbutton-1.3.0.aar (com.melnykov:floatingactionbutton:1.3.0) with ExtractAarTransform
Transforming floatingactionbutton-1.3.0.aar (com.melnykov:floatingactionbutton:1.3.0) with AarTransform
Transforming recyclerview-1.1.0.aar (androidx.recyclerview:recyclerview:1.1.0) with JetifyTransform
Transforming recyclerview-1.1.0.aar (androidx.recyclerview:recyclerview:1.1.0) with ExtractAarTransform
Transforming recyclerview-1.1.0.aar (androidx.recyclerview:recyclerview:1.1.0) with AarTransform
Transforming drawerlayout-1.0.0.aar (androidx.drawerlayout:drawerlayout:1.0.0) with JetifyTransform
Transforming drawerlayout-1.0.0.aar (androidx.drawerlayout:drawerlayout:1.0.0) with ExtractAarTransform
Transforming drawerlayout-1.0.0.aar (androidx.drawerlayout:drawerlayout:1.0.0) with AarTransform
Transforming fragment-1.3.6.aar (androidx.fragment:fragment:1.3.6) with JetifyTransform
Transforming fragment-1.3.6.aar (androidx.fragment:fragment:1.3.6) with ExtractAarTransform
Transforming fragment-1.3.6.aar (androidx.fragment:fragment:1.3.6) with AarTransform
Transforming viewpager-1.0.0.aar (androidx.viewpager:viewpager:1.0.0) with JetifyTransform
Transforming viewpager-1.0.0.aar (androidx.viewpager:viewpager:1.0.0) with ExtractAarTransform
Transforming viewpager-1.0.0.aar (androidx.viewpager:viewpager:1.0.0) with AarTransform
Transforming customview-1.0.0.aar (androidx.customview:customview:1.0.0) with JetifyTransform
Transforming customview-1.0.0.aar (androidx.customview:customview:1.0.0) with ExtractAarTransform
Transforming customview-1.0.0.aar (androidx.customview:customview:1.0.0) with AarTransform
Transforming customview-1.0.0.aar (androidx.customview:customview:1.0.0) with JetifyTransform
Transforming customview-1.0.0.aar (androidx.customview:customview:1.0.0) with ExtractAarTransform
Transforming customview-1.0.0.aar (androidx.customview:customview:1.0.0) with AarTransform
Transforming customview-1.0.0.aar (androidx.customview:customview:1.0.0) with JetifyTransform
Transforming customview-1.0.0.aar (androidx.customview:customview:1.0.0) with ExtractAarTransform
Transforming customview-1.0.0.aar (androidx.customview:customview:1.0.0) with AarTransform
Transforming activity-ktx-1.6.0.aar (androidx.activity:activity-ktx:1.6.0) with JetifyTransform
Transforming activity-ktx-1.6.0.aar (androidx.activity:activity-ktx:1.6.0) with ExtractAarTransform
Transforming activity-ktx-1.6.0.aar (androidx.activity:activity-ktx:1.6.0) with AarTransform
Transforming activity-1.6.0.aar (androidx.activity:activity:1.6.0) with JetifyTransform
Transforming activity-1.6.0.aar (androidx.activity:activity:1.6.0) with ExtractAarTransform
Transforming activity-1.6.0.aar (androidx.activity:activity:1.6.0) with AarTransform
Transforming emoji2-views-helper-1.2.0.aar (androidx.emoji2:emoji2-views-helper:1.2.0) with JetifyTransform
Transforming emoji2-views-helper-1.2.0.aar (androidx.emoji2:emoji2-views-helper:1.2.0) with ExtractAarTransform
Transforming emoji2-views-helper-1.2.0.aar (androidx.emoji2:emoji2-views-helper:1.2.0) with AarTransform
Transforming emoji2-1.2.0.aar (androidx.emoji2:emoji2:1.2.0) with JetifyTransform
Transforming emoji2-1.2.0.aar (androidx.emoji2:emoji2:1.2.0) with ExtractAarTransform
Transforming emoji2-1.2.0.aar (androidx.emoji2:emoji2:1.2.0) with AarTransform
Transforming loader-1.0.0.aar (androidx.loader:loader:1.0.0) with JetifyTransform
Transforming loader-1.0.0.aar (androidx.loader:loader:1.0.0) with ExtractAarTransform
Transforming loader-1.0.0.aar (androidx.loader:loader:1.0.0) with AarTransform
Transforming lifecycle-viewmodel-ktx-2.5.1.aar (androidx.lifecycle:lifecycle-viewmodel-ktx:2.5.1) with JetifyTransform
Transforming lifecycle-viewmodel-ktx-2.5.1.aar (androidx.lifecycle:lifecycle-viewmodel-ktx:2.5.1) with ExtractAarTransform
Transforming lifecycle-viewmodel-ktx-2.5.1.aar (androidx.lifecycle:lifecycle-viewmodel-ktx:2.5.1) with AarTransform
Transforming lifecycle-viewmodel-2.5.1.aar (androidx.lifecycle:lifecycle-viewmodel:2.5.1) with JetifyTransform
Transforming lifecycle-viewmodel-2.5.1.aar (androidx.lifecycle:lifecycle-viewmodel:2.5.1) with ExtractAarTransform
Transforming lifecycle-viewmodel-2.5.1.aar (androidx.lifecycle:lifecycle-viewmodel:2.5.1) with AarTransform
Transforming lifecycle-viewmodel-2.5.1.aar (androidx.lifecycle:lifecycle-viewmodel:2.5.1) with JetifyTransform
Transforming lifecycle-viewmodel-2.5.1.aar (androidx.lifecycle:lifecycle-viewmodel:2.5.1) with ExtractAarTransform
Transforming lifecycle-viewmodel-2.5.1.aar (androidx.lifecycle:lifecycle-viewmodel:2.5.1) with AarTransform
Transforming lifecycle-viewmodel-savedstate-2.5.1.aar (androidx.lifecycle:lifecycle-viewmodel-savedstate:2.5.1) with JetifyTransform
Transforming lifecycle-viewmodel-savedstate-2.5.1.aar (androidx.lifecycle:lifecycle-viewmodel-savedstate:2.5.1) with ExtractAarTransform
Transforming lifecycle-viewmodel-savedstate-2.5.1.aar (androidx.lifecycle:lifecycle-viewmodel-savedstate:2.5.1) with AarTransform
Transforming core-ktx-1.9.0.aar (androidx.core:core-ktx:1.9.0) with JetifyTransform
Transforming core-ktx-1.9.0.aar (androidx.core:core-ktx:1.9.0) with ExtractAarTransform
Transforming core-ktx-1.9.0.aar (androidx.core:core-ktx:1.9.0) with AarTransform
Transforming vectordrawable-animated-1.1.0.aar (androidx.vectordrawable:vectordrawable-animated:1.1.0) with JetifyTransform
Transforming vectordrawable-animated-1.1.0.aar (androidx.vectordrawable:vectordrawable-animated:1.1.0) with ExtractAarTransform
Transforming vectordrawable-animated-1.1.0.aar (androidx.vectordrawable:vectordrawable-animated:1.1.0) with AarTransform
Transforming vectordrawable-1.1.0.aar (androidx.vectordrawable:vectordrawable:1.1.0) with JetifyTransform
Transforming vectordrawable-1.1.0.aar (androidx.vectordrawable:vectordrawable:1.1.0) with ExtractAarTransform
Transforming vectordrawable-1.1.0.aar (androidx.vectordrawable:vectordrawable:1.1.0) with AarTransform
Transforming vectordrawable-1.1.0.aar (androidx.vectordrawable:vectordrawable:1.1.0) with JetifyTransform
Transforming vectordrawable-1.1.0.aar (androidx.vectordrawable:vectordrawable:1.1.0) with ExtractAarTransform
Transforming vectordrawable-1.1.0.aar (androidx.vectordrawable:vectordrawable:1.1.0) with AarTransform
Transforming core-1.9.0.aar (androidx.core:core:1.9.0) with JetifyTransform
Transforming core-1.9.0.aar (androidx.core:core:1.9.0) with ExtractAarTransform
Transforming core-1.9.0.aar (androidx.core:core:1.9.0) with AarTransform
Transforming core-1.9.0.aar (androidx.core:core:1.9.0) with JetifyTransform
Transforming core-1.9.0.aar (androidx.core:core:1.9.0) with ExtractAarTransform
Transforming core-1.9.0.aar (androidx.core:core:1.9.0) with AarTransform
Transforming core-1.9.0.aar (androidx.core:core:1.9.0) with JetifyTransform
Transforming core-1.9.0.aar (androidx.core:core:1.9.0) with ExtractAarTransform
Transforming core-1.9.0.aar (androidx.core:core:1.9.0) with AarTransform
Transforming core-1.9.0.aar (androidx.core:core:1.9.0) with JetifyTransform
Transforming core-1.9.0.aar (androidx.core:core:1.9.0) with ExtractAarTransform
Transforming core-1.9.0.aar (androidx.core:core:1.9.0) with AarTransform
Transforming core-1.9.0.aar (androidx.core:core:1.9.0) with JetifyTransform
Transforming core-1.9.0.aar (androidx.core:core:1.9.0) with ExtractAarTransform
Transforming core-1.9.0.aar (androidx.core:core:1.9.0) with AarTransform
Transforming core-1.9.0.aar (androidx.core:core:1.9.0) with JetifyTransform
Transforming core-1.9.0.aar (androidx.core:core:1.9.0) with ExtractAarTransform
Transforming core-1.9.0.aar (androidx.core:core:1.9.0) with AarTransform
Transforming core-1.9.0.aar (androidx.core:core:1.9.0) with JetifyTransform
Transforming core-1.9.0.aar (androidx.core:core:1.9.0) with ExtractAarTransform
Transforming core-1.9.0.aar (androidx.core:core:1.9.0) with AarTransform
Transforming cursoradapter-1.0.0.aar (androidx.cursoradapter:cursoradapter:1.0.0) with JetifyTransform
Transforming cursoradapter-1.0.0.aar (androidx.cursoradapter:cursoradapter:1.0.0) with ExtractAarTransform
Transforming cursoradapter-1.0.0.aar (androidx.cursoradapter:cursoradapter:1.0.0) with AarTransform
Transforming lifecycle-process-2.4.1.aar (androidx.lifecycle:lifecycle-process:2.4.1) with JetifyTransform
Transforming lifecycle-process-2.4.1.aar (androidx.lifecycle:lifecycle-process:2.4.1) with ExtractAarTransform
Transforming lifecycle-process-2.4.1.aar (androidx.lifecycle:lifecycle-process:2.4.1) with AarTransform
Transforming lifecycle-runtime-ktx-2.5.1.aar (androidx.lifecycle:lifecycle-runtime-ktx:2.5.1) with JetifyTransform
Transforming lifecycle-runtime-ktx-2.5.1.aar (androidx.lifecycle:lifecycle-runtime-ktx:2.5.1) with ExtractAarTransform
Transforming lifecycle-runtime-ktx-2.5.1.aar (androidx.lifecycle:lifecycle-runtime-ktx:2.5.1) with AarTransform
Transforming lifecycle-runtime-2.5.1.aar (androidx.lifecycle:lifecycle-runtime:2.5.1) with JetifyTransform
Transforming lifecycle-runtime-2.5.1.aar (androidx.lifecycle:lifecycle-runtime:2.5.1) with ExtractAarTransform
Transforming lifecycle-runtime-2.5.1.aar (androidx.lifecycle:lifecycle-runtime:2.5.1) with AarTransform
Transforming savedstate-ktx-1.2.0.aar (androidx.savedstate:savedstate-ktx:1.2.0) with JetifyTransform
Transforming savedstate-ktx-1.2.0.aar (androidx.savedstate:savedstate-ktx:1.2.0) with ExtractAarTransform
Transforming savedstate-ktx-1.2.0.aar (androidx.savedstate:savedstate-ktx:1.2.0) with AarTransform
Transforming savedstate-1.2.0.aar (androidx.savedstate:savedstate:1.2.0) with JetifyTransform
Transforming savedstate-1.2.0.aar (androidx.savedstate:savedstate:1.2.0) with ExtractAarTransform
Transforming savedstate-1.2.0.aar (androidx.savedstate:savedstate:1.2.0) with AarTransform
Transforming versionedparcelable-1.1.1.aar (androidx.versionedparcelable:versionedparcelable:1.1.1) with JetifyTransform
Transforming versionedparcelable-1.1.1.aar (androidx.versionedparcelable:versionedparcelable:1.1.1) with ExtractAarTransform
Transforming versionedparcelable-1.1.1.aar (androidx.versionedparcelable:versionedparcelable:1.1.1) with AarTransform
Transforming startup-runtime-1.1.1.aar (androidx.startup:startup-runtime:1.1.1) with JetifyTransform
Transforming startup-runtime-1.1.1.aar (androidx.startup:startup-runtime:1.1.1) with ExtractAarTransform
Transforming startup-runtime-1.1.1.aar (androidx.startup:startup-runtime:1.1.1) with AarTransform
Transforming tracing-1.0.0.aar (androidx.tracing:tracing:1.0.0) with JetifyTransform
Transforming tracing-1.0.0.aar (androidx.tracing:tracing:1.0.0) with ExtractAarTransform
Transforming tracing-1.0.0.aar (androidx.tracing:tracing:1.0.0) with AarTransform
Transforming lifecycle-livedata-2.0.0.aar (androidx.lifecycle:lifecycle-livedata:2.0.0) with JetifyTransform
Transforming lifecycle-livedata-2.0.0.aar (androidx.lifecycle:lifecycle-livedata:2.0.0) with ExtractAarTransform
Transforming lifecycle-livedata-2.0.0.aar (androidx.lifecycle:lifecycle-livedata:2.0.0) with AarTransform
Transforming lifecycle-livedata-core-2.5.1.aar (androidx.lifecycle:lifecycle-livedata-core:2.5.1) with JetifyTransform
Transforming lifecycle-livedata-core-2.5.1.aar (androidx.lifecycle:lifecycle-livedata-core:2.5.1) with ExtractAarTransform
Transforming lifecycle-livedata-core-2.5.1.aar (androidx.lifecycle:lifecycle-livedata-core:2.5.1) with AarTransform
Transforming lifecycle-livedata-core-2.5.1.aar (androidx.lifecycle:lifecycle-livedata-core:2.5.1) with JetifyTransform
Transforming lifecycle-livedata-core-2.5.1.aar (androidx.lifecycle:lifecycle-livedata-core:2.5.1) with ExtractAarTransform
Transforming lifecycle-livedata-core-2.5.1.aar (androidx.lifecycle:lifecycle-livedata-core:2.5.1) with AarTransform
Transforming core-runtime-2.1.0.aar (androidx.arch.core:core-runtime:2.1.0) with JetifyTransform
Transforming core-runtime-2.1.0.aar (androidx.arch.core:core-runtime:2.1.0) with ExtractAarTransform
Transforming core-runtime-2.1.0.aar (androidx.arch.core:core-runtime:2.1.0) with AarTransform
Transforming core-runtime-2.1.0.aar (androidx.arch.core:core-runtime:2.1.0) with JetifyTransform
Transforming core-runtime-2.1.0.aar (androidx.arch.core:core-runtime:2.1.0) with ExtractAarTransform
Transforming core-runtime-2.1.0.aar (androidx.arch.core:core-runtime:2.1.0) with AarTransform
Transforming interpolator-1.0.0.aar (androidx.interpolator:interpolator:1.0.0) with JetifyTransform
Transforming interpolator-1.0.0.aar (androidx.interpolator:interpolator:1.0.0) with ExtractAarTransform
Transforming interpolator-1.0.0.aar (androidx.interpolator:interpolator:1.0.0) with AarTransform
Transforming annotation-experimental-1.3.0.aar (androidx.annotation:annotation-experimental:1.3.0) with JetifyTransform
Transforming annotation-experimental-1.3.0.aar (androidx.annotation:annotation-experimental:1.3.0) with ExtractAarTransform
Transforming annotation-experimental-1.3.0.aar (androidx.annotation:annotation-experimental:1.3.0) with AarTransform
Caching disabled for task ':app:mapDebugSourceSetPaths' because:
  Build cache is disabled
  Caching has been disabled for the task
Task ':app:mapDebugSourceSetPaths' is not up-to-date because:
  No history is available.
Resolve mutations for :app:generateDebugResources (Thread[#181,Execution worker Thread 11,5,main]) started.
:app:generateDebugResources (Thread[#181,Execution worker Thread 11,5,main]) started.

> Task :app:generateDebugResources
Caching disabled for task ':app:generateDebugResources' because:
  Build cache is disabled
Task ':app:generateDebugResources' is not up-to-date because:
  No history is available.
Resolve mutations for :app:mergeDebugResources (Thread[#181,Execution worker Thread 11,5,main]) started.
:app:mergeDebugResources (Thread[#180,Execution worker Thread 10,5,main]) started.

> Task :app:mergeDebugResources
Caching disabled for task ':app:mergeDebugResources' because:
  Build cache is disabled
Task ':app:mergeDebugResources' is not up-to-date because:
  No history is available.
The input changes require a full rebuild for incremental task ':app:mergeDebugResources'.
[MergeResources] Inputs are non-incremental full task action.
Generating PNG: [/home/fekerr/src/ingress-intel-total-conversion/mobile/app/build/generated/res/pngs/debug/drawable-xxhdpi/ic_iitcm_foreground.png] from [/home/fekerr/src/ingress-intel-total-conversion/mobile/app/src/debug/res/drawable/ic_iitcm_foreground.xml]
Generating PNG: [/home/fekerr/src/ingress-intel-total-conversion/mobile/app/build/generated/res/pngs/debug/drawable-xhdpi/ic_iitcm_foreground.png] from [/home/fekerr/src/ingress-intel-total-conversion/mobile/app/src/debug/res/drawable/ic_iitcm_foreground.xml]
Generating PNG: [/home/fekerr/src/ingress-intel-total-conversion/mobile/app/build/generated/res/pngs/debug/drawable-hdpi/ic_iitcm_foreground.png] from [/home/fekerr/src/ingress-intel-total-conversion/mobile/app/src/debug/res/drawable/ic_iitcm_foreground.xml]
Generating PNG: [/home/fekerr/src/ingress-intel-total-conversion/mobile/app/build/generated/res/pngs/debug/drawable-mdpi/ic_iitcm_foreground.png] from [/home/fekerr/src/ingress-intel-total-conversion/mobile/app/src/debug/res/drawable/ic_iitcm_foreground.xml]
Generating PNG: [/home/fekerr/src/ingress-intel-total-conversion/mobile/app/build/generated/res/pngs/debug/drawable-xxxhdpi/ic_iitcm_foreground.png] from [/home/fekerr/src/ingress-intel-total-conversion/mobile/app/src/debug/res/drawable/ic_iitcm_foreground.xml]
Generating PNG: [/home/fekerr/src/ingress-intel-total-conversion/mobile/app/build/generated/res/pngs/debug/drawable-ldpi/ic_iitcm_foreground.png] from [/home/fekerr/src/ingress-intel-total-conversion/mobile/app/src/debug/res/drawable/ic_iitcm_foreground.xml]
Compiling XML table /home/fekerr/src/ingress-intel-total-conversion/mobile/app/build/intermediates/incremental/debug/mergeDebugResources/merged.dir/values-hi/values-hi.xml to /home/fekerr/src/ingress-intel-total-conversion/mobile/app/build/intermediates/merged_res/debug/mergeDebugResources/values-hi_values-hi.arsc.flat
Compiling XML table /home/fekerr/src/ingress-intel-total-conversion/mobile/app/build/intermediates/incremental/debug/mergeDebugResources/merged.dir/values-pt/values-pt.xml to /home/fekerr/src/ingress-intel-total-conversion/mobile/app/build/intermediates/merged_res/debug/mergeDebugResources/values-pt_values-pt.arsc.flat
Compiling XML table /home/fekerr/src/ingress-intel-total-conversion/mobile/app/build/intermediates/incremental/debug/mergeDebugResources/merged.dir/values/values.xml to /home/fekerr/src/ingress-intel-total-conversion/mobile/app/build/intermediates/merged_res/debug/mergeDebugResources/values_values.arsc.flat
Compiling XML table /home/fekerr/src/ingress-intel-total-conversion/mobile/app/build/intermediates/incremental/debug/mergeDebugResources/merged.dir/values-watch-v21/values-watch-v21.xml to /home/fekerr/src/ingress-intel-total-conversion/mobile/app/build/intermediates/merged_res/debug/mergeDebugResources/values-watch-v21_values-watch-v21.arsc.flat
Compiling XML table /home/fekerr/src/ingress-intel-total-conversion/mobile/app/build/intermediates/incremental/debug/mergeDebugResources/merged.dir/values-watch-v20/values-watch-v20.xml to /home/fekerr/src/ingress-intel-total-conversion/mobile/app/build/intermediates/merged_res/debug/mergeDebugResources/values-watch-v20_values-watch-v20.arsc.flat
Compiling XML table /home/fekerr/src/ingress-intel-total-conversion/mobile/app/build/intermediates/incremental/debug/mergeDebugResources/merged.dir/values-hr/values-hr.xml to /home/fekerr/src/ingress-intel-total-conversion/mobile/app/build/intermediates/merged_res/debug/mergeDebugResources/values-hr_values-hr.arsc.flat
Compiling XML table /home/fekerr/src/ingress-intel-total-conversion/mobile/app/build/intermediates/incremental/debug/mergeDebugResources/merged.dir/values-hu/values-hu.xml to /home/fekerr/src/ingress-intel-total-conversion/mobile/app/build/intermediates/merged_res/debug/mergeDebugResources/values-hu_values-hu.arsc.flat
Compiling XML table /home/fekerr/src/ingress-intel-total-conversion/mobile/app/build/intermediates/incremental/debug/mergeDebugResources/merged.dir/values-hy/values-hy.xml to /home/fekerr/src/ingress-intel-total-conversion/mobile/app/build/intermediates/merged_res/debug/mergeDebugResources/values-hy_values-hy.arsc.flat
Compiling XML table /home/fekerr/src/ingress-intel-total-conversion/mobile/app/build/intermediates/incremental/debug/mergeDebugResources/merged.dir/values-yo/values-yo.xml to /home/fekerr/src/ingress-intel-total-conversion/mobile/app/build/intermediates/merged_res/debug/mergeDebugResources/values-yo_values-yo.arsc.flat
Compiling XML table /home/fekerr/src/ingress-intel-total-conversion/mobile/app/build/intermediates/incremental/debug/mergeDebugResources/merged.dir/values-v16/values-v16.xml to /home/fekerr/src/ingress-intel-total-conversion/mobile/app/build/intermediates/merged_res/debug/mergeDebugResources/values-v16_values-v16.arsc.flat
Compiling XML table /home/fekerr/src/ingress-intel-total-conversion/mobile/app/build/intermediates/incremental/debug/mergeDebugResources/merged.dir/values-v18/values-v18.xml to /home/fekerr/src/ingress-intel-total-conversion/mobile/app/build/intermediates/merged_res/debug/mergeDebugResources/values-v18_values-v18.arsc.flat
Compiling XML table /home/fekerr/src/ingress-intel-total-conversion/mobile/app/build/intermediates/incremental/debug/mergeDebugResources/merged.dir/values-v17/values-v17.xml to /home/fekerr/src/ingress-intel-total-conversion/mobile/app/build/intermediates/merged_res/debug/mergeDebugResources/values-v17_values-v17.arsc.flat
Compiling XML table /home/fekerr/src/ingress-intel-total-conversion/mobile/app/build/intermediates/incremental/debug/mergeDebugResources/merged.dir/values-iw/values-iw.xml to /home/fekerr/src/ingress-intel-total-conversion/mobile/app/build/intermediates/merged_res/debug/mergeDebugResources/values-iw_values-iw.arsc.flat
Compiling XML table /home/fekerr/src/ingress-intel-total-conversion/mobile/app/build/intermediates/incremental/debug/mergeDebugResources/merged.dir/values-b+sr+Latn/values-b+sr+Latn.xml to /home/fekerr/src/ingress-intel-total-conversion/mobile/app/build/intermediates/merged_res/debug/mergeDebugResources/values-b+sr+Latn_values-b+sr+Latn.arsc.flat
Compiling XML table /home/fekerr/src/ingress-intel-total-conversion/mobile/app/build/intermediates/incremental/debug/mergeDebugResources/merged.dir/values-is/values-is.xml to /home/fekerr/src/ingress-intel-total-conversion/mobile/app/build/intermediates/merged_res/debug/mergeDebugResources/values-is_values-is.arsc.flat
Compiling XML table /home/fekerr/src/ingress-intel-total-conversion/mobile/app/build/intermediates/incremental/debug/mergeDebugResources/merged.dir/values-nb-rNO/values-nb-rNO.xml to /home/fekerr/src/ingress-intel-total-conversion/mobile/app/build/intermediates/merged_res/debug/mergeDebugResources/values-nb-rNO_values-nb-rNO.arsc.flat
Compiling XML table /home/fekerr/src/ingress-intel-total-conversion/mobile/app/build/intermediates/incremental/debug/mergeDebugResources/merged.dir/values-am/values-am.xml to /home/fekerr/src/ingress-intel-total-conversion/mobile/app/build/intermediates/merged_res/debug/mergeDebugResources/values-am_values-am.arsc.flat
Compiling XML table /home/fekerr/src/ingress-intel-total-conversion/mobile/app/build/intermediates/incremental/debug/mergeDebugResources/merged.dir/values-zh-rHK/values-zh-rHK.xml to /home/fekerr/src/ingress-intel-total-conversion/mobile/app/build/intermediates/merged_res/debug/mergeDebugResources/values-zh-rHK_values-zh-rHK.arsc.flat
Compiling XML table /home/fekerr/src/ingress-intel-total-conversion/mobile/app/build/intermediates/incremental/debug/mergeDebugResources/merged.dir/values-in/values-in.xml to /home/fekerr/src/ingress-intel-total-conversion/mobile/app/build/intermediates/merged_res/debug/mergeDebugResources/values-in_values-in.arsc.flat
Compiling XML table /home/fekerr/src/ingress-intel-total-conversion/mobile/app/build/intermediates/incremental/debug/mergeDebugResources/merged.dir/values-it/values-it.xml to /home/fekerr/src/ingress-intel-total-conversion/mobile/app/build/intermediates/merged_res/debug/mergeDebugResources/values-it_values-it.arsc.flat
Compiling XML table /home/fekerr/src/ingress-intel-total-conversion/mobile/app/build/intermediates/incremental/debug/mergeDebugResources/merged.dir/values-as/values-as.xml to /home/fekerr/src/ingress-intel-total-conversion/mobile/app/build/intermediates/merged_res/debug/mergeDebugResources/values-as_values-as.arsc.flat
Compiling XML table /home/fekerr/src/ingress-intel-total-conversion/mobile/app/build/intermediates/incremental/debug/mergeDebugResources/merged.dir/values-ar/values-ar.xml to /home/fekerr/src/ingress-intel-total-conversion/mobile/app/build/intermediates/merged_res/debug/mergeDebugResources/values-ar_values-ar.arsc.flat
Compiling XML table /home/fekerr/src/ingress-intel-total-conversion/mobile/app/build/intermediates/incremental/debug/mergeDebugResources/merged.dir/values-pt-rPT/values-pt-rPT.xml to /home/fekerr/src/ingress-intel-total-conversion/mobile/app/build/intermediates/merged_res/debug/mergeDebugResources/values-pt-rPT_values-pt-rPT.arsc.flat
Compiling XML table /home/fekerr/src/ingress-intel-total-conversion/mobile/app/build/intermediates/incremental/debug/mergeDebugResources/merged.dir/values-af/values-af.xml to /home/fekerr/src/ingress-intel-total-conversion/mobile/app/build/intermediates/merged_res/debug/mergeDebugResources/values-af_values-af.arsc.flat
Compiling XML table /home/fekerr/src/ingress-intel-total-conversion/mobile/app/build/intermediates/incremental/debug/mergeDebugResources/merged.dir/values-ja/values-ja.xml to /home/fekerr/src/ingress-intel-total-conversion/mobile/app/build/intermediates/merged_res/debug/mergeDebugResources/values-ja_values-ja.arsc.flat
Compiling XML table /home/fekerr/src/ingress-intel-total-conversion/mobile/app/build/intermediates/incremental/debug/mergeDebugResources/merged.dir/values-zu/values-zu.xml to /home/fekerr/src/ingress-intel-total-conversion/mobile/app/build/intermediates/merged_res/debug/mergeDebugResources/values-zu_values-zu.arsc.flat
Compiling XML table /home/fekerr/src/ingress-intel-total-conversion/mobile/app/build/intermediates/incremental/debug/mergeDebugResources/merged.dir/values-v25/values-v25.xml to /home/fekerr/src/ingress-intel-total-conversion/mobile/app/build/intermediates/merged_res/debug/mergeDebugResources/values-v25_values-v25.arsc.flat
Compiling XML table /home/fekerr/src/ingress-intel-total-conversion/mobile/app/build/intermediates/incremental/debug/mergeDebugResources/merged.dir/values-v24/values-v24.xml to /home/fekerr/src/ingress-intel-total-conversion/mobile/app/build/intermediates/merged_res/debug/mergeDebugResources/values-v24_values-v24.arsc.flat
Compiling XML table /home/fekerr/src/ingress-intel-total-conversion/mobile/app/build/intermediates/incremental/debug/mergeDebugResources/merged.dir/values-v26/values-v26.xml to /home/fekerr/src/ingress-intel-total-conversion/mobile/app/build/intermediates/merged_res/debug/mergeDebugResources/values-v26_values-v26.arsc.flat
Compiling XML table /home/fekerr/src/ingress-intel-total-conversion/mobile/app/build/intermediates/incremental/debug/mergeDebugResources/merged.dir/values-bs/values-bs.xml to /home/fekerr/src/ingress-intel-total-conversion/mobile/app/build/intermediates/merged_res/debug/mergeDebugResources/values-bs_values-bs.arsc.flat
Compiling XML table /home/fekerr/src/ingress-intel-total-conversion/mobile/app/build/intermediates/incremental/debug/mergeDebugResources/merged.dir/values-ro/values-ro.xml to /home/fekerr/src/ingress-intel-total-conversion/mobile/app/build/intermediates/merged_res/debug/mergeDebugResources/values-ro_values-ro.arsc.flat
Compiling XML table /home/fekerr/src/ingress-intel-total-conversion/mobile/app/build/intermediates/incremental/debug/mergeDebugResources/merged.dir/values-v22/values-v22.xml to /home/fekerr/src/ingress-intel-total-conversion/mobile/app/build/intermediates/merged_res/debug/mergeDebugResources/values-v22_values-v22.arsc.flat
Compiling XML table /home/fekerr/src/ingress-intel-total-conversion/mobile/app/build/intermediates/incremental/debug/mergeDebugResources/merged.dir/values-v23/values-v23.xml to /home/fekerr/src/ingress-intel-total-conversion/mobile/app/build/intermediates/merged_res/debug/mergeDebugResources/values-v23_values-v23.arsc.flat
Compiling XML table /home/fekerr/src/ingress-intel-total-conversion/mobile/app/build/intermediates/incremental/debug/mergeDebugResources/merged.dir/values-si/values-si.xml to /home/fekerr/src/ingress-intel-total-conversion/mobile/app/build/intermediates/merged_res/debug/mergeDebugResources/values-si_values-si.arsc.flat
Compiling XML table /home/fekerr/src/ingress-intel-total-conversion/mobile/app/build/intermediates/incremental/debug/mergeDebugResources/merged.dir/values-bn-rIN/values-bn-rIN.xml to /home/fekerr/src/ingress-intel-total-conversion/mobile/app/build/intermediates/merged_res/debug/mergeDebugResources/values-bn-rIN_values-bn-rIN.arsc.flat
Compiling XML table /home/fekerr/src/ingress-intel-total-conversion/mobile/app/build/intermediates/incremental/debug/mergeDebugResources/merged.dir/values-kn/values-kn.xml to /home/fekerr/src/ingress-intel-total-conversion/mobile/app/build/intermediates/merged_res/debug/mergeDebugResources/values-kn_values-kn.arsc.flat
Compiling XML table /home/fekerr/src/ingress-intel-total-conversion/mobile/app/build/intermediates/incremental/debug/mergeDebugResources/merged.dir/values-bg/values-bg.xml to /home/fekerr/src/ingress-intel-total-conversion/mobile/app/build/intermediates/merged_res/debug/mergeDebugResources/values-bg_values-bg.arsc.flat
Compiling XML table /home/fekerr/src/ingress-intel-total-conversion/mobile/app/build/intermediates/incremental/debug/mergeDebugResources/merged.dir/values-km/values-km.xml to /home/fekerr/src/ingress-intel-total-conversion/mobile/app/build/intermediates/merged_res/debug/mergeDebugResources/values-km_values-km.arsc.flat
Compiling XML table /home/fekerr/src/ingress-intel-total-conversion/mobile/app/build/intermediates/incremental/debug/mergeDebugResources/merged.dir/values-be/values-be.xml to /home/fekerr/src/ingress-intel-total-conversion/mobile/app/build/intermediates/merged_res/debug/mergeDebugResources/values-be_values-be.arsc.flat
Compiling XML table /home/fekerr/src/ingress-intel-total-conversion/mobile/app/build/intermediates/incremental/debug/mergeDebugResources/merged.dir/values-kk/values-kk.xml to /home/fekerr/src/ingress-intel-total-conversion/mobile/app/build/intermediates/merged_res/debug/mergeDebugResources/values-kk_values-kk.arsc.flat
Compiling XML table /home/fekerr/src/ingress-intel-total-conversion/mobile/app/build/intermediates/incremental/debug/mergeDebugResources/merged.dir/values-uk-rUA/values-uk-rUA.xml to /home/fekerr/src/ingress-intel-total-conversion/mobile/app/build/intermediates/merged_res/debug/mergeDebugResources/values-uk-rUA_values-uk-rUA.arsc.flat
Compiling XML table /home/fekerr/src/ingress-intel-total-conversion/mobile/app/build/intermediates/incremental/debug/mergeDebugResources/merged.dir/values-sk/values-sk.xml to /home/fekerr/src/ingress-intel-total-conversion/mobile/app/build/intermediates/merged_res/debug/mergeDebugResources/values-sk_values-sk.arsc.flat
Compiling XML table /home/fekerr/src/ingress-intel-total-conversion/mobile/app/build/intermediates/incremental/debug/mergeDebugResources/merged.dir/values-en-rAU/values-en-rAU.xml to /home/fekerr/src/ingress-intel-total-conversion/mobile/app/build/intermediates/merged_res/debug/mergeDebugResources/values-en-rAU_values-en-rAU.arsc.flat
Compiling XML table /home/fekerr/src/ingress-intel-total-conversion/mobile/app/build/intermediates/incremental/debug/mergeDebugResources/merged.dir/values-es-rUS/values-es-rUS.xml to /home/fekerr/src/ingress-intel-total-conversion/mobile/app/build/intermediates/merged_res/debug/mergeDebugResources/values-es-rUS_values-es-rUS.arsc.flat
Compiling XML table /home/fekerr/src/ingress-intel-total-conversion/mobile/app/build/intermediates/incremental/debug/mergeDebugResources/merged.dir/values-ka/values-ka.xml to /home/fekerr/src/ingress-intel-total-conversion/mobile/app/build/intermediates/merged_res/debug/mergeDebugResources/values-ka_values-ka.arsc.flat
Compiling XML table /home/fekerr/src/ingress-intel-total-conversion/mobile/app/build/intermediates/incremental/debug/mergeDebugResources/merged.dir/values-te/values-te.xml to /home/fekerr/src/ingress-intel-total-conversion/mobile/app/build/intermediates/merged_res/debug/mergeDebugResources/values-te_values-te.arsc.flat
Compiling XML table /home/fekerr/src/ingress-intel-total-conversion/mobile/app/build/intermediates/incremental/debug/mergeDebugResources/merged.dir/values-th/values-th.xml to /home/fekerr/src/ingress-intel-total-conversion/mobile/app/build/intermediates/merged_res/debug/mergeDebugResources/values-th_values-th.arsc.flat
Compiling XML table /home/fekerr/src/ingress-intel-total-conversion/mobile/app/build/intermediates/incremental/debug/mergeDebugResources/merged.dir/values-ta/values-ta.xml to /home/fekerr/src/ingress-intel-total-conversion/mobile/app/build/intermediates/merged_res/debug/mergeDebugResources/values-ta_values-ta.arsc.flat
Compiling XML table /home/fekerr/src/ingress-intel-total-conversion/mobile/app/build/intermediates/incremental/debug/mergeDebugResources/merged.dir/values-xlarge-v4/values-xlarge-v4.xml to /home/fekerr/src/ingress-intel-total-conversion/mobile/app/build/intermediates/merged_res/debug/mergeDebugResources/values-xlarge-v4_values-xlarge-v4.arsc.flat
Compiling XML table /home/fekerr/src/ingress-intel-total-conversion/mobile/app/build/intermediates/incremental/debug/mergeDebugResources/merged.dir/values-ml/values-ml.xml to /home/fekerr/src/ingress-intel-total-conversion/mobile/app/build/intermediates/merged_res/debug/mergeDebugResources/values-ml_values-ml.arsc.flat
Compiling XML table /home/fekerr/src/ingress-intel-total-conversion/mobile/app/build/intermediates/incremental/debug/mergeDebugResources/merged.dir/values-sw/values-sw.xml to /home/fekerr/src/ingress-intel-total-conversion/mobile/app/build/intermediates/merged_res/debug/mergeDebugResources/values-sw_values-sw.arsc.flat
Compiling XML table /home/fekerr/src/ingress-intel-total-conversion/mobile/app/build/intermediates/incremental/debug/mergeDebugResources/merged.dir/values-sw600dp-v13/values-sw600dp-v13.xml to /home/fekerr/src/ingress-intel-total-conversion/mobile/app/build/intermediates/merged_res/debug/mergeDebugResources/values-sw600dp-v13_values-sw600dp-v13.arsc.flat
Compiling XML table /home/fekerr/src/ingress-intel-total-conversion/mobile/app/build/intermediates/incremental/debug/mergeDebugResources/merged.dir/values-de/values-de.xml to /home/fekerr/src/ingress-intel-total-conversion/mobile/app/build/intermediates/merged_res/debug/mergeDebugResources/values-de_values-de.arsc.flat
Compiling XML table /home/fekerr/src/ingress-intel-total-conversion/mobile/app/build/intermediates/incremental/debug/mergeDebugResources/merged.dir/values-uz/values-uz.xml to /home/fekerr/src/ingress-intel-total-conversion/mobile/app/build/intermediates/merged_res/debug/mergeDebugResources/values-uz_values-uz.arsc.flat
Compiling XML table /home/fekerr/src/ingress-intel-total-conversion/mobile/app/build/intermediates/incremental/debug/mergeDebugResources/merged.dir/values-tr/values-tr.xml to /home/fekerr/src/ingress-intel-total-conversion/mobile/app/build/intermediates/merged_res/debug/mergeDebugResources/values-tr_values-tr.arsc.flat
Compiling XML table /home/fekerr/src/ingress-intel-total-conversion/mobile/app/build/intermediates/incremental/debug/mergeDebugResources/merged.dir/values-ca/values-ca.xml to /home/fekerr/src/ingress-intel-total-conversion/mobile/app/build/intermediates/merged_res/debug/mergeDebugResources/values-ca_values-ca.arsc.flat
Compiling XML table /home/fekerr/src/ingress-intel-total-conversion/mobile/app/build/intermediates/incremental/debug/mergeDebugResources/merged.dir/values-eu/values-eu.xml to /home/fekerr/src/ingress-intel-total-conversion/mobile/app/build/intermediates/merged_res/debug/mergeDebugResources/values-eu_values-eu.arsc.flat
Compiling XML table /home/fekerr/src/ingress-intel-total-conversion/mobile/app/build/intermediates/incremental/debug/mergeDebugResources/merged.dir/values-az/values-az.xml to /home/fekerr/src/ingress-intel-total-conversion/mobile/app/build/intermediates/merged_res/debug/mergeDebugResources/values-az_values-az.arsc.flat
Compiling XML table /home/fekerr/src/ingress-intel-total-conversion/mobile/app/build/intermediates/incremental/debug/mergeDebugResources/merged.dir/values-uk/values-uk.xml to /home/fekerr/src/ingress-intel-total-conversion/mobile/app/build/intermediates/merged_res/debug/mergeDebugResources/values-uk_values-uk.arsc.flat
Compiling XML table /home/fekerr/src/ingress-intel-total-conversion/mobile/app/build/intermediates/incremental/debug/mergeDebugResources/merged.dir/values-port/values-port.xml to /home/fekerr/src/ingress-intel-total-conversion/mobile/app/build/intermediates/merged_res/debug/mergeDebugResources/values-port_values-port.arsc.flat
Compiling XML table /home/fekerr/src/ingress-intel-total-conversion/mobile/app/build/intermediates/incremental/debug/mergeDebugResources/merged.dir/values-en-rGB/values-en-rGB.xml to /home/fekerr/src/ingress-intel-total-conversion/mobile/app/build/intermediates/merged_res/debug/mergeDebugResources/values-en-rGB_values-en-rGB.arsc.flat
Compiling XML table /home/fekerr/src/ingress-intel-total-conversion/mobile/app/build/intermediates/incremental/debug/mergeDebugResources/merged.dir/values-bn/values-bn.xml to /home/fekerr/src/ingress-intel-total-conversion/mobile/app/build/intermediates/merged_res/debug/mergeDebugResources/values-bn_values-bn.arsc.flat
Compiling XML table /home/fekerr/src/ingress-intel-total-conversion/mobile/app/build/intermediates/incremental/debug/mergeDebugResources/merged.dir/values-en-rCA/values-en-rCA.xml to /home/fekerr/src/ingress-intel-total-conversion/mobile/app/build/intermediates/merged_res/debug/mergeDebugResources/values-en-rCA_values-en-rCA.arsc.flat
Compiling image file /home/fekerr/src/ingress-intel-total-conversion/mobile/app/src/main/res/drawable-mdpi/ic_action_save.png
Compiling XML table /home/fekerr/src/ingress-intel-total-conversion/mobile/app/build/intermediates/incremental/debug/mergeDebugResources/merged.dir/values-fr/values-fr.xml to /home/fekerr/src/ingress-intel-total-conversion/mobile/app/build/intermediates/merged_res/debug/mergeDebugResources/values-fr_values-fr.arsc.flat
Compiling XML table /home/fekerr/src/ingress-intel-total-conversion/mobile/app/build/intermediates/incremental/debug/mergeDebugResources/merged.dir/values-sv/values-sv.xml to /home/fekerr/src/ingress-intel-total-conversion/mobile/app/build/intermediates/merged_res/debug/mergeDebugResources/values-sv_values-sv.arsc.flat
Compiling file /home/fekerr/src/ingress-intel-total-conversion/mobile/app/src/main/res/drawable-mdpi/ic_action_save.png to /home/fekerr/src/ingress-intel-total-conversion/mobile/app/build/intermediates/merged_res/debug/mergeDebugResources/drawable-mdpi_ic_action_save.png.flat
Compiling XML table /home/fekerr/src/ingress-intel-total-conversion/mobile/app/build/intermediates/incremental/debug/mergeDebugResources/merged.dir/values-sq/values-sq.xml to /home/fekerr/src/ingress-intel-total-conversion/mobile/app/build/intermediates/merged_res/debug/mergeDebugResources/values-sq_values-sq.arsc.flat
Compiling XML table /home/fekerr/src/ingress-intel-total-conversion/mobile/app/build/intermediates/incremental/debug/mergeDebugResources/merged.dir/values-ko/values-ko.xml to /home/fekerr/src/ingress-intel-total-conversion/mobile/app/build/intermediates/merged_res/debug/mergeDebugResources/values-ko_values-ko.arsc.flat
Compiling XML table /home/fekerr/src/ingress-intel-total-conversion/mobile/app/build/intermediates/incremental/debug/mergeDebugResources/merged.dir/values-mr/values-mr.xml to /home/fekerr/src/ingress-intel-total-conversion/mobile/app/build/intermediates/merged_res/debug/mergeDebugResources/values-mr_values-mr.arsc.flat
Compiling XML table /home/fekerr/src/ingress-intel-total-conversion/mobile/app/build/intermediates/incremental/debug/mergeDebugResources/merged.dir/values-ky/values-ky.xml to /home/fekerr/src/ingress-intel-total-conversion/mobile/app/build/intermediates/merged_res/debug/mergeDebugResources/values-ky_values-ky.arsc.flat
Compiling XML table /home/fekerr/src/ingress-intel-total-conversion/mobile/app/build/intermediates/incremental/debug/mergeDebugResources/merged.dir/values-cs/values-cs.xml to /home/fekerr/src/ingress-intel-total-conversion/mobile/app/build/intermediates/merged_res/debug/mergeDebugResources/values-cs_values-cs.arsc.flat
Compiling XML table /home/fekerr/src/ingress-intel-total-conversion/mobile/app/build/intermediates/incremental/debug/mergeDebugResources/merged.dir/values-night-v8/values-night-v8.xml to /home/fekerr/src/ingress-intel-total-conversion/mobile/app/build/intermediates/merged_res/debug/mergeDebugResources/values-night-v8_values-night-v8.arsc.flat
Compiling XML table /home/fekerr/src/ingress-intel-total-conversion/mobile/app/build/intermediates/incremental/debug/mergeDebugResources/merged.dir/values-ur/values-ur.xml to /home/fekerr/src/ingress-intel-total-conversion/mobile/app/build/intermediates/merged_res/debug/mergeDebugResources/values-ur_values-ur.arsc.flat
Compiling XML table /home/fekerr/src/ingress-intel-total-conversion/mobile/app/build/intermediates/incremental/debug/mergeDebugResources/merged.dir/values-ru/values-ru.xml to /home/fekerr/src/ingress-intel-total-conversion/mobile/app/build/intermediates/merged_res/debug/mergeDebugResources/values-ru_values-ru.arsc.flat
Compiling XML table /home/fekerr/src/ingress-intel-total-conversion/mobile/app/build/intermediates/incremental/debug/mergeDebugResources/merged.dir/values-lt/values-lt.xml to /home/fekerr/src/ingress-intel-total-conversion/mobile/app/build/intermediates/merged_res/debug/mergeDebugResources/values-lt_values-lt.arsc.flat
Compiling XML table /home/fekerr/src/ingress-intel-total-conversion/mobile/app/build/intermediates/incremental/debug/mergeDebugResources/merged.dir/values-land/values-land.xml to /home/fekerr/src/ingress-intel-total-conversion/mobile/app/build/intermediates/merged_res/debug/mergeDebugResources/values-land_values-land.arsc.flat
Compiling image file /home/fekerr/src/ingress-intel-total-conversion/mobile/app/src/main/res/drawable-xxhdpi/ic_action_view_as_list_compact.png
Compiling file /home/fekerr/src/ingress-intel-total-conversion/mobile/app/src/main/res/drawable-xxhdpi/ic_action_view_as_list_compact.png to /home/fekerr/src/ingress-intel-total-conversion/mobile/app/build/intermediates/merged_res/debug/mergeDebugResources/drawable-xxhdpi_ic_action_view_as_list_compact.png.flat
Compiling XML table /home/fekerr/src/ingress-intel-total-conversion/mobile/app/build/intermediates/incremental/debug/mergeDebugResources/merged.dir/values-fr-rCA/values-fr-rCA.xml to /home/fekerr/src/ingress-intel-total-conversion/mobile/app/build/intermediates/merged_res/debug/mergeDebugResources/values-fr-rCA_values-fr-rCA.arsc.flat
Compiling XML table /home/fekerr/src/ingress-intel-total-conversion/mobile/app/build/intermediates/incremental/debug/mergeDebugResources/merged.dir/values-tl/values-tl.xml to /home/fekerr/src/ingress-intel-total-conversion/mobile/app/build/intermediates/merged_res/debug/mergeDebugResources/values-tl_values-tl.arsc.flat
Compiling XML table /home/fekerr/src/ingress-intel-total-conversion/mobile/app/build/intermediates/incremental/debug/mergeDebugResources/merged.dir/values-es/values-es.xml to /home/fekerr/src/ingress-intel-total-conversion/mobile/app/build/intermediates/merged_res/debug/mergeDebugResources/values-es_values-es.arsc.flat
Compiling XML table /home/fekerr/src/ingress-intel-total-conversion/mobile/app/build/intermediates/incremental/debug/mergeDebugResources/merged.dir/values-my/values-my.xml to /home/fekerr/src/ingress-intel-total-conversion/mobile/app/build/intermediates/merged_res/debug/mergeDebugResources/values-my_values-my.arsc.flat
Compiling XML table /home/fekerr/src/ingress-intel-total-conversion/mobile/app/build/intermediates/incremental/debug/mergeDebugResources/merged.dir/values-el/values-el.xml to /home/fekerr/src/ingress-intel-total-conversion/mobile/app/build/intermediates/merged_res/debug/mergeDebugResources/values-el_values-el.arsc.flat
Compiling XML table /home/fekerr/src/ingress-intel-total-conversion/mobile/app/build/intermediates/incremental/debug/mergeDebugResources/merged.dir/values-mk/values-mk.xml to /home/fekerr/src/ingress-intel-total-conversion/mobile/app/build/intermediates/merged_res/debug/mergeDebugResources/values-mk_values-mk.arsc.flat
Compiling XML table /home/fekerr/src/ingress-intel-total-conversion/mobile/app/build/intermediates/incremental/debug/mergeDebugResources/merged.dir/values-nb/values-nb.xml to /home/fekerr/src/ingress-intel-total-conversion/mobile/app/build/intermediates/merged_res/debug/mergeDebugResources/values-nb_values-nb.arsc.flat
Compiling XML table /home/fekerr/src/ingress-intel-total-conversion/mobile/app/build/intermediates/incremental/debug/mergeDebugResources/merged.dir/values-no/values-no.xml to /home/fekerr/src/ingress-intel-total-conversion/mobile/app/build/intermediates/merged_res/debug/mergeDebugResources/values-no_values-no.arsc.flat
Compiling XML table /home/fekerr/src/ingress-intel-total-conversion/mobile/app/build/intermediates/incremental/debug/mergeDebugResources/merged.dir/values-pa/values-pa.xml to /home/fekerr/src/ingress-intel-total-conversion/mobile/app/build/intermediates/merged_res/debug/mergeDebugResources/values-pa_values-pa.arsc.flat
Compiling XML table /home/fekerr/src/ingress-intel-total-conversion/mobile/app/build/intermediates/incremental/debug/mergeDebugResources/merged.dir/values-et/values-et.xml to /home/fekerr/src/ingress-intel-total-conversion/mobile/app/build/intermediates/merged_res/debug/mergeDebugResources/values-et_values-et.arsc.flat
Compiling XML table /home/fekerr/src/ingress-intel-total-conversion/mobile/app/build/intermediates/incremental/debug/mergeDebugResources/merged.dir/values-hdpi-v4/values-hdpi-v4.xml to /home/fekerr/src/ingress-intel-total-conversion/mobile/app/build/intermediates/merged_res/debug/mergeDebugResources/values-hdpi-v4_values-hdpi-v4.arsc.flat
Compiling XML table /home/fekerr/src/ingress-intel-total-conversion/mobile/app/build/intermediates/incremental/debug/mergeDebugResources/merged.dir/values-en-rXC/values-en-rXC.xml to /home/fekerr/src/ingress-intel-total-conversion/mobile/app/build/intermediates/merged_res/debug/mergeDebugResources/values-en-rXC_values-en-rXC.arsc.flat
Compiling image file /home/fekerr/src/ingress-intel-total-conversion/mobile/app/src/main/res/drawable-hdpi/ic_action_save.png
Compiling file /home/fekerr/src/ingress-intel-total-conversion/mobile/app/src/main/res/drawable-hdpi/ic_action_save.png to /home/fekerr/src/ingress-intel-total-conversion/mobile/app/build/intermediates/merged_res/debug/mergeDebugResources/drawable-hdpi_ic_action_save.png.flat
Compiling XML table /home/fekerr/src/ingress-intel-total-conversion/mobile/app/build/intermediates/incremental/debug/mergeDebugResources/merged.dir/values-sr/values-sr.xml to /home/fekerr/src/ingress-intel-total-conversion/mobile/app/build/intermediates/merged_res/debug/mergeDebugResources/values-sr_values-sr.arsc.flat
Compiling xml file /home/fekerr/src/ingress-intel-total-conversion/mobile/app/src/main/res/layout/intro_navigation.xml to /home/fekerr/src/ingress-intel-total-conversion/mobile/app/build/intermediates/merged_res/debug/mergeDebugResources/layout_intro_navigation.xml.flat
Compiling image file /home/fekerr/src/ingress-intel-total-conversion/mobile/app/src/main/res/drawable-mdpi/ic_action_warning.png
Compiling file /home/fekerr/src/ingress-intel-total-conversion/mobile/app/src/main/res/drawable-mdpi/ic_action_warning.png to /home/fekerr/src/ingress-intel-total-conversion/mobile/app/build/intermediates/merged_res/debug/mergeDebugResources/drawable-mdpi_ic_action_warning.png.flat
Compiling XML table /home/fekerr/src/ingress-intel-total-conversion/mobile/app/build/intermediates/incremental/debug/mergeDebugResources/merged.dir/values-he/values-he.xml to /home/fekerr/src/ingress-intel-total-conversion/mobile/app/build/intermediates/merged_res/debug/mergeDebugResources/values-he_values-he.arsc.flat
Compiling XML table /home/fekerr/src/ingress-intel-total-conversion/mobile/app/build/intermediates/incremental/debug/mergeDebugResources/merged.dir/values-sw720dp-land-v13/values-sw720dp-land-v13.xml to /home/fekerr/src/ingress-intel-total-conversion/mobile/app/build/intermediates/merged_res/debug/mergeDebugResources/values-sw720dp-land-v13_values-sw720dp-land-v13.arsc.flat
Compiling XML table /home/fekerr/src/ingress-intel-total-conversion/mobile/app/build/intermediates/incremental/debug/mergeDebugResources/merged.dir/values-da/values-da.xml to /home/fekerr/src/ingress-intel-total-conversion/mobile/app/build/intermediates/merged_res/debug/mergeDebugResources/values-da_values-da.arsc.flat
Compiling XML table /home/fekerr/src/ingress-intel-total-conversion/mobile/app/build/intermediates/incremental/debug/mergeDebugResources/merged.dir/values-h720dp-v13/values-h720dp-v13.xml to /home/fekerr/src/ingress-intel-total-conversion/mobile/app/build/intermediates/merged_res/debug/mergeDebugResources/values-h720dp-v13_values-h720dp-v13.arsc.flat
Compiling XML table /home/fekerr/src/ingress-intel-total-conversion/mobile/app/build/intermediates/incremental/debug/mergeDebugResources/merged.dir/values-fi/values-fi.xml to /home/fekerr/src/ingress-intel-total-conversion/mobile/app/build/intermediates/merged_res/debug/mergeDebugResources/values-fi_values-fi.arsc.flat
Compiling image file /home/fekerr/src/ingress-intel-total-conversion/mobile/app/src/main/res/drawable-hdpi/ic_action_place.png
Compiling file /home/fekerr/src/ingress-intel-total-conversion/mobile/app/src/main/res/drawable-hdpi/ic_action_place.png to /home/fekerr/src/ingress-intel-total-conversion/mobile/app/build/intermediates/merged_res/debug/mergeDebugResources/drawable-hdpi_ic_action_place.png.flat
Compiling file /home/fekerr/src/ingress-intel-total-conversion/mobile/app/src/main/res/drawable-xxhdpi/appintro_layers.webp to /home/fekerr/src/ingress-intel-total-conversion/mobile/app/build/intermediates/merged_res/debug/mergeDebugResources/drawable-xxhdpi_appintro_layers.webp.flat
Compiling XML table /home/fekerr/src/ingress-intel-total-conversion/mobile/app/build/intermediates/incremental/debug/mergeDebugResources/merged.dir/values-en-rIN/values-en-rIN.xml to /home/fekerr/src/ingress-intel-total-conversion/mobile/app/build/intermediates/merged_res/debug/mergeDebugResources/values-en-rIN_values-en-rIN.arsc.flat
Compiling XML table /home/fekerr/src/ingress-intel-total-conversion/mobile/app/build/intermediates/incremental/debug/mergeDebugResources/merged.dir/values-fa/values-fa.xml to /home/fekerr/src/ingress-intel-total-conversion/mobile/app/build/intermediates/merged_res/debug/mergeDebugResources/values-fa_values-fa.arsc.flat
Compiling image file /home/fekerr/src/ingress-intel-total-conversion/mobile/app/src/main/res/drawable-hdpi/ic_action_full_screen.png
Compiling file /home/fekerr/src/ingress-intel-total-conversion/mobile/app/src/main/res/drawable-hdpi/ic_action_full_screen.png to /home/fekerr/src/ingress-intel-total-conversion/mobile/app/build/intermediates/merged_res/debug/mergeDebugResources/drawable-hdpi_ic_action_full_screen.png.flat
Compiling xml file /home/fekerr/src/ingress-intel-total-conversion/mobile/app/src/main/res/menu/plugins.xml to /home/fekerr/src/ingress-intel-total-conversion/mobile/app/build/intermediates/merged_res/debug/mergeDebugResources/menu_plugins.xml.flat
Compiling image file /home/fekerr/src/ingress-intel-total-conversion/mobile/app/src/main/res/drawable-hdpi/ic_action_data_usage.png
Compiling file /home/fekerr/src/ingress-intel-total-conversion/mobile/app/src/main/res/drawable-hdpi/ic_action_data_usage.png to /home/fekerr/src/ingress-intel-total-conversion/mobile/app/build/intermediates/merged_res/debug/mergeDebugResources/drawable-hdpi_ic_action_data_usage.png.flat
Compiling image file /home/fekerr/src/ingress-intel-total-conversion/mobile/app/src/main/res/drawable-xxhdpi/ic_action_copy.png
Compiling file /home/fekerr/src/ingress-intel-total-conversion/mobile/app/src/main/res/drawable-xxhdpi/ic_action_copy.png to /home/fekerr/src/ingress-intel-total-conversion/mobile/app/build/intermediates/merged_res/debug/mergeDebugResources/drawable-xxhdpi_ic_action_copy.png.flat
Compiling image file /home/fekerr/src/ingress-intel-total-conversion/mobile/app/src/main/res/drawable-xhdpi/ic_action_location_found.png
Compiling file /home/fekerr/src/ingress-intel-total-conversion/mobile/app/src/main/res/drawable-xhdpi/ic_action_location_found.png to /home/fekerr/src/ingress-intel-total-conversion/mobile/app/build/intermediates/merged_res/debug/mergeDebugResources/drawable-xhdpi_ic_action_location_found.png.flat
Compiling image file /home/fekerr/src/ingress-intel-total-conversion/mobile/app/src/main/res/drawable-mdpi/ic_action_group.png
Compiling file /home/fekerr/src/ingress-intel-total-conversion/mobile/app/src/main/res/drawable-mdpi/ic_action_group.png to /home/fekerr/src/ingress-intel-total-conversion/mobile/app/build/intermediates/merged_res/debug/mergeDebugResources/drawable-mdpi_ic_action_group.png.flat
Compiling xml file /home/fekerr/src/ingress-intel-total-conversion/mobile/app/src/main/res/layout/activity_main.xml to /home/fekerr/src/ingress-intel-total-conversion/mobile/app/build/intermediates/merged_res/debug/mergeDebugResources/layout_activity_main.xml.flat
Compiling XML table /home/fekerr/src/ingress-intel-total-conversion/mobile/app/build/intermediates/incremental/debug/mergeDebugResources/merged.dir/values-gl/values-gl.xml to /home/fekerr/src/ingress-intel-total-conversion/mobile/app/build/intermediates/merged_res/debug/mergeDebugResources/values-gl_values-gl.arsc.flat
Compiling image file /home/fekerr/src/ingress-intel-total-conversion/mobile/app/src/main/res/drawable-mdpi/ic_missions.png
Compiling file /home/fekerr/src/ingress-intel-total-conversion/mobile/app/src/main/res/drawable-mdpi/ic_missions.png to /home/fekerr/src/ingress-intel-total-conversion/mobile/app/build/intermediates/merged_res/debug/mergeDebugResources/drawable-mdpi_ic_missions.png.flat
Compiling XML table /home/fekerr/src/ingress-intel-total-conversion/mobile/app/build/intermediates/incremental/debug/mergeDebugResources/merged.dir/values-vi-rVN/values-vi-rVN.xml to /home/fekerr/src/ingress-intel-total-conversion/mobile/app/build/intermediates/merged_res/debug/mergeDebugResources/values-vi-rVN_values-vi-rVN.arsc.flat
Compiling XML table /home/fekerr/src/ingress-intel-total-conversion/mobile/app/build/intermediates/incremental/debug/mergeDebugResources/merged.dir/values-lv/values-lv.xml to /home/fekerr/src/ingress-intel-total-conversion/mobile/app/build/intermediates/merged_res/debug/mergeDebugResources/values-lv_values-lv.arsc.flat
Compiling xml file /home/fekerr/src/ingress-intel-total-conversion/mobile/app/build/generated/res/pngs/debug/drawable-anydpi-v24/ic_iitcm_foreground.xml to /home/fekerr/src/ingress-intel-total-conversion/mobile/app/build/intermediates/merged_res/debug/mergeDebugResources/drawable-anydpi-v24_ic_iitcm_foreground.xml.flat
Compiling image file /home/fekerr/src/ingress-intel-total-conversion/mobile/app/src/main/res/drawable-xhdpi/ic_action_web_site.png
Compiling file /home/fekerr/src/ingress-intel-total-conversion/mobile/app/src/main/res/drawable-xhdpi/ic_action_web_site.png to /home/fekerr/src/ingress-intel-total-conversion/mobile/app/build/intermediates/merged_res/debug/mergeDebugResources/drawable-xhdpi_ic_action_web_site.png.flat
Compiling image file /home/fekerr/src/ingress-intel-total-conversion/mobile/app/src/main/res/drawable-xxhdpi/ic_action_warning.png
Compiling file /home/fekerr/src/ingress-intel-total-conversion/mobile/app/src/main/res/drawable-xxhdpi/ic_action_warning.png to /home/fekerr/src/ingress-intel-total-conversion/mobile/app/build/intermediates/merged_res/debug/mergeDebugResources/drawable-xxhdpi_ic_action_warning.png.flat
Compiling XML table /home/fekerr/src/ingress-intel-total-conversion/mobile/app/build/intermediates/incremental/debug/mergeDebugResources/merged.dir/values-mn/values-mn.xml to /home/fekerr/src/ingress-intel-total-conversion/mobile/app/build/intermediates/merged_res/debug/mergeDebugResources/values-mn_values-mn.arsc.flat
Compiling image file /home/fekerr/src/ingress-intel-total-conversion/mobile/app/src/main/res/drawable-hdpi/ic_action_search.png
Compiling file /home/fekerr/src/ingress-intel-total-conversion/mobile/app/src/main/res/drawable-hdpi/ic_action_search.png to /home/fekerr/src/ingress-intel-total-conversion/mobile/app/build/intermediates/merged_res/debug/mergeDebugResources/drawable-hdpi_ic_action_search.png.flat
Compiling image file /home/fekerr/src/ingress-intel-total-conversion/mobile/app/src/main/res/drawable-mdpi/ic_action_search.png
Compiling file /home/fekerr/src/ingress-intel-total-conversion/mobile/app/src/main/res/drawable-mdpi/ic_action_search.png to /home/fekerr/src/ingress-intel-total-conversion/mobile/app/build/intermediates/merged_res/debug/mergeDebugResources/drawable-mdpi_ic_action_search.png.flat
Compiling image file /home/fekerr/src/ingress-intel-total-conversion/mobile/app/src/main/res/drawable-xxhdpi/ic_action_location_found.png
Compiling file /home/fekerr/src/ingress-intel-total-conversion/mobile/app/src/main/res/drawable-xxhdpi/ic_action_location_found.png to /home/fekerr/src/ingress-intel-total-conversion/mobile/app/build/intermediates/merged_res/debug/mergeDebugResources/drawable-xxhdpi_ic_action_location_found.png.flat
Compiling XML table /home/fekerr/src/ingress-intel-total-conversion/mobile/app/build/intermediates/incremental/debug/mergeDebugResources/merged.dir/values-zh-rCN/values-zh-rCN.xml to /home/fekerr/src/ingress-intel-total-conversion/mobile/app/build/intermediates/merged_res/debug/mergeDebugResources/values-zh-rCN_values-zh-rCN.arsc.flat
Compiling XML table /home/fekerr/src/ingress-intel-total-conversion/mobile/app/build/intermediates/incremental/debug/mergeDebugResources/merged.dir/values-vi/values-vi.xml to /home/fekerr/src/ingress-intel-total-conversion/mobile/app/build/intermediates/merged_res/debug/mergeDebugResources/values-vi_values-vi.arsc.flat
Compiling image file /home/fekerr/src/ingress-intel-total-conversion/mobile/app/src/main/res/drawable-xxhdpi/ic_action_paste.png
Compiling file /home/fekerr/src/ingress-intel-total-conversion/mobile/app/src/main/res/drawable-xxhdpi/ic_action_paste.png to /home/fekerr/src/ingress-intel-total-conversion/mobile/app/build/intermediates/merged_res/debug/mergeDebugResources/drawable-xxhdpi_ic_action_paste.png.flat
Compiling xml file /home/fekerr/src/ingress-intel-total-conversion/mobile/app/src/main/res/layout/view_log_msg.xml to /home/fekerr/src/ingress-intel-total-conversion/mobile/app/build/intermediates/merged_res/debug/mergeDebugResources/layout_view_log_msg.xml.flat
Compiling XML table /home/fekerr/src/ingress-intel-total-conversion/mobile/app/build/intermediates/incremental/debug/mergeDebugResources/merged.dir/values-zh-rTW/values-zh-rTW.xml to /home/fekerr/src/ingress-intel-total-conversion/mobile/app/build/intermediates/merged_res/debug/mergeDebugResources/values-zh-rTW_values-zh-rTW.arsc.flat
Compiling XML table /home/fekerr/src/ingress-intel-total-conversion/mobile/app/build/intermediates/incremental/debug/mergeDebugResources/merged.dir/values-pl/values-pl.xml to /home/fekerr/src/ingress-intel-total-conversion/mobile/app/build/intermediates/merged_res/debug/mergeDebugResources/values-pl_values-pl.arsc.flat
Compiling xml file /home/fekerr/src/ingress-intel-total-conversion/mobile/app/src/main/res/layout/list_item_narrow.xml to /home/fekerr/src/ingress-intel-total-conversion/mobile/app/build/intermediates/merged_res/debug/mergeDebugResources/layout_list_item_narrow.xml.flat
Compiling image file /home/fekerr/src/ingress-intel-total-conversion/mobile/app/src/main/res/drawable-hdpi/ic_action_error.png
Compiling file /home/fekerr/src/ingress-intel-total-conversion/mobile/app/src/main/res/drawable-hdpi/ic_action_error.png to /home/fekerr/src/ingress-intel-total-conversion/mobile/app/build/intermediates/merged_res/debug/mergeDebugResources/drawable-hdpi_ic_action_error.png.flat
Compiling image file /home/fekerr/src/ingress-intel-total-conversion/mobile/app/src/main/res/drawable-xxhdpi/ic_action_warning_yellow.png
Compiling file /home/fekerr/src/ingress-intel-total-conversion/mobile/app/src/main/res/drawable-xxhdpi/ic_action_warning_yellow.png to /home/fekerr/src/ingress-intel-total-conversion/mobile/app/build/intermediates/merged_res/debug/mergeDebugResources/drawable-xxhdpi_ic_action_warning_yellow.png.flat
Compiling image file /home/fekerr/src/ingress-intel-total-conversion/mobile/app/src/main/res/drawable-hdpi/ic_action_location_found.png
Compiling file /home/fekerr/src/ingress-intel-total-conversion/mobile/app/src/main/res/drawable-hdpi/ic_action_location_found.png to /home/fekerr/src/ingress-intel-total-conversion/mobile/app/build/intermediates/merged_res/debug/mergeDebugResources/drawable-hdpi_ic_action_location_found.png.flat
Compiling image file /home/fekerr/src/ingress-intel-total-conversion/mobile/app/src/main/res/drawable-mdpi/ic_action_star.png
Compiling file /home/fekerr/src/ingress-intel-total-conversion/mobile/app/src/main/res/drawable-mdpi/ic_action_star.png to /home/fekerr/src/ingress-intel-total-conversion/mobile/app/build/intermediates/merged_res/debug/mergeDebugResources/drawable-mdpi_ic_action_star.png.flat
Compiling image file /home/fekerr/src/ingress-intel-total-conversion/mobile/app/src/main/res/drawable-mdpi/ic_action_location_found.png
Compiling file /home/fekerr/src/ingress-intel-total-conversion/mobile/app/src/main/res/drawable-mdpi/ic_action_location_found.png to /home/fekerr/src/ingress-intel-total-conversion/mobile/app/build/intermediates/merged_res/debug/mergeDebugResources/drawable-mdpi_ic_action_location_found.png.flat
Compiling xml file /home/fekerr/src/ingress-intel-total-conversion/mobile/app/src/main/res/layout/intro_nfc.xml to /home/fekerr/src/ingress-intel-total-conversion/mobile/app/build/intermediates/merged_res/debug/mergeDebugResources/layout_intro_nfc.xml.flat
Compiling XML table /home/fekerr/src/ingress-intel-total-conversion/mobile/app/build/intermediates/incremental/debug/mergeDebugResources/merged.dir/values-large-v4/values-large-v4.xml to /home/fekerr/src/ingress-intel-total-conversion/mobile/app/build/intermediates/merged_res/debug/mergeDebugResources/values-large-v4_values-large-v4.arsc.flat
Compiling image file /home/fekerr/src/ingress-intel-total-conversion/mobile/app/src/main/res/drawable-xhdpi/ic_action_location_follow.png
Compiling file /home/fekerr/src/ingress-intel-total-conversion/mobile/app/src/main/res/drawable-xhdpi/ic_action_location_follow.png to /home/fekerr/src/ingress-intel-total-conversion/mobile/app/build/intermediates/merged_res/debug/mergeDebugResources/drawable-xhdpi_ic_action_location_follow.png.flat
Compiling image file /home/fekerr/src/ingress-intel-total-conversion/mobile/app/src/main/res/drawable-xxhdpi/ic_action_new_event.png
Compiling file /home/fekerr/src/ingress-intel-total-conversion/mobile/app/src/main/res/drawable-xxhdpi/ic_action_new_event.png to /home/fekerr/src/ingress-intel-total-conversion/mobile/app/build/intermediates/merged_res/debug/mergeDebugResources/drawable-xxhdpi_ic_action_new_event.png.flat
Compiling image file /home/fekerr/src/ingress-intel-total-conversion/mobile/app/src/main/res/drawable-hdpi/ic_action_view_as_list_compact.png
Compiling file /home/fekerr/src/ingress-intel-total-conversion/mobile/app/src/main/res/drawable-hdpi/ic_action_view_as_list_compact.png to /home/fekerr/src/ingress-intel-total-conversion/mobile/app/build/intermediates/merged_res/debug/mergeDebugResources/drawable-hdpi_ic_action_view_as_list_compact.png.flat
Compiling image file /home/fekerr/src/ingress-intel-total-conversion/mobile/app/src/main/res/drawable-hdpi/ic_action_refresh.png
Compiling file /home/fekerr/src/ingress-intel-total-conversion/mobile/app/src/main/res/drawable-hdpi/ic_action_refresh.png to /home/fekerr/src/ingress-intel-total-conversion/mobile/app/build/intermediates/merged_res/debug/mergeDebugResources/drawable-hdpi_ic_action_refresh.png.flat
Compiling xml file /home/fekerr/src/ingress-intel-total-conversion/mobile/app/src/main/res/drawable/ic_keyboard_arrow_down_white_fab.xml to /home/fekerr/src/ingress-intel-total-conversion/mobile/app/build/intermediates/merged_res/debug/mergeDebugResources/drawable_ic_keyboard_arrow_down_white_fab.xml.flat
Compiling XML table /home/fekerr/src/ingress-intel-total-conversion/mobile/app/build/intermediates/incremental/debug/mergeDebugResources/merged.dir/values-gu/values-gu.xml to /home/fekerr/src/ingress-intel-total-conversion/mobile/app/build/intermediates/merged_res/debug/mergeDebugResources/values-gu_values-gu.arsc.flat
Compiling image file /home/fekerr/src/ingress-intel-total-conversion/mobile/app/src/main/res/drawable-mdpi/ic_action_view_as_list.png
Compiling XML table /home/fekerr/src/ingress-intel-total-conversion/mobile/app/build/intermediates/incremental/debug/mergeDebugResources/merged.dir/values-nl/values-nl.xml to /home/fekerr/src/ingress-intel-total-conversion/mobile/app/build/intermediates/merged_res/debug/mergeDebugResources/values-nl_values-nl.arsc.flat
Compiling file /home/fekerr/src/ingress-intel-total-conversion/mobile/app/src/main/res/drawable-mdpi/ic_action_view_as_list.png to /home/fekerr/src/ingress-intel-total-conversion/mobile/app/build/intermediates/merged_res/debug/mergeDebugResources/drawable-mdpi_ic_action_view_as_list.png.flat
Compiling xml file /home/fekerr/src/ingress-intel-total-conversion/mobile/app/src/main/res/xml/provider_paths.xml to /home/fekerr/src/ingress-intel-total-conversion/mobile/app/build/intermediates/merged_res/debug/mergeDebugResources/xml_provider_paths.xml.flat
Compiling image file /home/fekerr/src/ingress-intel-total-conversion/mobile/app/src/main/res/drawable-xhdpi/ic_action_view_as_list_compact.png
Compiling file /home/fekerr/src/ingress-intel-total-conversion/mobile/app/src/main/res/drawable-xhdpi/ic_action_view_as_list_compact.png to /home/fekerr/src/ingress-intel-total-conversion/mobile/app/build/intermediates/merged_res/debug/mergeDebugResources/drawable-xhdpi_ic_action_view_as_list_compact.png.flat
Compiling image file /home/fekerr/src/ingress-intel-total-conversion/mobile/app/src/main/res/drawable-xhdpi/ic_action_warning.png
Compiling file /home/fekerr/src/ingress-intel-total-conversion/mobile/app/src/main/res/drawable-xhdpi/ic_action_warning.png to /home/fekerr/src/ingress-intel-total-conversion/mobile/app/build/intermediates/merged_res/debug/mergeDebugResources/drawable-xhdpi_ic_action_warning.png.flat
Compiling file /home/fekerr/src/ingress-intel-total-conversion/mobile/app/src/main/res/drawable-xxhdpi/appintro_nfc.webp to /home/fekerr/src/ingress-intel-total-conversion/mobile/app/build/intermediates/merged_res/debug/mergeDebugResources/drawable-xxhdpi_appintro_nfc.webp.flat
Compiling image file /home/fekerr/src/ingress-intel-total-conversion/mobile/app/src/main/res/drawable-xhdpi/ic_action_paste.png
Compiling file /home/fekerr/src/ingress-intel-total-conversion/mobile/app/src/main/res/drawable-xhdpi/ic_action_paste.png to /home/fekerr/src/ingress-intel-total-conversion/mobile/app/build/intermediates/merged_res/debug/mergeDebugResources/drawable-xhdpi_ic_action_paste.png.flat
Compiling image file /home/fekerr/src/ingress-intel-total-conversion/mobile/app/src/main/res/drawable-hdpi/ic_action_warning_yellow.png
Compiling file /home/fekerr/src/ingress-intel-total-conversion/mobile/app/src/main/res/drawable-hdpi/ic_action_warning_yellow.png to /home/fekerr/src/ingress-intel-total-conversion/mobile/app/build/intermediates/merged_res/debug/mergeDebugResources/drawable-hdpi_ic_action_warning_yellow.png.flat
Compiling image file /home/fekerr/src/ingress-intel-total-conversion/mobile/app/src/main/res/drawable-xhdpi/ic_action_group.png
Compiling file /home/fekerr/src/ingress-intel-total-conversion/mobile/app/src/main/res/drawable-xhdpi/ic_action_group.png to /home/fekerr/src/ingress-intel-total-conversion/mobile/app/build/intermediates/merged_res/debug/mergeDebugResources/drawable-xhdpi_ic_action_group.png.flat
Compiling image file /home/fekerr/src/ingress-intel-total-conversion/mobile/app/src/main/res/drawable-xxhdpi/ic_action_web_site.png
Compiling file /home/fekerr/src/ingress-intel-total-conversion/mobile/app/src/main/res/drawable-xxhdpi/ic_action_web_site.png to /home/fekerr/src/ingress-intel-total-conversion/mobile/app/build/intermediates/merged_res/debug/mergeDebugResources/drawable-xxhdpi_ic_action_web_site.png.flat
Compiling image file /home/fekerr/src/ingress-intel-total-conversion/mobile/app/src/main/res/drawable-xhdpi/ic_action_warning_yellow.png
Compiling file /home/fekerr/src/ingress-intel-total-conversion/mobile/app/src/main/res/drawable-xhdpi/ic_action_warning_yellow.png to /home/fekerr/src/ingress-intel-total-conversion/mobile/app/build/intermediates/merged_res/debug/mergeDebugResources/drawable-xhdpi_ic_action_warning_yellow.png.flat
Compiling image file /home/fekerr/src/ingress-intel-total-conversion/mobile/app/src/main/res/drawable-hdpi/ic_action_about.png
Compiling xml file /home/fekerr/src/ingress-intel-total-conversion/mobile/app/src/main/res/layout/intro_layers.xml to /home/fekerr/src/ingress-intel-total-conversion/mobile/app/build/intermediates/merged_res/debug/mergeDebugResources/layout_intro_layers.xml.flat
Compiling file /home/fekerr/src/ingress-intel-total-conversion/mobile/app/src/main/res/drawable-hdpi/ic_action_about.png to /home/fekerr/src/ingress-intel-total-conversion/mobile/app/build/intermediates/merged_res/debug/mergeDebugResources/drawable-hdpi_ic_action_about.png.flat
Compiling xml file /home/fekerr/src/ingress-intel-total-conversion/mobile/app/src/main/res/layout/intro_location.xml to /home/fekerr/src/ingress-intel-total-conversion/mobile/app/build/intermediates/merged_res/debug/mergeDebugResources/layout_intro_location.xml.flat
Compiling image file /home/fekerr/src/ingress-intel-total-conversion/mobile/app/src/main/res/drawable-hdpi/ic_action_share.png
Compiling file /home/fekerr/src/ingress-intel-total-conversion/mobile/app/src/main/res/drawable-hdpi/ic_action_share.png to /home/fekerr/src/ingress-intel-total-conversion/mobile/app/build/intermediates/merged_res/debug/mergeDebugResources/drawable-hdpi_ic_action_share.png.flat
Compiling image file /home/fekerr/src/ingress-intel-total-conversion/mobile/app/src/main/res/drawable-hdpi/ic_action_add_to_queue.png
Compiling file /home/fekerr/src/ingress-intel-total-conversion/mobile/app/src/main/res/drawable-hdpi/ic_action_add_to_queue.png to /home/fekerr/src/ingress-intel-total-conversion/mobile/app/build/intermediates/merged_res/debug/mergeDebugResources/drawable-hdpi_ic_action_add_to_queue.png.flat
Compiling image file /home/fekerr/src/ingress-intel-total-conversion/mobile/app/src/main/res/drawable-xhdpi/ic_drawer.png
Compiling file /home/fekerr/src/ingress-intel-total-conversion/mobile/app/src/main/res/drawable-xhdpi/ic_drawer.png to /home/fekerr/src/ingress-intel-total-conversion/mobile/app/build/intermediates/merged_res/debug/mergeDebugResources/drawable-xhdpi_ic_drawer.png.flat
Compiling image file /home/fekerr/src/ingress-intel-total-conversion/mobile/app/src/debug/res/mipmap-xxhdpi/ic_iitcm.png
Compiling file /home/fekerr/src/ingress-intel-total-conversion/mobile/app/src/debug/res/mipmap-xxhdpi/ic_iitcm.png to /home/fekerr/src/ingress-intel-total-conversion/mobile/app/build/intermediates/merged_res/debug/mergeDebugResources/mipmap-xxhdpi_ic_iitcm.png.flat
Compiling image file /home/fekerr/src/ingress-intel-total-conversion/mobile/app/src/debug/res/mipmap-mdpi/ic_iitcm.png
Compiling image file /home/fekerr/src/ingress-intel-total-conversion/mobile/app/src/main/res/drawable-xxhdpi/ic_action_view_as_list.png
Compiling image file /home/fekerr/src/ingress-intel-total-conversion/mobile/app/src/main/res/drawable-xxhdpi/ic_drawer.png
Compiling file /home/fekerr/src/ingress-intel-total-conversion/mobile/app/src/main/res/drawable-xxhdpi/ic_action_view_as_list.png to /home/fekerr/src/ingress-intel-total-conversion/mobile/app/build/intermediates/merged_res/debug/mergeDebugResources/drawable-xxhdpi_ic_action_view_as_list.png.flat
Compiling file /home/fekerr/src/ingress-intel-total-conversion/mobile/app/src/debug/res/mipmap-mdpi/ic_iitcm.png to /home/fekerr/src/ingress-intel-total-conversion/mobile/app/build/intermediates/merged_res/debug/mergeDebugResources/mipmap-mdpi_ic_iitcm.png.flat
Compiling image file /home/fekerr/src/ingress-intel-total-conversion/mobile/app/src/main/res/drawable-xhdpi/ic_action_star.png
Compiling file /home/fekerr/src/ingress-intel-total-conversion/mobile/app/src/main/res/drawable-xxhdpi/ic_drawer.png to /home/fekerr/src/ingress-intel-total-conversion/mobile/app/build/intermediates/merged_res/debug/mergeDebugResources/drawable-xxhdpi_ic_drawer.png.flat
Compiling file /home/fekerr/src/ingress-intel-total-conversion/mobile/app/src/main/res/drawable-xhdpi/ic_action_star.png to /home/fekerr/src/ingress-intel-total-conversion/mobile/app/build/intermediates/merged_res/debug/mergeDebugResources/drawable-xhdpi_ic_action_star.png.flat
Compiling image file /home/fekerr/src/ingress-intel-total-conversion/mobile/app/src/main/res/drawable-xhdpi/ic_action_search.png
Compiling file /home/fekerr/src/ingress-intel-total-conversion/mobile/app/src/main/res/drawable-xhdpi/ic_action_search.png to /home/fekerr/src/ingress-intel-total-conversion/mobile/app/build/intermediates/merged_res/debug/mergeDebugResources/drawable-xhdpi_ic_action_search.png.flat
Compiling image file /home/fekerr/src/ingress-intel-total-conversion/mobile/app/src/main/res/drawable-mdpi/ic_action_refresh.png
Compiling image file /home/fekerr/src/ingress-intel-total-conversion/mobile/app/build/generated/res/pngs/debug/drawable-xxhdpi/ic_iitcm_foreground.png
Compiling file /home/fekerr/src/ingress-intel-total-conversion/mobile/app/src/main/res/drawable-mdpi/ic_action_refresh.png to /home/fekerr/src/ingress-intel-total-conversion/mobile/app/build/intermediates/merged_res/debug/mergeDebugResources/drawable-mdpi_ic_action_refresh.png.flat
Compiling file /home/fekerr/src/ingress-intel-total-conversion/mobile/app/build/generated/res/pngs/debug/drawable-xxhdpi/ic_iitcm_foreground.png to /home/fekerr/src/ingress-intel-total-conversion/mobile/app/build/intermediates/merged_res/debug/mergeDebugResources/drawable-xxhdpi_ic_iitcm_foreground.png.flat
Compiling image file /home/fekerr/src/ingress-intel-total-conversion/mobile/app/src/main/res/drawable-hdpi/ic_action_web_site.png
Compiling file /home/fekerr/src/ingress-intel-total-conversion/mobile/app/src/main/res/drawable-hdpi/ic_action_web_site.png to /home/fekerr/src/ingress-intel-total-conversion/mobile/app/build/intermediates/merged_res/debug/mergeDebugResources/drawable-hdpi_ic_action_web_site.png.flat
Compiling xml file /home/fekerr/src/ingress-intel-total-conversion/mobile/app/src/main/res/drawable/ic_keyboard_arrow_right_white.xml to /home/fekerr/src/ingress-intel-total-conversion/mobile/app/build/intermediates/merged_res/debug/mergeDebugResources/drawable_ic_keyboard_arrow_right_white.xml.flat
Compiling image file /home/fekerr/src/ingress-intel-total-conversion/mobile/app/src/main/res/drawable-hdpi/ic_action_star.png
Compiling file /home/fekerr/src/ingress-intel-total-conversion/mobile/app/src/main/res/drawable-hdpi/ic_action_star.png to /home/fekerr/src/ingress-intel-total-conversion/mobile/app/build/intermediates/merged_res/debug/mergeDebugResources/drawable-hdpi_ic_action_star.png.flat
Compiling image file /home/fekerr/src/ingress-intel-total-conversion/mobile/app/src/main/res/drawable-hdpi/ic_missions.png
Compiling file /home/fekerr/src/ingress-intel-total-conversion/mobile/app/src/main/res/drawable-hdpi/ic_missions.png to /home/fekerr/src/ingress-intel-total-conversion/mobile/app/build/intermediates/merged_res/debug/mergeDebugResources/drawable-hdpi_ic_missions.png.flat
Compiling image file /home/fekerr/src/ingress-intel-total-conversion/mobile/app/src/main/res/drawable-xxhdpi/ic_action_group.png
Compiling image file /home/fekerr/src/ingress-intel-total-conversion/mobile/app/src/main/res/drawable-xhdpi/ic_action_about.png
Compiling file /home/fekerr/src/ingress-intel-total-conversion/mobile/app/src/main/res/drawable-xxhdpi/ic_action_group.png to /home/fekerr/src/ingress-intel-total-conversion/mobile/app/build/intermediates/merged_res/debug/mergeDebugResources/drawable-xxhdpi_ic_action_group.png.flat
Compiling file /home/fekerr/src/ingress-intel-total-conversion/mobile/app/src/main/res/drawable-xhdpi/ic_action_about.png to /home/fekerr/src/ingress-intel-total-conversion/mobile/app/build/intermediates/merged_res/debug/mergeDebugResources/drawable-xhdpi_ic_action_about.png.flat
Compiling image file /home/fekerr/src/ingress-intel-total-conversion/mobile/app/src/main/res/drawable-xhdpi/ic_action_view_as_list.png
Compiling file /home/fekerr/src/ingress-intel-total-conversion/mobile/app/src/main/res/drawable-xhdpi/ic_action_view_as_list.png to /home/fekerr/src/ingress-intel-total-conversion/mobile/app/build/intermediates/merged_res/debug/mergeDebugResources/drawable-xhdpi_ic_action_view_as_list.png.flat
Compiling image file /home/fekerr/src/ingress-intel-total-conversion/mobile/app/src/main/res/drawable-mdpi/ic_action_full_screen.png
Compiling xml file /home/fekerr/src/ingress-intel-total-conversion/mobile/app/src/main/res/layout/list_item_selectable.xml to /home/fekerr/src/ingress-intel-total-conversion/mobile/app/build/intermediates/merged_res/debug/mergeDebugResources/layout_list_item_selectable.xml.flat
Compiling file /home/fekerr/src/ingress-intel-total-conversion/mobile/app/src/main/res/drawable-xxhdpi/appintro_location.webp to /home/fekerr/src/ingress-intel-total-conversion/mobile/app/build/intermediates/merged_res/debug/mergeDebugResources/drawable-xxhdpi_appintro_location.webp.flat
Compiling xml file /home/fekerr/src/ingress-intel-total-conversion/mobile/app/src/main/res/layout/view_log_msg_odd.xml to /home/fekerr/src/ingress-intel-total-conversion/mobile/app/build/intermediates/merged_res/debug/mergeDebugResources/layout_view_log_msg_odd.xml.flat
Compiling xml file /home/fekerr/src/ingress-intel-total-conversion/mobile/app/src/main/res/layout/view_log_msg_even.xml to /home/fekerr/src/ingress-intel-total-conversion/mobile/app/build/intermediates/merged_res/debug/mergeDebugResources/layout_view_log_msg_even.xml.flat
Compiling image file /home/fekerr/src/ingress-intel-total-conversion/mobile/app/src/main/res/drawable-mdpi/ic_action_location_follow.png
Compiling file /home/fekerr/src/ingress-intel-total-conversion/mobile/app/src/main/res/drawable-mdpi/ic_action_location_follow.png to /home/fekerr/src/ingress-intel-total-conversion/mobile/app/build/intermediates/merged_res/debug/mergeDebugResources/drawable-mdpi_ic_action_location_follow.png.flat
Compiling image file /home/fekerr/src/ingress-intel-total-conversion/mobile/app/src/main/res/drawable-mdpi/iitc_blue.png
Compiling file /home/fekerr/src/ingress-intel-total-conversion/mobile/app/src/main/res/drawable-mdpi/iitc_blue.png to /home/fekerr/src/ingress-intel-total-conversion/mobile/app/build/intermediates/merged_res/debug/mergeDebugResources/drawable-mdpi_iitc_blue.png.flat
Compiling image file /home/fekerr/src/ingress-intel-total-conversion/mobile/app/src/main/res/drawable-xhdpi/ic_action_cc_bcc.png
Compiling file /home/fekerr/src/ingress-intel-total-conversion/mobile/app/src/main/res/drawable-xhdpi/ic_action_cc_bcc.png to /home/fekerr/src/ingress-intel-total-conversion/mobile/app/build/intermediates/merged_res/debug/mergeDebugResources/drawable-xhdpi_ic_action_cc_bcc.png.flat
Compiling file /home/fekerr/src/ingress-intel-total-conversion/mobile/app/src/main/res/drawable-mdpi/ic_action_full_screen.png to /home/fekerr/src/ingress-intel-total-conversion/mobile/app/build/intermediates/merged_res/debug/mergeDebugResources/drawable-mdpi_ic_action_full_screen.png.flat
Compiling image file /home/fekerr/src/ingress-intel-total-conversion/mobile/app/src/main/res/drawable-hdpi/ic_action_cc_bcc.png
Compiling file /home/fekerr/src/ingress-intel-total-conversion/mobile/app/src/main/res/drawable-hdpi/ic_action_cc_bcc.png to /home/fekerr/src/ingress-intel-total-conversion/mobile/app/build/intermediates/merged_res/debug/mergeDebugResources/drawable-hdpi_ic_action_cc_bcc.png.flat
Compiling image file /home/fekerr/src/ingress-intel-total-conversion/mobile/app/src/main/res/drawable-xxhdpi/ic_action_new.png
Compiling file /home/fekerr/src/ingress-intel-total-conversion/mobile/app/src/main/res/drawable-xxhdpi/ic_action_new.png to /home/fekerr/src/ingress-intel-total-conversion/mobile/app/build/intermediates/merged_res/debug/mergeDebugResources/drawable-xxhdpi_ic_action_new.png.flat
Compiling image file /home/fekerr/src/ingress-intel-total-conversion/mobile/app/src/main/res/drawable-mdpi/ic_action_error_red.png
Compiling file /home/fekerr/src/ingress-intel-total-conversion/mobile/app/src/main/res/drawable-mdpi/ic_action_error_red.png to /home/fekerr/src/ingress-intel-total-conversion/mobile/app/build/intermediates/merged_res/debug/mergeDebugResources/drawable-mdpi_ic_action_error_red.png.flat
Compiling image file /home/fekerr/src/ingress-intel-total-conversion/mobile/app/src/main/res/drawable-xhdpi/ic_action_data_usage.png
Compiling file /home/fekerr/src/ingress-intel-total-conversion/mobile/app/src/main/res/drawable-xhdpi/ic_action_data_usage.png to /home/fekerr/src/ingress-intel-total-conversion/mobile/app/build/intermediates/merged_res/debug/mergeDebugResources/drawable-xhdpi_ic_action_data_usage.png.flat
Compiling image file /home/fekerr/src/ingress-intel-total-conversion/mobile/app/src/main/res/drawable-hdpi/ic_action_new_event.png
Compiling file /home/fekerr/src/ingress-intel-total-conversion/mobile/app/src/main/res/drawable-hdpi/ic_action_new_event.png to /home/fekerr/src/ingress-intel-total-conversion/mobile/app/build/intermediates/merged_res/debug/mergeDebugResources/drawable-hdpi_ic_action_new_event.png.flat
Compiling file /home/fekerr/src/ingress-intel-total-conversion/mobile/app/src/main/res/drawable-xxhdpi/appintro_navigation.webp to /home/fekerr/src/ingress-intel-total-conversion/mobile/app/build/intermediates/merged_res/debug/mergeDebugResources/drawable-xxhdpi_appintro_navigation.webp.flat
Compiling xml file /home/fekerr/src/ingress-intel-total-conversion/mobile/app/src/main/res/layout/activity_share.xml to /home/fekerr/src/ingress-intel-total-conversion/mobile/app/build/intermediates/merged_res/debug/mergeDebugResources/layout_activity_share.xml.flat
Compiling XML table /home/fekerr/src/ingress-intel-total-conversion/mobile/app/build/intermediates/incremental/debug/mergeDebugResources/merged.dir/values-b+es+419/values-b+es+419.xml to /home/fekerr/src/ingress-intel-total-conversion/mobile/app/build/intermediates/merged_res/debug/mergeDebugResources/values-b+es+419_values-b+es+419.arsc.flat
Compiling image file /home/fekerr/src/ingress-intel-total-conversion/mobile/app/src/main/res/drawable-xxhdpi/ic_action_refresh.png
Compiling xml file /home/fekerr/src/ingress-intel-total-conversion/mobile/app/src/main/res/layout/map_options_header.xml to /home/fekerr/src/ingress-intel-total-conversion/mobile/app/build/intermediates/merged_res/debug/mergeDebugResources/layout_map_options_header.xml.flat
Compiling image file /home/fekerr/src/ingress-intel-total-conversion/mobile/app/src/main/res/drawable-hdpi/ic_action_paste.png
Compiling file /home/fekerr/src/ingress-intel-total-conversion/mobile/app/src/main/res/drawable-hdpi/ic_action_paste.png to /home/fekerr/src/ingress-intel-total-conversion/mobile/app/build/intermediates/merged_res/debug/mergeDebugResources/drawable-hdpi_ic_action_paste.png.flat
Compiling image file /home/fekerr/src/ingress-intel-total-conversion/mobile/app/build/generated/res/pngs/debug/drawable-xhdpi/ic_iitcm_foreground.png
Compiling file /home/fekerr/src/ingress-intel-total-conversion/mobile/app/build/generated/res/pngs/debug/drawable-xhdpi/ic_iitcm_foreground.png to /home/fekerr/src/ingress-intel-total-conversion/mobile/app/build/intermediates/merged_res/debug/mergeDebugResources/drawable-xhdpi_ic_iitcm_foreground.png.flat
Compiling xml file /home/fekerr/src/ingress-intel-total-conversion/mobile/app/src/main/res/drawable/log_msg_odd.xml to /home/fekerr/src/ingress-intel-total-conversion/mobile/app/build/intermediates/merged_res/debug/mergeDebugResources/drawable_log_msg_odd.xml.flat
Compiling xml file /home/fekerr/src/ingress-intel-total-conversion/mobile/app/src/main/res/menu/main.xml to /home/fekerr/src/ingress-intel-total-conversion/mobile/app/build/intermediates/merged_res/debug/mergeDebugResources/menu_main.xml.flat
Compiling image file /home/fekerr/src/ingress-intel-total-conversion/mobile/app/src/main/res/drawable-hdpi/ic_action_new.png
Compiling file /home/fekerr/src/ingress-intel-total-conversion/mobile/app/src/main/res/drawable-hdpi/ic_action_new.png to /home/fekerr/src/ingress-intel-total-conversion/mobile/app/build/intermediates/merged_res/debug/mergeDebugResources/drawable-hdpi_ic_action_new.png.flat
Compiling xml file /home/fekerr/src/ingress-intel-total-conversion/mobile/app/src/main/res/layout/js_prompt.xml to /home/fekerr/src/ingress-intel-total-conversion/mobile/app/build/intermediates/merged_res/debug/mergeDebugResources/layout_js_prompt.xml.flat
Compiling file /home/fekerr/src/ingress-intel-total-conversion/mobile/app/src/main/res/drawable-xxhdpi/ic_action_refresh.png to /home/fekerr/src/ingress-intel-total-conversion/mobile/app/build/intermediates/merged_res/debug/mergeDebugResources/drawable-xxhdpi_ic_action_refresh.png.flat
Compiling xml file /home/fekerr/src/ingress-intel-total-conversion/mobile/app/src/main/res/layout/checked_textview.xml to /home/fekerr/src/ingress-intel-total-conversion/mobile/app/build/intermediates/merged_res/debug/mergeDebugResources/layout_checked_textview.xml.flat
Compiling image file /home/fekerr/src/ingress-intel-total-conversion/mobile/app/src/main/res/drawable-mdpi/ic_action_add_to_queue.png
Compiling file /home/fekerr/src/ingress-intel-total-conversion/mobile/app/src/main/res/drawable-mdpi/ic_action_add_to_queue.png to /home/fekerr/src/ingress-intel-total-conversion/mobile/app/build/intermediates/merged_res/debug/mergeDebugResources/drawable-mdpi_ic_action_add_to_queue.png.flat
Compiling xml file /home/fekerr/src/ingress-intel-total-conversion/mobile/app/src/main/res/xml/searchable.xml to /home/fekerr/src/ingress-intel-total-conversion/mobile/app/build/intermediates/merged_res/debug/mergeDebugResources/xml_searchable.xml.flat
Compiling image file /home/fekerr/src/ingress-intel-total-conversion/mobile/app/src/main/res/drawable-xhdpi/ic_action_save.png
Compiling file /home/fekerr/src/ingress-intel-total-conversion/mobile/app/src/main/res/drawable-xhdpi/ic_action_save.png to /home/fekerr/src/ingress-intel-total-conversion/mobile/app/build/intermediates/merged_res/debug/mergeDebugResources/drawable-xhdpi_ic_action_save.png.flat
Compiling image file /home/fekerr/src/ingress-intel-total-conversion/mobile/app/src/main/res/drawable-mdpi/ic_action_about.png
Compiling image file /home/fekerr/src/ingress-intel-total-conversion/mobile/app/src/main/res/drawable-xhdpi/ic_missions.png
Compiling file /home/fekerr/src/ingress-intel-total-conversion/mobile/app/src/main/res/drawable-xhdpi/ic_missions.png to /home/fekerr/src/ingress-intel-total-conversion/mobile/app/build/intermediates/merged_res/debug/mergeDebugResources/drawable-xhdpi_ic_missions.png.flat
Compiling image file /home/fekerr/src/ingress-intel-total-conversion/mobile/app/src/main/res/drawable-mdpi/ic_action_paste.png
Compiling image file /home/fekerr/src/ingress-intel-total-conversion/mobile/app/src/main/res/drawable-mdpi/ic_action_return_from_full_screen.png
Compiling file /home/fekerr/src/ingress-intel-total-conversion/mobile/app/src/main/res/drawable-mdpi/ic_action_paste.png to /home/fekerr/src/ingress-intel-total-conversion/mobile/app/build/intermediates/merged_res/debug/mergeDebugResources/drawable-mdpi_ic_action_paste.png.flat
Compiling file /home/fekerr/src/ingress-intel-total-conversion/mobile/app/src/main/res/drawable-mdpi/ic_action_return_from_full_screen.png to /home/fekerr/src/ingress-intel-total-conversion/mobile/app/build/intermediates/merged_res/debug/mergeDebugResources/drawable-mdpi_ic_action_return_from_full_screen.png.flat
Compiling xml file /home/fekerr/src/ingress-intel-total-conversion/mobile/app/src/main/res/xml/preferences.xml to /home/fekerr/src/ingress-intel-total-conversion/mobile/app/build/intermediates/merged_res/debug/mergeDebugResources/xml_preferences.xml.flat
Compiling image file /home/fekerr/src/ingress-intel-total-conversion/mobile/app/src/main/res/drawable-hdpi/ic_action_view_as_list.png
Compiling file /home/fekerr/src/ingress-intel-total-conversion/mobile/app/src/main/res/drawable-hdpi/ic_action_view_as_list.png to /home/fekerr/src/ingress-intel-total-conversion/mobile/app/build/intermediates/merged_res/debug/mergeDebugResources/drawable-hdpi_ic_action_view_as_list.png.flat
Compiling xml file /home/fekerr/src/ingress-intel-total-conversion/mobile/app/src/main/res/drawable/ic_send_white.xml to /home/fekerr/src/ingress-intel-total-conversion/mobile/app/build/intermediates/merged_res/debug/mergeDebugResources/drawable_ic_send_white.xml.flat
Compiling xml file /home/fekerr/src/ingress-intel-total-conversion/mobile/app/src/main/res/layout/debug_info_dialog.xml to /home/fekerr/src/ingress-intel-total-conversion/mobile/app/build/intermediates/merged_res/debug/mergeDebugResources/layout_debug_info_dialog.xml.flat
Compiling xml file /home/fekerr/src/ingress-intel-total-conversion/mobile/app/src/main/res/layout/dialog_http_authentication.xml to /home/fekerr/src/ingress-intel-total-conversion/mobile/app/build/intermediates/merged_res/debug/mergeDebugResources/layout_dialog_http_authentication.xml.flat
Compiling image file /home/fekerr/src/ingress-intel-total-conversion/mobile/app/src/main/res/drawable-mdpi/ic_action_data_usage.png
Compiling file /home/fekerr/src/ingress-intel-total-conversion/mobile/app/src/main/res/drawable-mdpi/ic_action_about.png to /home/fekerr/src/ingress-intel-total-conversion/mobile/app/build/intermediates/merged_res/debug/mergeDebugResources/drawable-mdpi_ic_action_about.png.flat
Compiling xml file /home/fekerr/src/ingress-intel-total-conversion/mobile/app/src/main/res/layout/intro_welcome.xml to /home/fekerr/src/ingress-intel-total-conversion/mobile/app/build/intermediates/merged_res/debug/mergeDebugResources/layout_intro_welcome.xml.flat
Compiling image file /home/fekerr/src/ingress-intel-total-conversion/mobile/app/src/main/res/drawable-mdpi/ic_action_copy.png
Compiling file /home/fekerr/src/ingress-intel-total-conversion/mobile/app/src/main/res/drawable-mdpi/ic_action_copy.png to /home/fekerr/src/ingress-intel-total-conversion/mobile/app/build/intermediates/merged_res/debug/mergeDebugResources/drawable-mdpi_ic_action_copy.png.flat
Compiling image file /home/fekerr/src/ingress-intel-total-conversion/mobile/app/build/generated/res/pngs/debug/drawable-mdpi/ic_iitcm_foreground.png
Compiling file /home/fekerr/src/ingress-intel-total-conversion/mobile/app/build/generated/res/pngs/debug/drawable-mdpi/ic_iitcm_foreground.png to /home/fekerr/src/ingress-intel-total-conversion/mobile/app/build/intermediates/merged_res/debug/mergeDebugResources/drawable-mdpi_ic_iitcm_foreground.png.flat
Compiling image file /home/fekerr/src/ingress-intel-total-conversion/mobile/app/src/main/res/drawable-xxhdpi/ic_action_search.png
Compiling file /home/fekerr/src/ingress-intel-total-conversion/mobile/app/src/main/res/drawable-xxhdpi/ic_action_search.png to /home/fekerr/src/ingress-intel-total-conversion/mobile/app/build/intermediates/merged_res/debug/mergeDebugResources/drawable-xxhdpi_ic_action_search.png.flat
Compiling xml file /home/fekerr/src/ingress-intel-total-conversion/mobile/app/src/main/res/layout/intro_plugins.xml to /home/fekerr/src/ingress-intel-total-conversion/mobile/app/build/intermediates/merged_res/debug/mergeDebugResources/layout_intro_plugins.xml.flat
Compiling image file /home/fekerr/src/ingress-intel-total-conversion/mobile/app/src/main/res/drawable-hdpi/ic_action_location_follow.png
Compiling file /home/fekerr/src/ingress-intel-total-conversion/mobile/app/src/main/res/drawable-hdpi/ic_action_location_follow.png to /home/fekerr/src/ingress-intel-total-conversion/mobile/app/build/intermediates/merged_res/debug/mergeDebugResources/drawable-hdpi_ic_action_location_follow.png.flat
Compiling image file /home/fekerr/src/ingress-intel-total-conversion/mobile/app/src/debug/res/mipmap-xhdpi/ic_iitcm.png
Compiling file /home/fekerr/src/ingress-intel-total-conversion/mobile/app/src/debug/res/mipmap-xhdpi/ic_iitcm.png to /home/fekerr/src/ingress-intel-total-conversion/mobile/app/build/intermediates/merged_res/debug/mergeDebugResources/mipmap-xhdpi_ic_iitcm.png.flat
Compiling image file /home/fekerr/src/ingress-intel-total-conversion/mobile/app/src/main/res/drawable-xhdpi/iitc_blue.png
Compiling file /home/fekerr/src/ingress-intel-total-conversion/mobile/app/src/main/res/drawable-xhdpi/iitc_blue.png to /home/fekerr/src/ingress-intel-total-conversion/mobile/app/build/intermediates/merged_res/debug/mergeDebugResources/drawable-xhdpi_iitc_blue.png.flat
Compiling image file /home/fekerr/src/ingress-intel-total-conversion/mobile/app/src/main/res/drawable-xxhdpi/ic_action_place.png
Compiling file /home/fekerr/src/ingress-intel-total-conversion/mobile/app/src/main/res/drawable-xxhdpi/ic_action_place.png to /home/fekerr/src/ingress-intel-total-conversion/mobile/app/build/intermediates/merged_res/debug/mergeDebugResources/drawable-xxhdpi_ic_action_place.png.flat
Compiling image file /home/fekerr/src/ingress-intel-total-conversion/mobile/app/src/main/res/drawable-xxhdpi/ic_iitcm.png
Compiling file /home/fekerr/src/ingress-intel-total-conversion/mobile/app/src/main/res/drawable-xxhdpi/ic_iitcm.png to /home/fekerr/src/ingress-intel-total-conversion/mobile/app/build/intermediates/merged_res/debug/mergeDebugResources/drawable-xxhdpi_ic_iitcm.png.flat
Compiling xml file /home/fekerr/src/ingress-intel-total-conversion/mobile/app/src/main/res/layout/dialog_progressbar.xml to /home/fekerr/src/ingress-intel-total-conversion/mobile/app/build/intermediates/merged_res/debug/mergeDebugResources/layout_dialog_progressbar.xml.flat
Compiling xml file /home/fekerr/src/ingress-intel-total-conversion/mobile/app/src/main/res/drawable/debug_button.xml to /home/fekerr/src/ingress-intel-total-conversion/mobile/app/build/intermediates/merged_res/debug/mergeDebugResources/drawable_debug_button.xml.flat
Compiling image file /home/fekerr/src/ingress-intel-total-conversion/mobile/app/src/main/res/drawable-xxhdpi/iitc_blue.png
Compiling file /home/fekerr/src/ingress-intel-total-conversion/mobile/app/src/main/res/drawable-xxhdpi/iitc_blue.png to /home/fekerr/src/ingress-intel-total-conversion/mobile/app/build/intermediates/merged_res/debug/mergeDebugResources/drawable-xxhdpi_iitc_blue.png.flat
Compiling image file /home/fekerr/src/ingress-intel-total-conversion/mobile/app/src/main/res/drawable-hdpi/ic_action_warning.png
Compiling image file /home/fekerr/src/ingress-intel-total-conversion/mobile/app/src/main/res/drawable-xxhdpi/ic_action_about.png
Compiling file /home/fekerr/src/ingress-intel-total-conversion/mobile/app/src/main/res/drawable-xxhdpi/ic_action_about.png to /home/fekerr/src/ingress-intel-total-conversion/mobile/app/build/intermediates/merged_res/debug/mergeDebugResources/drawable-xxhdpi_ic_action_about.png.flat
Compiling image file /home/fekerr/src/ingress-intel-total-conversion/mobile/app/src/main/res/drawable-mdpi/ic_action_web_site.png
Compiling file /home/fekerr/src/ingress-intel-total-conversion/mobile/app/src/main/res/drawable-mdpi/ic_action_web_site.png to /home/fekerr/src/ingress-intel-total-conversion/mobile/app/build/intermediates/merged_res/debug/mergeDebugResources/drawable-mdpi_ic_action_web_site.png.flat
Compiling image file /home/fekerr/src/ingress-intel-total-conversion/mobile/app/src/main/res/drawable-xxhdpi/ic_action_add_to_queue.png
Compiling file /home/fekerr/src/ingress-intel-total-conversion/mobile/app/src/main/res/drawable-xxhdpi/ic_action_add_to_queue.png to /home/fekerr/src/ingress-intel-total-conversion/mobile/app/build/intermediates/merged_res/debug/mergeDebugResources/drawable-xxhdpi_ic_action_add_to_queue.png.flat

Resolve mutations for :app:createDebugCompatibleScreenManifests (Thread[#177,Execution worker Thread 7,5,main]) started.
:app:createDebugCompatibleScreenManifests (Thread[#177,Execution worker Thread 7,5,main]) started.

> Task :app:createDebugCompatibleScreenManifests
Caching disabled for task ':app:createDebugCompatibleScreenManifests' because:
  Build cache is disabled
  Caching has been disabled for the task
Task ':app:createDebugCompatibleScreenManifests' is not up-to-date because:
  No history is available.
Resolve mutations for :app:extractDeepLinksDebug (Thread[#177,Execution worker Thread 7,5,main]) started.
:app:extractDeepLinksDebug (Thread[#177,Execution worker Thread 7,5,main]) started.

> Task :app:extractDeepLinksDebug
Caching disabled for task ':app:extractDeepLinksDebug' because:
  Build cache is disabled
Task ':app:extractDeepLinksDebug' is not up-to-date because:
  No history is available.
Resolve mutations for :app:processDebugMainManifest (Thread[#177,Execution worker Thread 7,5,main]) started.
:app:processDebugMainManifest (Thread[#177,Execution worker Thread 7,5,main]) started.

> Task :app:mergeDebugResources
Compiling file /home/fekerr/src/ingress-intel-total-conversion/mobile/app/src/main/res/drawable-mdpi/ic_action_data_usage.png to /home/fekerr/src/ingress-intel-total-conversion/mobile/app/build/intermediates/merged_res/debug/mergeDebugResources/drawable-mdpi_ic_action_data_usage.png.flat
Compiling image file /home/fekerr/src/ingress-intel-total-conversion/mobile/app/src/main/res/drawable-hdpi/ic_action_group.png
Compiling xml file /home/fekerr/src/ingress-intel-total-conversion/mobile/app/src/main/res/drawable/ic_ingress_prime.xml to /home/fekerr/src/ingress-intel-total-conversion/mobile/app/build/intermediates/merged_res/debug/mergeDebugResources/drawable_ic_ingress_prime.xml.flat
Compiling image file /home/fekerr/src/ingress-intel-total-conversion/mobile/app/src/main/res/drawable-xhdpi/ic_action_place.png
Compiling file /home/fekerr/src/ingress-intel-total-conversion/mobile/app/src/main/res/drawable-xhdpi/ic_action_place.png to /home/fekerr/src/ingress-intel-total-conversion/mobile/app/build/intermediates/merged_res/debug/mergeDebugResources/drawable-xhdpi_ic_action_place.png.flat
Compiling image file /home/fekerr/src/ingress-intel-total-conversion/mobile/app/src/main/res/drawable-xhdpi/ic_action_return_from_full_screen.png
Compiling file /home/fekerr/src/ingress-intel-total-conversion/mobile/app/src/main/res/drawable-xhdpi/ic_action_return_from_full_screen.png to /home/fekerr/src/ingress-intel-total-conversion/mobile/app/build/intermediates/merged_res/debug/mergeDebugResources/drawable-xhdpi_ic_action_return_from_full_screen.png.flat
Compiling xml file /home/fekerr/src/ingress-intel-total-conversion/mobile/app/src/main/res/layout/preference_header_item.xml to /home/fekerr/src/ingress-intel-total-conversion/mobile/app/build/intermediates/merged_res/debug/mergeDebugResources/layout_preference_header_item.xml.flat
Compiling image file /home/fekerr/src/ingress-intel-total-conversion/mobile/app/src/main/res/drawable-xxhdpi/ic_action_location_follow.png
Compiling xml file /home/fekerr/src/ingress-intel-total-conversion/mobile/app/src/main/res/drawable/log_msg_even.xml to /home/fekerr/src/ingress-intel-total-conversion/mobile/app/build/intermediates/merged_res/debug/mergeDebugResources/drawable_log_msg_even.xml.flat
Compiling file /home/fekerr/src/ingress-intel-total-conversion/mobile/app/src/main/res/drawable-hdpi/ic_action_warning.png to /home/fekerr/src/ingress-intel-total-conversion/mobile/app/build/intermediates/merged_res/debug/mergeDebugResources/drawable-hdpi_ic_action_warning.png.flat
Compiling image file /home/fekerr/src/ingress-intel-total-conversion/mobile/app/src/main/res/drawable-xhdpi/ic_action_new_event.png
Compiling file /home/fekerr/src/ingress-intel-total-conversion/mobile/app/src/main/res/drawable-xhdpi/ic_action_new_event.png to /home/fekerr/src/ingress-intel-total-conversion/mobile/app/build/intermediates/merged_res/debug/mergeDebugResources/drawable-xhdpi_ic_action_new_event.png.flat
Compiling image file /home/fekerr/src/ingress-intel-total-conversion/mobile/app/src/main/res/drawable-xhdpi/ic_action_share.png
Compiling file /home/fekerr/src/ingress-intel-total-conversion/mobile/app/src/main/res/drawable-xhdpi/ic_action_share.png to /home/fekerr/src/ingress-intel-total-conversion/mobile/app/build/intermediates/merged_res/debug/mergeDebugResources/drawable-xhdpi_ic_action_share.png.flat
Compiling image file /home/fekerr/src/ingress-intel-total-conversion/mobile/app/src/main/res/drawable-hdpi/ic_action_copy.png
Compiling file /home/fekerr/src/ingress-intel-total-conversion/mobile/app/src/main/res/drawable-hdpi/ic_action_copy.png to /home/fekerr/src/ingress-intel-total-conversion/mobile/app/build/intermediates/merged_res/debug/mergeDebugResources/drawable-hdpi_ic_action_copy.png.flat
Compiling image file /home/fekerr/src/ingress-intel-total-conversion/mobile/app/src/main/res/drawable-mdpi/ic_drawer.png
Compiling file /home/fekerr/src/ingress-intel-total-conversion/mobile/app/src/main/res/drawable-mdpi/ic_drawer.png to /home/fekerr/src/ingress-intel-total-conversion/mobile/app/build/intermediates/merged_res/debug/mergeDebugResources/drawable-mdpi_ic_drawer.png.flat
Compiling image file /home/fekerr/src/ingress-intel-total-conversion/mobile/app/src/main/res/drawable-hdpi/ic_action_error_red.png
Compiling file /home/fekerr/src/ingress-intel-total-conversion/mobile/app/src/main/res/drawable-hdpi/ic_action_error_red.png to /home/fekerr/src/ingress-intel-total-conversion/mobile/app/build/intermediates/merged_res/debug/mergeDebugResources/drawable-hdpi_ic_action_error_red.png.flat
Compiling image file /home/fekerr/src/ingress-intel-total-conversion/mobile/app/src/main/res/drawable-mdpi/ic_action_new_event.png
Compiling file /home/fekerr/src/ingress-intel-total-conversion/mobile/app/src/main/res/drawable-mdpi/ic_action_new_event.png to /home/fekerr/src/ingress-intel-total-conversion/mobile/app/build/intermediates/merged_res/debug/mergeDebugResources/drawable-mdpi_ic_action_new_event.png.flat
Compiling xml file /home/fekerr/src/ingress-intel-total-conversion/mobile/app/src/main/res/drawable/ic_clear_all_white.xml to /home/fekerr/src/ingress-intel-total-conversion/mobile/app/build/intermediates/merged_res/debug/mergeDebugResources/drawable_ic_clear_all_white.xml.flat
Compiling image file /home/fekerr/src/ingress-intel-total-conversion/mobile/app/src/main/res/drawable-mdpi/ic_action_cc_bcc.png
Compiling file /home/fekerr/src/ingress-intel-total-conversion/mobile/app/src/main/res/drawable-mdpi/ic_action_cc_bcc.png to /home/fekerr/src/ingress-intel-total-conversion/mobile/app/build/intermediates/merged_res/debug/mergeDebugResources/drawable-mdpi_ic_action_cc_bcc.png.flat
Compiling xml file /home/fekerr/src/ingress-intel-total-conversion/mobile/app/src/main/res/drawable/ic_view_list_white.xml to /home/fekerr/src/ingress-intel-total-conversion/mobile/app/build/intermediates/merged_res/debug/mergeDebugResources/drawable_ic_view_list_white.xml.flat
Compiling image file /home/fekerr/src/ingress-intel-total-conversion/mobile/app/src/main/res/drawable-xhdpi/ic_action_error_red.png
Compiling file /home/fekerr/src/ingress-intel-total-conversion/mobile/app/src/main/res/drawable-xhdpi/ic_action_error_red.png to /home/fekerr/src/ingress-intel-total-conversion/mobile/app/build/intermediates/merged_res/debug/mergeDebugResources/drawable-xhdpi_ic_action_error_red.png.flat
Compiling xml file /home/fekerr/src/ingress-intel-total-conversion/mobile/app/src/main/res/drawable/ic_keyboard_arrow_up_white.xml to /home/fekerr/src/ingress-intel-total-conversion/mobile/app/build/intermediates/merged_res/debug/mergeDebugResources/drawable_ic_keyboard_arrow_up_white.xml.flat
Compiling image file /home/fekerr/src/ingress-intel-total-conversion/mobile/app/src/main/res/drawable-xhdpi/ic_action_new.png
Compiling file /home/fekerr/src/ingress-intel-total-conversion/mobile/app/src/main/res/drawable-xhdpi/ic_action_new.png to /home/fekerr/src/ingress-intel-total-conversion/mobile/app/build/intermediates/merged_res/debug/mergeDebugResources/drawable-xhdpi_ic_action_new.png.flat
Compiling image file /home/fekerr/src/ingress-intel-total-conversion/mobile/app/src/main/res/drawable-mdpi/ic_action_place.png
Compiling file /home/fekerr/src/ingress-intel-total-conversion/mobile/app/src/main/res/drawable-mdpi/ic_action_place.png to /home/fekerr/src/ingress-intel-total-conversion/mobile/app/build/intermediates/merged_res/debug/mergeDebugResources/drawable-mdpi_ic_action_place.png.flat
Compiling file /home/fekerr/src/ingress-intel-total-conversion/mobile/app/src/main/res/drawable-xxhdpi/appintro_plugins.webp to /home/fekerr/src/ingress-intel-total-conversion/mobile/app/build/intermediates/merged_res/debug/mergeDebugResources/drawable-xxhdpi_appintro_plugins.webp.flat
Compiling xml file /home/fekerr/src/ingress-intel-total-conversion/mobile/app/src/main/res/drawable/ic_map_white.xml to /home/fekerr/src/ingress-intel-total-conversion/mobile/app/build/intermediates/merged_res/debug/mergeDebugResources/drawable_ic_map_white.xml.flat
Compiling image file /home/fekerr/src/ingress-intel-total-conversion/mobile/app/src/main/res/drawable-mdpi/ic_action_warning_yellow.png
Compiling file /home/fekerr/src/ingress-intel-total-conversion/mobile/app/src/main/res/drawable-mdpi/ic_action_warning_yellow.png to /home/fekerr/src/ingress-intel-total-conversion/mobile/app/build/intermediates/merged_res/debug/mergeDebugResources/drawable-mdpi_ic_action_warning_yellow.png.flat
Compiling image file /home/fekerr/src/ingress-intel-total-conversion/mobile/app/src/main/res/drawable-xhdpi/ic_action_refresh.png
Compiling file /home/fekerr/src/ingress-intel-total-conversion/mobile/app/src/main/res/drawable-xhdpi/ic_action_refresh.png to /home/fekerr/src/ingress-intel-total-conversion/mobile/app/build/intermediates/merged_res/debug/mergeDebugResources/drawable-xhdpi_ic_action_refresh.png.flat
Compiling image file /home/fekerr/src/ingress-intel-total-conversion/mobile/app/src/main/res/drawable-xhdpi/ic_action_full_screen.png
Compiling file /home/fekerr/src/ingress-intel-total-conversion/mobile/app/src/main/res/drawable-xhdpi/ic_action_full_screen.png to /home/fekerr/src/ingress-intel-total-conversion/mobile/app/build/intermediates/merged_res/debug/mergeDebugResources/drawable-xhdpi_ic_action_full_screen.png.flat
Compiling image file /home/fekerr/src/ingress-intel-total-conversion/mobile/app/src/main/res/drawable-xxhdpi/ic_action_return_from_full_screen.png
Compiling file /home/fekerr/src/ingress-intel-total-conversion/mobile/app/src/main/res/drawable-xxhdpi/ic_action_return_from_full_screen.png to /home/fekerr/src/ingress-intel-total-conversion/mobile/app/build/intermediates/merged_res/debug/mergeDebugResources/drawable-xxhdpi_ic_action_return_from_full_screen.png.flat
Compiling xml file /home/fekerr/src/ingress-intel-total-conversion/mobile/app/src/main/res/xml/pluginspreference.xml to /home/fekerr/src/ingress-intel-total-conversion/mobile/app/build/intermediates/merged_res/debug/mergeDebugResources/xml_pluginspreference.xml.flat
Compiling xml file /home/fekerr/src/ingress-intel-total-conversion/mobile/app/src/main/res/layout/toolbar_layout.xml to /home/fekerr/src/ingress-intel-total-conversion/mobile/app/build/intermediates/merged_res/debug/mergeDebugResources/layout_toolbar_layout.xml.flat
Compiling image file /home/fekerr/src/ingress-intel-total-conversion/mobile/app/src/main/res/drawable-xxhdpi/ic_action_error.png
Compiling xml file /home/fekerr/src/ingress-intel-total-conversion/mobile/app/build/generated/res/pngs/debug/drawable-anydpi-v24/ic_iitcm_background.xml to /home/fekerr/src/ingress-intel-total-conversion/mobile/app/build/intermediates/merged_res/debug/mergeDebugResources/drawable-anydpi-v24_ic_iitcm_background.xml.flat
Compiling file /home/fekerr/src/ingress-intel-total-conversion/mobile/app/src/main/res/drawable-xxhdpi/ic_action_error.png to /home/fekerr/src/ingress-intel-total-conversion/mobile/app/build/intermediates/merged_res/debug/mergeDebugResources/drawable-xxhdpi_ic_action_error.png.flat
Compiling image file /home/fekerr/src/ingress-intel-total-conversion/mobile/app/src/main/res/drawable-xxhdpi/ic_action_star.png
Compiling file /home/fekerr/src/ingress-intel-total-conversion/mobile/app/src/main/res/drawable-xxhdpi/ic_action_location_follow.png to /home/fekerr/src/ingress-intel-total-conversion/mobile/app/build/intermediates/merged_res/debug/mergeDebugResources/drawable-xxhdpi_ic_action_location_follow.png.flat
Compiling image file /home/fekerr/src/ingress-intel-total-conversion/mobile/app/src/main/res/drawable-xhdpi/ic_action_add_to_queue.png
Compiling file /home/fekerr/src/ingress-intel-total-conversion/mobile/app/src/main/res/drawable-xhdpi/ic_action_add_to_queue.png to /home/fekerr/src/ingress-intel-total-conversion/mobile/app/build/intermediates/merged_res/debug/mergeDebugResources/drawable-xhdpi_ic_action_add_to_queue.png.flat
Compiling file /home/fekerr/src/ingress-intel-total-conversion/mobile/app/src/main/res/drawable-hdpi/ic_action_group.png to /home/fekerr/src/ingress-intel-total-conversion/mobile/app/build/intermediates/merged_res/debug/mergeDebugResources/drawable-hdpi_ic_action_group.png.flat
Compiling image file /home/fekerr/src/ingress-intel-total-conversion/mobile/app/src/main/res/drawable-xxhdpi/ic_action_share.png
Compiling file /home/fekerr/src/ingress-intel-total-conversion/mobile/app/src/main/res/drawable-xxhdpi/ic_action_share.png to /home/fekerr/src/ingress-intel-total-conversion/mobile/app/build/intermediates/merged_res/debug/mergeDebugResources/drawable-xxhdpi_ic_action_share.png.flat
Compiling image file /home/fekerr/src/ingress-intel-total-conversion/mobile/app/src/main/res/drawable-xxhdpi/ic_action_full_screen.png
Compiling file /home/fekerr/src/ingress-intel-total-conversion/mobile/app/src/main/res/drawable-xxhdpi/ic_action_star.png to /home/fekerr/src/ingress-intel-total-conversion/mobile/app/build/intermediates/merged_res/debug/mergeDebugResources/drawable-xxhdpi_ic_action_star.png.flat
Compiling file /home/fekerr/src/ingress-intel-total-conversion/mobile/app/src/main/res/drawable-xxhdpi/ic_action_full_screen.png to /home/fekerr/src/ingress-intel-total-conversion/mobile/app/build/intermediates/merged_res/debug/mergeDebugResources/drawable-xxhdpi_ic_action_full_screen.png.flat
Compiling image file /home/fekerr/src/ingress-intel-total-conversion/mobile/app/src/main/res/drawable-xxhdpi/ic_action_data_usage.png
Compiling image file /home/fekerr/src/ingress-intel-total-conversion/mobile/app/src/main/res/drawable-hdpi/iitc_blue.png
Compiling file /home/fekerr/src/ingress-intel-total-conversion/mobile/app/src/main/res/drawable-hdpi/iitc_blue.png to /home/fekerr/src/ingress-intel-total-conversion/mobile/app/build/intermediates/merged_res/debug/mergeDebugResources/drawable-hdpi_iitc_blue.png.flat
Compiling image file /home/fekerr/src/ingress-intel-total-conversion/mobile/app/build/generated/res/pngs/debug/drawable-xxxhdpi/ic_iitcm_foreground.png
Compiling file /home/fekerr/src/ingress-intel-total-conversion/mobile/app/build/generated/res/pngs/debug/drawable-xxxhdpi/ic_iitcm_foreground.png to /home/fekerr/src/ingress-intel-total-conversion/mobile/app/build/intermediates/merged_res/debug/mergeDebugResources/drawable-xxxhdpi_ic_iitcm_foreground.png.flat
Compiling file /home/fekerr/src/ingress-intel-total-conversion/mobile/app/src/main/res/drawable-xxhdpi/ic_action_data_usage.png to /home/fekerr/src/ingress-intel-total-conversion/mobile/app/build/intermediates/merged_res/debug/mergeDebugResources/drawable-xxhdpi_ic_action_data_usage.png.flat
Compiling XML table /home/fekerr/src/ingress-intel-total-conversion/mobile/app/build/intermediates/incremental/debug/mergeDebugResources/merged.dir/values-ldltr-v21/values-ldltr-v21.xml to /home/fekerr/src/ingress-intel-total-conversion/mobile/app/build/intermediates/merged_res/debug/mergeDebugResources/values-ldltr-v21_values-ldltr-v21.arsc.flat
Compiling image file /home/fekerr/src/ingress-intel-total-conversion/mobile/app/src/main/res/drawable-mdpi/ic_action_new.png
Compiling file /home/fekerr/src/ingress-intel-total-conversion/mobile/app/src/main/res/drawable-mdpi/ic_action_new.png to /home/fekerr/src/ingress-intel-total-conversion/mobile/app/build/intermediates/merged_res/debug/mergeDebugResources/drawable-mdpi_ic_action_new.png.flat
Compiling image file /home/fekerr/src/ingress-intel-total-conversion/mobile/app/build/generated/res/pngs/debug/drawable-ldpi/ic_iitcm_foreground.png
Compiling file /home/fekerr/src/ingress-intel-total-conversion/mobile/app/build/generated/res/pngs/debug/drawable-ldpi/ic_iitcm_foreground.png to /home/fekerr/src/ingress-intel-total-conversion/mobile/app/build/intermediates/merged_res/debug/mergeDebugResources/drawable-ldpi_ic_iitcm_foreground.png.flat
Compiling XML table /home/fekerr/src/ingress-intel-total-conversion/mobile/app/build/intermediates/incremental/debug/mergeDebugResources/merged.dir/values-v21/values-v21.xml to /home/fekerr/src/ingress-intel-total-conversion/mobile/app/build/intermediates/merged_res/debug/mergeDebugResources/values-v21_values-v21.arsc.flat
Compiling xml file /home/fekerr/src/ingress-intel-total-conversion/mobile/app/src/debug/res/mipmap-anydpi-v26/ic_iitcm.xml to /home/fekerr/src/ingress-intel-total-conversion/mobile/app/build/intermediates/merged_res/debug/mergeDebugResources/mipmap-anydpi-v26_ic_iitcm.xml.flat
Compiling image file /home/fekerr/src/ingress-intel-total-conversion/mobile/app/src/main/res/drawable-mdpi/ic_action_error.png
Compiling xml file /home/fekerr/src/ingress-intel-total-conversion/mobile/app/src/main/res/drawable/ic_keyboard_arrow_down_white.xml to /home/fekerr/src/ingress-intel-total-conversion/mobile/app/build/intermediates/merged_res/debug/mergeDebugResources/drawable_ic_keyboard_arrow_down_white.xml.flat
Compiling image file /home/fekerr/src/ingress-intel-total-conversion/mobile/app/src/main/res/drawable-mdpi/ic_action_share.png
Compiling file /home/fekerr/src/ingress-intel-total-conversion/mobile/app/src/main/res/drawable-mdpi/ic_action_share.png to /home/fekerr/src/ingress-intel-total-conversion/mobile/app/build/intermediates/merged_res/debug/mergeDebugResources/drawable-mdpi_ic_action_share.png.flat
Compiling image file /home/fekerr/src/ingress-intel-total-conversion/mobile/app/src/main/res/drawable-xhdpi/ic_action_copy.png
Compiling file /home/fekerr/src/ingress-intel-total-conversion/mobile/app/src/main/res/drawable-xhdpi/ic_action_copy.png to /home/fekerr/src/ingress-intel-total-conversion/mobile/app/build/intermediates/merged_res/debug/mergeDebugResources/drawable-xhdpi_ic_action_copy.png.flat
Compiling file /home/fekerr/src/ingress-intel-total-conversion/mobile/app/src/main/res/drawable-mdpi/ic_action_error.png to /home/fekerr/src/ingress-intel-total-conversion/mobile/app/build/intermediates/merged_res/debug/mergeDebugResources/drawable-mdpi_ic_action_error.png.flat
Compiling image file /home/fekerr/src/ingress-intel-total-conversion/mobile/app/src/main/res/drawable-xxhdpi/ic_action_save.png
Compiling file /home/fekerr/src/ingress-intel-total-conversion/mobile/app/src/main/res/drawable-xxhdpi/ic_action_save.png to /home/fekerr/src/ingress-intel-total-conversion/mobile/app/build/intermediates/merged_res/debug/mergeDebugResources/drawable-xxhdpi_ic_action_save.png.flat
Compiling image file /home/fekerr/src/ingress-intel-total-conversion/mobile/app/src/main/res/drawable-xhdpi/ic_action_error.png
Compiling file /home/fekerr/src/ingress-intel-total-conversion/mobile/app/src/main/res/drawable-xhdpi/ic_action_error.png to /home/fekerr/src/ingress-intel-total-conversion/mobile/app/build/intermediates/merged_res/debug/mergeDebugResources/drawable-xhdpi_ic_action_error.png.flat
Compiling XML table /home/fekerr/src/ingress-intel-total-conversion/mobile/app/build/intermediates/incremental/debug/mergeDebugResources/merged.dir/values-v28/values-v28.xml to /home/fekerr/src/ingress-intel-total-conversion/mobile/app/build/intermediates/merged_res/debug/mergeDebugResources/values-v28_values-v28.arsc.flat
Compiling XML table /home/fekerr/src/ingress-intel-total-conversion/mobile/app/build/intermediates/incremental/debug/mergeDebugResources/merged.dir/values-sl/values-sl.xml to /home/fekerr/src/ingress-intel-total-conversion/mobile/app/build/intermediates/merged_res/debug/mergeDebugResources/values-sl_values-sl.arsc.flat
Compiling XML table /home/fekerr/src/ingress-intel-total-conversion/mobile/app/build/intermediates/incremental/debug/mergeDebugResources/merged.dir/values-pt-rBR/values-pt-rBR.xml to /home/fekerr/src/ingress-intel-total-conversion/mobile/app/build/intermediates/merged_res/debug/mergeDebugResources/values-pt-rBR_values-pt-rBR.arsc.flat
Compiling XML table /home/fekerr/src/ingress-intel-total-conversion/mobile/app/build/intermediates/incremental/debug/mergeDebugResources/merged.dir/values-lo/values-lo.xml to /home/fekerr/src/ingress-intel-total-conversion/mobile/app/build/intermediates/merged_res/debug/mergeDebugResources/values-lo_values-lo.arsc.flat
Compiling XML table /home/fekerr/src/ingress-intel-total-conversion/mobile/app/build/intermediates/incremental/debug/mergeDebugResources/merged.dir/values-ms/values-ms.xml to /home/fekerr/src/ingress-intel-total-conversion/mobile/app/build/intermediates/merged_res/debug/mergeDebugResources/values-ms_values-ms.arsc.flat
Compiling XML table /home/fekerr/src/ingress-intel-total-conversion/mobile/app/build/intermediates/incremental/debug/mergeDebugResources/merged.dir/values-ne/values-ne.xml to /home/fekerr/src/ingress-intel-total-conversion/mobile/app/build/intermediates/merged_res/debug/mergeDebugResources/values-ne_values-ne.arsc.flat
Compiling XML table /home/fekerr/src/ingress-intel-total-conversion/mobile/app/build/intermediates/incremental/debug/mergeDebugResources/merged.dir/values-or/values-or.xml to /home/fekerr/src/ingress-intel-total-conversion/mobile/app/build/intermediates/merged_res/debug/mergeDebugResources/values-or_values-or.arsc.flat
Compiling image file /home/fekerr/src/ingress-intel-total-conversion/mobile/app/src/debug/res/mipmap-xxxhdpi/ic_iitcm.png
Compiling file /home/fekerr/src/ingress-intel-total-conversion/mobile/app/src/debug/res/mipmap-xxxhdpi/ic_iitcm.png to /home/fekerr/src/ingress-intel-total-conversion/mobile/app/build/intermediates/merged_res/debug/mergeDebugResources/mipmap-xxxhdpi_ic_iitcm.png.flat
Compiling xml file /home/fekerr/src/ingress-intel-total-conversion/mobile/app/src/main/res/menu/debug.xml to /home/fekerr/src/ingress-intel-total-conversion/mobile/app/build/intermediates/merged_res/debug/mergeDebugResources/menu_debug.xml.flat
Compiling image file /home/fekerr/src/ingress-intel-total-conversion/mobile/app/src/main/res/drawable-hdpi/ic_action_return_from_full_screen.png
Compiling file /home/fekerr/src/ingress-intel-total-conversion/mobile/app/src/main/res/drawable-hdpi/ic_action_return_from_full_screen.png to /home/fekerr/src/ingress-intel-total-conversion/mobile/app/build/intermediates/merged_res/debug/mergeDebugResources/drawable-hdpi_ic_action_return_from_full_screen.png.flat
Compiling image file /home/fekerr/src/ingress-intel-total-conversion/mobile/app/src/debug/res/mipmap-hdpi/ic_iitcm.png
Compiling file /home/fekerr/src/ingress-intel-total-conversion/mobile/app/src/debug/res/mipmap-hdpi/ic_iitcm.png to /home/fekerr/src/ingress-intel-total-conversion/mobile/app/build/intermediates/merged_res/debug/mergeDebugResources/mipmap-hdpi_ic_iitcm.png.flat
Compiling image file /home/fekerr/src/ingress-intel-total-conversion/mobile/app/src/main/res/drawable-hdpi/ic_drawer.png
Compiling file /home/fekerr/src/ingress-intel-total-conversion/mobile/app/src/main/res/drawable-hdpi/ic_drawer.png to /home/fekerr/src/ingress-intel-total-conversion/mobile/app/build/intermediates/merged_res/debug/mergeDebugResources/drawable-hdpi_ic_drawer.png.flat
Compiling xml file /home/fekerr/src/ingress-intel-total-conversion/mobile/app/src/main/res/layout/dialog_notice.xml to /home/fekerr/src/ingress-intel-total-conversion/mobile/app/build/intermediates/merged_res/debug/mergeDebugResources/layout_dialog_notice.xml.flat
Compiling image file /home/fekerr/src/ingress-intel-total-conversion/mobile/app/src/main/res/drawable-xxhdpi/ic_missions.png
Compiling file /home/fekerr/src/ingress-intel-total-conversion/mobile/app/src/main/res/drawable-xxhdpi/ic_missions.png to /home/fekerr/src/ingress-intel-total-conversion/mobile/app/build/intermediates/merged_res/debug/mergeDebugResources/drawable-xxhdpi_ic_missions.png.flat
Compiling image file /home/fekerr/src/ingress-intel-total-conversion/mobile/app/src/main/res/drawable-mdpi/ic_action_view_as_list_compact.png
Compiling file /home/fekerr/src/ingress-intel-total-conversion/mobile/app/src/main/res/drawable-mdpi/ic_action_view_as_list_compact.png to /home/fekerr/src/ingress-intel-total-conversion/mobile/app/build/intermediates/merged_res/debug/mergeDebugResources/drawable-mdpi_ic_action_view_as_list_compact.png.flat
Compiling image file /home/fekerr/src/ingress-intel-total-conversion/mobile/app/build/generated/res/pngs/debug/drawable-hdpi/ic_iitcm_foreground.png
Compiling file /home/fekerr/src/ingress-intel-total-conversion/mobile/app/build/generated/res/pngs/debug/drawable-hdpi/ic_iitcm_foreground.png to /home/fekerr/src/ingress-intel-total-conversion/mobile/app/build/intermediates/merged_res/debug/mergeDebugResources/drawable-hdpi_ic_iitcm_foreground.png.flat
Compiling xml file /home/fekerr/src/ingress-intel-total-conversion/mobile/app/src/main/res/layout/pref_main.xml to /home/fekerr/src/ingress-intel-total-conversion/mobile/app/build/intermediates/merged_res/debug/mergeDebugResources/layout_pref_main.xml.flat
Compiling xml file /home/fekerr/src/ingress-intel-total-conversion/mobile/app/src/main/res/drawable/ic_keyboard_arrow_left_white.xml to /home/fekerr/src/ingress-intel-total-conversion/mobile/app/build/intermediates/merged_res/debug/mergeDebugResources/drawable_ic_keyboard_arrow_left_white.xml.flat
Compiling file /home/fekerr/src/ingress-intel-total-conversion/mobile/app/src/main/res/drawable-xxhdpi/appintro_logo.webp to /home/fekerr/src/ingress-intel-total-conversion/mobile/app/build/intermediates/merged_res/debug/mergeDebugResources/drawable-xxhdpi_appintro_logo.webp.flat
Compiling image file /home/fekerr/src/ingress-intel-total-conversion/mobile/app/src/main/res/drawable-mdpi/iitc.png
Compiling file /home/fekerr/src/ingress-intel-total-conversion/mobile/app/src/main/res/drawable-mdpi/iitc.png to /home/fekerr/src/ingress-intel-total-conversion/mobile/app/build/intermediates/merged_res/debug/mergeDebugResources/drawable-mdpi_iitc.png.flat
Compiling image file /home/fekerr/src/ingress-intel-total-conversion/mobile/app/src/main/res/drawable-xxhdpi/ic_action_error_red.png
Compiling file /home/fekerr/src/ingress-intel-total-conversion/mobile/app/src/main/res/drawable-xxhdpi/ic_action_error_red.png to /home/fekerr/src/ingress-intel-total-conversion/mobile/app/build/intermediates/merged_res/debug/mergeDebugResources/drawable-xxhdpi_ic_action_error_red.png.flat
Compiling image file /home/fekerr/src/ingress-intel-total-conversion/mobile/app/src/main/res/drawable-xxhdpi/ic_action_cc_bcc.png
Compiling file /home/fekerr/src/ingress-intel-total-conversion/mobile/app/src/main/res/drawable-xxhdpi/ic_action_cc_bcc.png to /home/fekerr/src/ingress-intel-total-conversion/mobile/app/build/intermediates/merged_res/debug/mergeDebugResources/drawable-xxhdpi_ic_action_cc_bcc.png.flat

> Task :app:processDebugMainManifest
Transforming AppIntro-6.3.1.aar (com.github.AppIntro:AppIntro:6.3.1) with JetifyTransform
Transforming AppIntro-6.3.1.aar (com.github.AppIntro:AppIntro:6.3.1) with ExtractAarTransform
Transforming AppIntro-6.3.1.aar (com.github.AppIntro:AppIntro:6.3.1) with AarTransform
Transforming localization-1.2.11.aar (com.akexorcist:localization:1.2.11) with JetifyTransform
Transforming localization-1.2.11.aar (com.akexorcist:localization:1.2.11) with ExtractAarTransform
Transforming localization-1.2.11.aar (com.akexorcist:localization:1.2.11) with AarTransform
Transforming constraintlayout-2.1.4.aar (androidx.constraintlayout:constraintlayout:2.1.4) with JetifyTransform
Transforming constraintlayout-2.1.4.aar (androidx.constraintlayout:constraintlayout:2.1.4) with ExtractAarTransform
Transforming constraintlayout-2.1.4.aar (androidx.constraintlayout:constraintlayout:2.1.4) with AarTransform
Transforming appcompat-resources-1.6.1.aar (androidx.appcompat:appcompat-resources:1.6.1) with JetifyTransform
Transforming appcompat-resources-1.6.1.aar (androidx.appcompat:appcompat-resources:1.6.1) with ExtractAarTransform
Transforming appcompat-resources-1.6.1.aar (androidx.appcompat:appcompat-resources:1.6.1) with AarTransform
Transforming appcompat-1.6.1.aar (androidx.appcompat:appcompat:1.6.1) with JetifyTransform
Transforming appcompat-1.6.1.aar (androidx.appcompat:appcompat:1.6.1) with ExtractAarTransform
Transforming appcompat-1.6.1.aar (androidx.appcompat:appcompat:1.6.1) with AarTransform
Transforming floatingactionbutton-1.3.0.aar (com.melnykov:floatingactionbutton:1.3.0) with JetifyTransform
Transforming floatingactionbutton-1.3.0.aar (com.melnykov:floatingactionbutton:1.3.0) with ExtractAarTransform
Transforming floatingactionbutton-1.3.0.aar (com.melnykov:floatingactionbutton:1.3.0) with AarTransform
Transforming recyclerview-1.1.0.aar (androidx.recyclerview:recyclerview:1.1.0) with JetifyTransform
Transforming recyclerview-1.1.0.aar (androidx.recyclerview:recyclerview:1.1.0) with ExtractAarTransform
Transforming recyclerview-1.1.0.aar (androidx.recyclerview:recyclerview:1.1.0) with AarTransform
Transforming drawerlayout-1.0.0.aar (androidx.drawerlayout:drawerlayout:1.0.0) with JetifyTransform
Transforming drawerlayout-1.0.0.aar (androidx.drawerlayout:drawerlayout:1.0.0) with ExtractAarTransform
Transforming drawerlayout-1.0.0.aar (androidx.drawerlayout:drawerlayout:1.0.0) with AarTransform
Transforming fragment-1.3.6.aar (androidx.fragment:fragment:1.3.6) with JetifyTransform
Transforming fragment-1.3.6.aar (androidx.fragment:fragment:1.3.6) with ExtractAarTransform
Transforming fragment-1.3.6.aar (androidx.fragment:fragment:1.3.6) with AarTransform
Transforming viewpager-1.0.0.aar (androidx.viewpager:viewpager:1.0.0) with JetifyTransform
Transforming viewpager-1.0.0.aar (androidx.viewpager:viewpager:1.0.0) with ExtractAarTransform
Transforming viewpager-1.0.0.aar (androidx.viewpager:viewpager:1.0.0) with AarTransform
Transforming customview-1.0.0.aar (androidx.customview:customview:1.0.0) with JetifyTransform
Transforming customview-1.0.0.aar (androidx.customview:customview:1.0.0) with ExtractAarTransform
Transforming customview-1.0.0.aar (androidx.customview:customview:1.0.0) with AarTransform
Transforming customview-1.0.0.aar (androidx.customview:customview:1.0.0) with JetifyTransform
Transforming customview-1.0.0.aar (androidx.customview:customview:1.0.0) with ExtractAarTransform
Transforming customview-1.0.0.aar (androidx.customview:customview:1.0.0) with AarTransform
Transforming customview-1.0.0.aar (androidx.customview:customview:1.0.0) with JetifyTransform
Transforming customview-1.0.0.aar (androidx.customview:customview:1.0.0) with ExtractAarTransform
Transforming customview-1.0.0.aar (androidx.customview:customview:1.0.0) with AarTransform
Transforming activity-ktx-1.6.0.aar (androidx.activity:activity-ktx:1.6.0) with JetifyTransform
Transforming activity-ktx-1.6.0.aar (androidx.activity:activity-ktx:1.6.0) with ExtractAarTransform
Transforming activity-ktx-1.6.0.aar (androidx.activity:activity-ktx:1.6.0) with AarTransform
Transforming activity-1.6.0.aar (androidx.activity:activity:1.6.0) with JetifyTransform
Transforming activity-1.6.0.aar (androidx.activity:activity:1.6.0) with ExtractAarTransform
Transforming activity-1.6.0.aar (androidx.activity:activity:1.6.0) with AarTransform
Transforming emoji2-views-helper-1.2.0.aar (androidx.emoji2:emoji2-views-helper:1.2.0) with JetifyTransform
Transforming emoji2-views-helper-1.2.0.aar (androidx.emoji2:emoji2-views-helper:1.2.0) with ExtractAarTransform
Transforming emoji2-views-helper-1.2.0.aar (androidx.emoji2:emoji2-views-helper:1.2.0) with AarTransform
Transforming emoji2-1.2.0.aar (androidx.emoji2:emoji2:1.2.0) with JetifyTransform
Transforming emoji2-1.2.0.aar (androidx.emoji2:emoji2:1.2.0) with ExtractAarTransform
Transforming emoji2-1.2.0.aar (androidx.emoji2:emoji2:1.2.0) with AarTransform
Transforming loader-1.0.0.aar (androidx.loader:loader:1.0.0) with JetifyTransform
Transforming loader-1.0.0.aar (androidx.loader:loader:1.0.0) with ExtractAarTransform
Transforming loader-1.0.0.aar (androidx.loader:loader:1.0.0) with AarTransform
Transforming lifecycle-viewmodel-ktx-2.5.1.aar (androidx.lifecycle:lifecycle-viewmodel-ktx:2.5.1) with JetifyTransform
Transforming lifecycle-viewmodel-ktx-2.5.1.aar (androidx.lifecycle:lifecycle-viewmodel-ktx:2.5.1) with ExtractAarTransform
Transforming lifecycle-viewmodel-ktx-2.5.1.aar (androidx.lifecycle:lifecycle-viewmodel-ktx:2.5.1) with AarTransform
Transforming lifecycle-viewmodel-2.5.1.aar (androidx.lifecycle:lifecycle-viewmodel:2.5.1) with JetifyTransform
Transforming lifecycle-viewmodel-2.5.1.aar (androidx.lifecycle:lifecycle-viewmodel:2.5.1) with ExtractAarTransform
Transforming lifecycle-viewmodel-2.5.1.aar (androidx.lifecycle:lifecycle-viewmodel:2.5.1) with AarTransform
Transforming lifecycle-viewmodel-2.5.1.aar (androidx.lifecycle:lifecycle-viewmodel:2.5.1) with JetifyTransform
Transforming lifecycle-viewmodel-2.5.1.aar (androidx.lifecycle:lifecycle-viewmodel:2.5.1) with ExtractAarTransform
Transforming lifecycle-viewmodel-2.5.1.aar (androidx.lifecycle:lifecycle-viewmodel:2.5.1) with AarTransform
Transforming lifecycle-viewmodel-savedstate-2.5.1.aar (androidx.lifecycle:lifecycle-viewmodel-savedstate:2.5.1) with JetifyTransform
Transforming lifecycle-viewmodel-savedstate-2.5.1.aar (androidx.lifecycle:lifecycle-viewmodel-savedstate:2.5.1) with ExtractAarTransform
Transforming lifecycle-viewmodel-savedstate-2.5.1.aar (androidx.lifecycle:lifecycle-viewmodel-savedstate:2.5.1) with AarTransform
Transforming core-ktx-1.9.0.aar (androidx.core:core-ktx:1.9.0) with JetifyTransform
Transforming core-ktx-1.9.0.aar (androidx.core:core-ktx:1.9.0) with ExtractAarTransform
Transforming core-ktx-1.9.0.aar (androidx.core:core-ktx:1.9.0) with AarTransform
Transforming vectordrawable-animated-1.1.0.aar (androidx.vectordrawable:vectordrawable-animated:1.1.0) with JetifyTransform
Transforming vectordrawable-animated-1.1.0.aar (androidx.vectordrawable:vectordrawable-animated:1.1.0) with ExtractAarTransform
Transforming vectordrawable-animated-1.1.0.aar (androidx.vectordrawable:vectordrawable-animated:1.1.0) with AarTransform
Transforming vectordrawable-1.1.0.aar (androidx.vectordrawable:vectordrawable:1.1.0) with JetifyTransform
Transforming vectordrawable-1.1.0.aar (androidx.vectordrawable:vectordrawable:1.1.0) with ExtractAarTransform
Transforming vectordrawable-1.1.0.aar (androidx.vectordrawable:vectordrawable:1.1.0) with AarTransform
Transforming vectordrawable-1.1.0.aar (androidx.vectordrawable:vectordrawable:1.1.0) with JetifyTransform
Transforming vectordrawable-1.1.0.aar (androidx.vectordrawable:vectordrawable:1.1.0) with ExtractAarTransform
Transforming vectordrawable-1.1.0.aar (androidx.vectordrawable:vectordrawable:1.1.0) with AarTransform
Transforming core-1.9.0.aar (androidx.core:core:1.9.0) with JetifyTransform
Transforming core-1.9.0.aar (androidx.core:core:1.9.0) with ExtractAarTransform
Transforming core-1.9.0.aar (androidx.core:core:1.9.0) with AarTransform
Transforming core-1.9.0.aar (androidx.core:core:1.9.0) with JetifyTransform
Transforming core-1.9.0.aar (androidx.core:core:1.9.0) with ExtractAarTransform
Transforming core-1.9.0.aar (androidx.core:core:1.9.0) with AarTransform
Transforming core-1.9.0.aar (androidx.core:core:1.9.0) with JetifyTransform
Transforming core-1.9.0.aar (androidx.core:core:1.9.0) with ExtractAarTransform
Transforming core-1.9.0.aar (androidx.core:core:1.9.0) with AarTransform
Transforming core-1.9.0.aar (androidx.core:core:1.9.0) with JetifyTransform
Transforming core-1.9.0.aar (androidx.core:core:1.9.0) with ExtractAarTransform
Transforming core-1.9.0.aar (androidx.core:core:1.9.0) with AarTransform
Transforming core-1.9.0.aar (androidx.core:core:1.9.0) with JetifyTransform
Transforming core-1.9.0.aar (androidx.core:core:1.9.0) with ExtractAarTransform
Transforming core-1.9.0.aar (androidx.core:core:1.9.0) with AarTransform
Transforming core-1.9.0.aar (androidx.core:core:1.9.0) with JetifyTransform
Transforming core-1.9.0.aar (androidx.core:core:1.9.0) with ExtractAarTransform
Transforming core-1.9.0.aar (androidx.core:core:1.9.0) with AarTransform
Transforming core-1.9.0.aar (androidx.core:core:1.9.0) with JetifyTransform
Transforming core-1.9.0.aar (androidx.core:core:1.9.0) with ExtractAarTransform
Transforming core-1.9.0.aar (androidx.core:core:1.9.0) with AarTransform
Transforming cursoradapter-1.0.0.aar (androidx.cursoradapter:cursoradapter:1.0.0) with JetifyTransform
Transforming cursoradapter-1.0.0.aar (androidx.cursoradapter:cursoradapter:1.0.0) with ExtractAarTransform
Transforming cursoradapter-1.0.0.aar (androidx.cursoradapter:cursoradapter:1.0.0) with AarTransform
Transforming lifecycle-process-2.4.1.aar (androidx.lifecycle:lifecycle-process:2.4.1) with JetifyTransform
Transforming lifecycle-process-2.4.1.aar (androidx.lifecycle:lifecycle-process:2.4.1) with ExtractAarTransform
Transforming lifecycle-process-2.4.1.aar (androidx.lifecycle:lifecycle-process:2.4.1) with AarTransform
Transforming lifecycle-runtime-ktx-2.5.1.aar (androidx.lifecycle:lifecycle-runtime-ktx:2.5.1) with JetifyTransform
Transforming lifecycle-runtime-ktx-2.5.1.aar (androidx.lifecycle:lifecycle-runtime-ktx:2.5.1) with ExtractAarTransform
Transforming lifecycle-runtime-ktx-2.5.1.aar (androidx.lifecycle:lifecycle-runtime-ktx:2.5.1) with AarTransform
Transforming lifecycle-runtime-2.5.1.aar (androidx.lifecycle:lifecycle-runtime:2.5.1) with JetifyTransform
Transforming lifecycle-runtime-2.5.1.aar (androidx.lifecycle:lifecycle-runtime:2.5.1) with ExtractAarTransform
Transforming lifecycle-runtime-2.5.1.aar (androidx.lifecycle:lifecycle-runtime:2.5.1) with AarTransform
Transforming savedstate-ktx-1.2.0.aar (androidx.savedstate:savedstate-ktx:1.2.0) with JetifyTransform
Transforming savedstate-ktx-1.2.0.aar (androidx.savedstate:savedstate-ktx:1.2.0) with ExtractAarTransform
Transforming savedstate-ktx-1.2.0.aar (androidx.savedstate:savedstate-ktx:1.2.0) with AarTransform
Transforming savedstate-1.2.0.aar (androidx.savedstate:savedstate:1.2.0) with JetifyTransform
Transforming savedstate-1.2.0.aar (androidx.savedstate:savedstate:1.2.0) with ExtractAarTransform
Transforming savedstate-1.2.0.aar (androidx.savedstate:savedstate:1.2.0) with AarTransform
Transforming versionedparcelable-1.1.1.aar (androidx.versionedparcelable:versionedparcelable:1.1.1) with JetifyTransform
Transforming versionedparcelable-1.1.1.aar (androidx.versionedparcelable:versionedparcelable:1.1.1) with ExtractAarTransform
Transforming versionedparcelable-1.1.1.aar (androidx.versionedparcelable:versionedparcelable:1.1.1) with AarTransform
Transforming startup-runtime-1.1.1.aar (androidx.startup:startup-runtime:1.1.1) with JetifyTransform
Transforming startup-runtime-1.1.1.aar (androidx.startup:startup-runtime:1.1.1) with ExtractAarTransform
Transforming startup-runtime-1.1.1.aar (androidx.startup:startup-runtime:1.1.1) with AarTransform
Transforming tracing-1.0.0.aar (androidx.tracing:tracing:1.0.0) with JetifyTransform
Transforming tracing-1.0.0.aar (androidx.tracing:tracing:1.0.0) with ExtractAarTransform
Transforming tracing-1.0.0.aar (androidx.tracing:tracing:1.0.0) with AarTransform
Transforming lifecycle-livedata-2.0.0.aar (androidx.lifecycle:lifecycle-livedata:2.0.0) with JetifyTransform
Transforming lifecycle-livedata-2.0.0.aar (androidx.lifecycle:lifecycle-livedata:2.0.0) with ExtractAarTransform
Transforming lifecycle-livedata-2.0.0.aar (androidx.lifecycle:lifecycle-livedata:2.0.0) with AarTransform
Transforming lifecycle-livedata-core-2.5.1.aar (androidx.lifecycle:lifecycle-livedata-core:2.5.1) with JetifyTransform
Transforming lifecycle-livedata-core-2.5.1.aar (androidx.lifecycle:lifecycle-livedata-core:2.5.1) with ExtractAarTransform
Transforming lifecycle-livedata-core-2.5.1.aar (androidx.lifecycle:lifecycle-livedata-core:2.5.1) with AarTransform
Transforming lifecycle-livedata-core-2.5.1.aar (androidx.lifecycle:lifecycle-livedata-core:2.5.1) with JetifyTransform
Transforming lifecycle-livedata-core-2.5.1.aar (androidx.lifecycle:lifecycle-livedata-core:2.5.1) with ExtractAarTransform
Transforming lifecycle-livedata-core-2.5.1.aar (androidx.lifecycle:lifecycle-livedata-core:2.5.1) with AarTransform
Transforming core-runtime-2.1.0.aar (androidx.arch.core:core-runtime:2.1.0) with JetifyTransform
Transforming core-runtime-2.1.0.aar (androidx.arch.core:core-runtime:2.1.0) with ExtractAarTransform
Transforming core-runtime-2.1.0.aar (androidx.arch.core:core-runtime:2.1.0) with AarTransform
Transforming core-runtime-2.1.0.aar (androidx.arch.core:core-runtime:2.1.0) with JetifyTransform
Transforming core-runtime-2.1.0.aar (androidx.arch.core:core-runtime:2.1.0) with ExtractAarTransform
Transforming core-runtime-2.1.0.aar (androidx.arch.core:core-runtime:2.1.0) with AarTransform
Transforming interpolator-1.0.0.aar (androidx.interpolator:interpolator:1.0.0) with JetifyTransform
Transforming interpolator-1.0.0.aar (androidx.interpolator:interpolator:1.0.0) with ExtractAarTransform
Transforming interpolator-1.0.0.aar (androidx.interpolator:interpolator:1.0.0) with AarTransform
Transforming annotation-experimental-1.3.0.aar (androidx.annotation:annotation-experimental:1.3.0) with JetifyTransform
Transforming annotation-experimental-1.3.0.aar (androidx.annotation:annotation-experimental:1.3.0) with ExtractAarTransform
Transforming annotation-experimental-1.3.0.aar (androidx.annotation:annotation-experimental:1.3.0) with AarTransform
Transforming AppIntro-6.3.1.aar (com.github.AppIntro:AppIntro:6.3.1) with JetifyTransform
Transforming AppIntro-6.3.1.aar (com.github.AppIntro:AppIntro:6.3.1) with ExtractAarTransform
Transforming AppIntro-6.3.1.aar (com.github.AppIntro:AppIntro:6.3.1) with AarTransform
Transforming localization-1.2.11.aar (com.akexorcist:localization:1.2.11) with JetifyTransform
Transforming localization-1.2.11.aar (com.akexorcist:localization:1.2.11) with ExtractAarTransform
Transforming localization-1.2.11.aar (com.akexorcist:localization:1.2.11) with AarTransform
Transforming constraintlayout-2.1.4.aar (androidx.constraintlayout:constraintlayout:2.1.4) with JetifyTransform
Transforming constraintlayout-2.1.4.aar (androidx.constraintlayout:constraintlayout:2.1.4) with ExtractAarTransform
Transforming constraintlayout-2.1.4.aar (androidx.constraintlayout:constraintlayout:2.1.4) with AarTransform
Transforming appcompat-resources-1.6.1.aar (androidx.appcompat:appcompat-resources:1.6.1) with JetifyTransform
Transforming appcompat-resources-1.6.1.aar (androidx.appcompat:appcompat-resources:1.6.1) with ExtractAarTransform
Transforming appcompat-resources-1.6.1.aar (androidx.appcompat:appcompat-resources:1.6.1) with AarTransform
Transforming appcompat-1.6.1.aar (androidx.appcompat:appcompat:1.6.1) with JetifyTransform
Transforming appcompat-1.6.1.aar (androidx.appcompat:appcompat:1.6.1) with ExtractAarTransform
Transforming appcompat-1.6.1.aar (androidx.appcompat:appcompat:1.6.1) with AarTransform
Transforming floatingactionbutton-1.3.0.aar (com.melnykov:floatingactionbutton:1.3.0) with JetifyTransform
Transforming floatingactionbutton-1.3.0.aar (com.melnykov:floatingactionbutton:1.3.0) with ExtractAarTransform
Transforming floatingactionbutton-1.3.0.aar (com.melnykov:floatingactionbutton:1.3.0) with AarTransform
Transforming recyclerview-1.1.0.aar (androidx.recyclerview:recyclerview:1.1.0) with JetifyTransform
Transforming recyclerview-1.1.0.aar (androidx.recyclerview:recyclerview:1.1.0) with ExtractAarTransform
Transforming recyclerview-1.1.0.aar (androidx.recyclerview:recyclerview:1.1.0) with AarTransform
Transforming drawerlayout-1.0.0.aar (androidx.drawerlayout:drawerlayout:1.0.0) with JetifyTransform
Transforming drawerlayout-1.0.0.aar (androidx.drawerlayout:drawerlayout:1.0.0) with ExtractAarTransform
Transforming drawerlayout-1.0.0.aar (androidx.drawerlayout:drawerlayout:1.0.0) with AarTransform
Transforming fragment-1.3.6.aar (androidx.fragment:fragment:1.3.6) with JetifyTransform
Transforming fragment-1.3.6.aar (androidx.fragment:fragment:1.3.6) with ExtractAarTransform
Transforming fragment-1.3.6.aar (androidx.fragment:fragment:1.3.6) with AarTransform
Transforming viewpager-1.0.0.aar (androidx.viewpager:viewpager:1.0.0) with JetifyTransform
Transforming viewpager-1.0.0.aar (androidx.viewpager:viewpager:1.0.0) with ExtractAarTransform
Transforming viewpager-1.0.0.aar (androidx.viewpager:viewpager:1.0.0) with AarTransform
Transforming customview-1.0.0.aar (androidx.customview:customview:1.0.0) with JetifyTransform
Transforming customview-1.0.0.aar (androidx.customview:customview:1.0.0) with ExtractAarTransform
Transforming customview-1.0.0.aar (androidx.customview:customview:1.0.0) with AarTransform
Transforming customview-1.0.0.aar (androidx.customview:customview:1.0.0) with JetifyTransform
Transforming customview-1.0.0.aar (androidx.customview:customview:1.0.0) with ExtractAarTransform
Transforming customview-1.0.0.aar (androidx.customview:customview:1.0.0) with AarTransform
Transforming customview-1.0.0.aar (androidx.customview:customview:1.0.0) with JetifyTransform
Transforming customview-1.0.0.aar (androidx.customview:customview:1.0.0) with ExtractAarTransform
Transforming customview-1.0.0.aar (androidx.customview:customview:1.0.0) with AarTransform
Transforming activity-ktx-1.6.0.aar (androidx.activity:activity-ktx:1.6.0) with JetifyTransform
Transforming activity-ktx-1.6.0.aar (androidx.activity:activity-ktx:1.6.0) with ExtractAarTransform
Transforming activity-ktx-1.6.0.aar (androidx.activity:activity-ktx:1.6.0) with AarTransform
Transforming activity-1.6.0.aar (androidx.activity:activity:1.6.0) with JetifyTransform
Transforming activity-1.6.0.aar (androidx.activity:activity:1.6.0) with ExtractAarTransform
Transforming activity-1.6.0.aar (androidx.activity:activity:1.6.0) with AarTransform
Transforming emoji2-views-helper-1.2.0.aar (androidx.emoji2:emoji2-views-helper:1.2.0) with JetifyTransform
Transforming emoji2-views-helper-1.2.0.aar (androidx.emoji2:emoji2-views-helper:1.2.0) with ExtractAarTransform
Transforming emoji2-views-helper-1.2.0.aar (androidx.emoji2:emoji2-views-helper:1.2.0) with AarTransform
Transforming emoji2-1.2.0.aar (androidx.emoji2:emoji2:1.2.0) with JetifyTransform
Transforming emoji2-1.2.0.aar (androidx.emoji2:emoji2:1.2.0) with ExtractAarTransform
Transforming emoji2-1.2.0.aar (androidx.emoji2:emoji2:1.2.0) with AarTransform
Transforming loader-1.0.0.aar (androidx.loader:loader:1.0.0) with JetifyTransform
Transforming loader-1.0.0.aar (androidx.loader:loader:1.0.0) with ExtractAarTransform
Transforming loader-1.0.0.aar (androidx.loader:loader:1.0.0) with AarTransform
Transforming lifecycle-viewmodel-ktx-2.5.1.aar (androidx.lifecycle:lifecycle-viewmodel-ktx:2.5.1) with JetifyTransform
Transforming lifecycle-viewmodel-ktx-2.5.1.aar (androidx.lifecycle:lifecycle-viewmodel-ktx:2.5.1) with ExtractAarTransform
Transforming lifecycle-viewmodel-ktx-2.5.1.aar (androidx.lifecycle:lifecycle-viewmodel-ktx:2.5.1) with AarTransform
Transforming lifecycle-viewmodel-2.5.1.aar (androidx.lifecycle:lifecycle-viewmodel:2.5.1) with JetifyTransform
Transforming lifecycle-viewmodel-2.5.1.aar (androidx.lifecycle:lifecycle-viewmodel:2.5.1) with ExtractAarTransform
Transforming lifecycle-viewmodel-2.5.1.aar (androidx.lifecycle:lifecycle-viewmodel:2.5.1) with AarTransform
Transforming lifecycle-viewmodel-2.5.1.aar (androidx.lifecycle:lifecycle-viewmodel:2.5.1) with JetifyTransform
Transforming lifecycle-viewmodel-2.5.1.aar (androidx.lifecycle:lifecycle-viewmodel:2.5.1) with ExtractAarTransform
Transforming lifecycle-viewmodel-2.5.1.aar (androidx.lifecycle:lifecycle-viewmodel:2.5.1) with AarTransform
Transforming lifecycle-viewmodel-savedstate-2.5.1.aar (androidx.lifecycle:lifecycle-viewmodel-savedstate:2.5.1) with JetifyTransform
Transforming lifecycle-viewmodel-savedstate-2.5.1.aar (androidx.lifecycle:lifecycle-viewmodel-savedstate:2.5.1) with ExtractAarTransform
Transforming lifecycle-viewmodel-savedstate-2.5.1.aar (androidx.lifecycle:lifecycle-viewmodel-savedstate:2.5.1) with AarTransform
Transforming core-ktx-1.9.0.aar (androidx.core:core-ktx:1.9.0) with JetifyTransform
Transforming core-ktx-1.9.0.aar (androidx.core:core-ktx:1.9.0) with ExtractAarTransform
Transforming core-ktx-1.9.0.aar (androidx.core:core-ktx:1.9.0) with AarTransform
Transforming vectordrawable-animated-1.1.0.aar (androidx.vectordrawable:vectordrawable-animated:1.1.0) with JetifyTransform
Transforming vectordrawable-animated-1.1.0.aar (androidx.vectordrawable:vectordrawable-animated:1.1.0) with ExtractAarTransform
Transforming vectordrawable-animated-1.1.0.aar (androidx.vectordrawable:vectordrawable-animated:1.1.0) with AarTransform
Transforming vectordrawable-1.1.0.aar (androidx.vectordrawable:vectordrawable:1.1.0) with JetifyTransform
Transforming vectordrawable-1.1.0.aar (androidx.vectordrawable:vectordrawable:1.1.0) with ExtractAarTransform
Transforming vectordrawable-1.1.0.aar (androidx.vectordrawable:vectordrawable:1.1.0) with AarTransform
Transforming vectordrawable-1.1.0.aar (androidx.vectordrawable:vectordrawable:1.1.0) with JetifyTransform
Transforming vectordrawable-1.1.0.aar (androidx.vectordrawable:vectordrawable:1.1.0) with ExtractAarTransform
Transforming vectordrawable-1.1.0.aar (androidx.vectordrawable:vectordrawable:1.1.0) with AarTransform
Transforming core-1.9.0.aar (androidx.core:core:1.9.0) with JetifyTransform
Transforming core-1.9.0.aar (androidx.core:core:1.9.0) with ExtractAarTransform
Transforming core-1.9.0.aar (androidx.core:core:1.9.0) with AarTransform
Transforming core-1.9.0.aar (androidx.core:core:1.9.0) with JetifyTransform
Transforming core-1.9.0.aar (androidx.core:core:1.9.0) with ExtractAarTransform
Transforming core-1.9.0.aar (androidx.core:core:1.9.0) with AarTransform
Transforming core-1.9.0.aar (androidx.core:core:1.9.0) with JetifyTransform
Transforming core-1.9.0.aar (androidx.core:core:1.9.0) with ExtractAarTransform
Transforming core-1.9.0.aar (androidx.core:core:1.9.0) with AarTransform
Transforming core-1.9.0.aar (androidx.core:core:1.9.0) with JetifyTransform
Transforming core-1.9.0.aar (androidx.core:core:1.9.0) with ExtractAarTransform
Transforming core-1.9.0.aar (androidx.core:core:1.9.0) with AarTransform
Transforming core-1.9.0.aar (androidx.core:core:1.9.0) with JetifyTransform
Transforming core-1.9.0.aar (androidx.core:core:1.9.0) with ExtractAarTransform
Transforming core-1.9.0.aar (androidx.core:core:1.9.0) with AarTransform
Transforming core-1.9.0.aar (androidx.core:core:1.9.0) with JetifyTransform
Transforming core-1.9.0.aar (androidx.core:core:1.9.0) with ExtractAarTransform
Transforming core-1.9.0.aar (androidx.core:core:1.9.0) with AarTransform
Transforming core-1.9.0.aar (androidx.core:core:1.9.0) with JetifyTransform
Transforming core-1.9.0.aar (androidx.core:core:1.9.0) with ExtractAarTransform
Transforming core-1.9.0.aar (androidx.core:core:1.9.0) with AarTransform
Transforming cursoradapter-1.0.0.aar (androidx.cursoradapter:cursoradapter:1.0.0) with JetifyTransform
Transforming cursoradapter-1.0.0.aar (androidx.cursoradapter:cursoradapter:1.0.0) with ExtractAarTransform
Transforming cursoradapter-1.0.0.aar (androidx.cursoradapter:cursoradapter:1.0.0) with AarTransform
Transforming lifecycle-process-2.4.1.aar (androidx.lifecycle:lifecycle-process:2.4.1) with JetifyTransform
Transforming lifecycle-process-2.4.1.aar (androidx.lifecycle:lifecycle-process:2.4.1) with ExtractAarTransform
Transforming lifecycle-process-2.4.1.aar (androidx.lifecycle:lifecycle-process:2.4.1) with AarTransform
Transforming lifecycle-runtime-ktx-2.5.1.aar (androidx.lifecycle:lifecycle-runtime-ktx:2.5.1) with JetifyTransform
Transforming lifecycle-runtime-ktx-2.5.1.aar (androidx.lifecycle:lifecycle-runtime-ktx:2.5.1) with ExtractAarTransform
Transforming lifecycle-runtime-ktx-2.5.1.aar (androidx.lifecycle:lifecycle-runtime-ktx:2.5.1) with AarTransform
Transforming lifecycle-runtime-2.5.1.aar (androidx.lifecycle:lifecycle-runtime:2.5.1) with JetifyTransform
Transforming lifecycle-runtime-2.5.1.aar (androidx.lifecycle:lifecycle-runtime:2.5.1) with ExtractAarTransform
Transforming lifecycle-runtime-2.5.1.aar (androidx.lifecycle:lifecycle-runtime:2.5.1) with AarTransform
Transforming savedstate-ktx-1.2.0.aar (androidx.savedstate:savedstate-ktx:1.2.0) with JetifyTransform
Transforming savedstate-ktx-1.2.0.aar (androidx.savedstate:savedstate-ktx:1.2.0) with ExtractAarTransform
Transforming savedstate-ktx-1.2.0.aar (androidx.savedstate:savedstate-ktx:1.2.0) with AarTransform
Transforming savedstate-1.2.0.aar (androidx.savedstate:savedstate:1.2.0) with JetifyTransform
Transforming savedstate-1.2.0.aar (androidx.savedstate:savedstate:1.2.0) with ExtractAarTransform
Transforming savedstate-1.2.0.aar (androidx.savedstate:savedstate:1.2.0) with AarTransform
Transforming versionedparcelable-1.1.1.aar (androidx.versionedparcelable:versionedparcelable:1.1.1) with JetifyTransform
Transforming versionedparcelable-1.1.1.aar (androidx.versionedparcelable:versionedparcelable:1.1.1) with ExtractAarTransform
Transforming versionedparcelable-1.1.1.aar (androidx.versionedparcelable:versionedparcelable:1.1.1) with AarTransform
Transforming startup-runtime-1.1.1.aar (androidx.startup:startup-runtime:1.1.1) with JetifyTransform
Transforming startup-runtime-1.1.1.aar (androidx.startup:startup-runtime:1.1.1) with ExtractAarTransform
Transforming startup-runtime-1.1.1.aar (androidx.startup:startup-runtime:1.1.1) with AarTransform
Transforming tracing-1.0.0.aar (androidx.tracing:tracing:1.0.0) with JetifyTransform
Transforming tracing-1.0.0.aar (androidx.tracing:tracing:1.0.0) with ExtractAarTransform
Transforming tracing-1.0.0.aar (androidx.tracing:tracing:1.0.0) with AarTransform
Transforming lifecycle-livedata-2.0.0.aar (androidx.lifecycle:lifecycle-livedata:2.0.0) with JetifyTransform
Transforming lifecycle-livedata-2.0.0.aar (androidx.lifecycle:lifecycle-livedata:2.0.0) with ExtractAarTransform
Transforming lifecycle-livedata-2.0.0.aar (androidx.lifecycle:lifecycle-livedata:2.0.0) with AarTransform
Transforming lifecycle-livedata-core-2.5.1.aar (androidx.lifecycle:lifecycle-livedata-core:2.5.1) with JetifyTransform
Transforming lifecycle-livedata-core-2.5.1.aar (androidx.lifecycle:lifecycle-livedata-core:2.5.1) with ExtractAarTransform
Transforming lifecycle-livedata-core-2.5.1.aar (androidx.lifecycle:lifecycle-livedata-core:2.5.1) with AarTransform
Transforming lifecycle-livedata-core-2.5.1.aar (androidx.lifecycle:lifecycle-livedata-core:2.5.1) with JetifyTransform
Transforming lifecycle-livedata-core-2.5.1.aar (androidx.lifecycle:lifecycle-livedata-core:2.5.1) with ExtractAarTransform
Transforming lifecycle-livedata-core-2.5.1.aar (androidx.lifecycle:lifecycle-livedata-core:2.5.1) with AarTransform
Transforming core-runtime-2.1.0.aar (androidx.arch.core:core-runtime:2.1.0) with JetifyTransform
Transforming core-runtime-2.1.0.aar (androidx.arch.core:core-runtime:2.1.0) with ExtractAarTransform
Transforming core-runtime-2.1.0.aar (androidx.arch.core:core-runtime:2.1.0) with AarTransform
Transforming core-runtime-2.1.0.aar (androidx.arch.core:core-runtime:2.1.0) with JetifyTransform
Transforming core-runtime-2.1.0.aar (androidx.arch.core:core-runtime:2.1.0) with ExtractAarTransform
Transforming core-runtime-2.1.0.aar (androidx.arch.core:core-runtime:2.1.0) with AarTransform
Transforming interpolator-1.0.0.aar (androidx.interpolator:interpolator:1.0.0) with JetifyTransform
Transforming interpolator-1.0.0.aar (androidx.interpolator:interpolator:1.0.0) with ExtractAarTransform
Transforming interpolator-1.0.0.aar (androidx.interpolator:interpolator:1.0.0) with AarTransform
Transforming annotation-experimental-1.3.0.aar (androidx.annotation:annotation-experimental:1.3.0) with JetifyTransform
Transforming annotation-experimental-1.3.0.aar (androidx.annotation:annotation-experimental:1.3.0) with ExtractAarTransform
Transforming annotation-experimental-1.3.0.aar (androidx.annotation:annotation-experimental:1.3.0) with AarTransform
Caching disabled for task ':app:processDebugMainManifest' because:
  Build cache is disabled
Task ':app:processDebugMainManifest' is not up-to-date because:
  No history is available.
Loading library manifest /home/fekerr/.gradle/caches/8.11.1/transforms/e89f9d0ecb1678963cb5e841516512ef/transformed/jetified-AppIntro-6.3.1/AndroidManifest.xml
Loading library manifest /home/fekerr/.gradle/caches/8.11.1/transforms/1b2532aad22564bf35ed6625559d9c57/transformed/jetified-localization-1.2.11/AndroidManifest.xml
Loading library manifest /home/fekerr/.gradle/caches/8.11.1/transforms/ebe4128f1be6d10ae817529ca4c6483e/transformed/constraintlayout-2.1.4/AndroidManifest.xml
Loading library manifest /home/fekerr/.gradle/caches/8.11.1/transforms/467908d4acc751c2a322d9da9a6147b1/transformed/jetified-appcompat-resources-1.6.1/AndroidManifest.xml
Loading library manifest /home/fekerr/.gradle/caches/8.11.1/transforms/988825d58de59954cd9f01dda2c915a6/transformed/appcompat-1.6.1/AndroidManifest.xml
Loading library manifest /home/fekerr/.gradle/caches/8.11.1/transforms/d1e719141e64184ea8e2a12fa56b5582/transformed/jetified-floatingactionbutton-1.3.0/AndroidManifest.xml
Loading library manifest /home/fekerr/.gradle/caches/8.11.1/transforms/47aea35bdcf2041576b3afa575239365/transformed/recyclerview-1.1.0/AndroidManifest.xml
Loading library manifest /home/fekerr/.gradle/caches/8.11.1/transforms/53b5613f0cbfab0eca9863d13f9383e8/transformed/drawerlayout-1.0.0/AndroidManifest.xml
Loading library manifest /home/fekerr/.gradle/caches/8.11.1/transforms/2817ea210f91540547e74b5969816d3f/transformed/fragment-1.3.6/AndroidManifest.xml
Loading library manifest /home/fekerr/.gradle/caches/8.11.1/transforms/74ea6b75ddf835c391fd3ae10ef256a8/transformed/viewpager-1.0.0/AndroidManifest.xml
Loading library manifest /home/fekerr/.gradle/caches/8.11.1/transforms/601d0a907251507132895e8c193e5a19/transformed/customview-1.0.0/AndroidManifest.xml
Loading library manifest /home/fekerr/.gradle/caches/8.11.1/transforms/2eb90c16fb7009f2c567ea670b325645/transformed/jetified-activity-ktx-1.6.0/AndroidManifest.xml
Loading library manifest /home/fekerr/.gradle/caches/8.11.1/transforms/efc41742e68535015053ed80124754e8/transformed/jetified-activity-1.6.0/AndroidManifest.xml
Loading library manifest /home/fekerr/.gradle/caches/8.11.1/transforms/350241d808ca72597c643c2e3337d4f3/transformed/jetified-emoji2-views-helper-1.2.0/AndroidManifest.xml
Loading library manifest /home/fekerr/.gradle/caches/8.11.1/transforms/3cf5bb2eaa89f70d2d65612efe9ce47f/transformed/jetified-emoji2-1.2.0/AndroidManifest.xml
Loading library manifest /home/fekerr/.gradle/caches/8.11.1/transforms/d5977ac61df76255e89de1fa92b20e12/transformed/loader-1.0.0/AndroidManifest.xml
Loading library manifest /home/fekerr/.gradle/caches/8.11.1/transforms/b44915b246e93418011d3bafa115382b/transformed/jetified-lifecycle-viewmodel-ktx-2.5.1/AndroidManifest.xml
Loading library manifest /home/fekerr/.gradle/caches/8.11.1/transforms/9d06d03522e596b51498c781042b5db3/transformed/lifecycle-viewmodel-2.5.1/AndroidManifest.xml
Loading library manifest /home/fekerr/.gradle/caches/8.11.1/transforms/74224bfd526dd0c1f014dc1e665510eb/transformed/jetified-lifecycle-viewmodel-savedstate-2.5.1/AndroidManifest.xml
Loading library manifest /home/fekerr/.gradle/caches/8.11.1/transforms/64ad1c2206dbf2ea628c0ff62b8016db/transformed/jetified-core-ktx-1.9.0/AndroidManifest.xml
Loading library manifest /home/fekerr/.gradle/caches/8.11.1/transforms/e8edf896fcc051ca1b25f3cd0c760d59/transformed/vectordrawable-animated-1.1.0/AndroidManifest.xml
Loading library manifest /home/fekerr/.gradle/caches/8.11.1/transforms/24e031ed87071e480067f07d990a1fb7/transformed/vectordrawable-1.1.0/AndroidManifest.xml
Loading library manifest /home/fekerr/.gradle/caches/8.11.1/transforms/4253bceb06fdecebf27e19449c4e7063/transformed/core-1.9.0/AndroidManifest.xml
Loading library manifest /home/fekerr/.gradle/caches/8.11.1/transforms/863ac9545fe7517796c50c7d10561922/transformed/cursoradapter-1.0.0/AndroidManifest.xml
Loading library manifest /home/fekerr/.gradle/caches/8.11.1/transforms/84911c8f41282b1c65d1dcf5f0d486df/transformed/jetified-lifecycle-process-2.4.1/AndroidManifest.xml
Loading library manifest /home/fekerr/.gradle/caches/8.11.1/transforms/3594f5d03472099310ea852b62fada08/transformed/jetified-lifecycle-runtime-ktx-2.5.1/AndroidManifest.xml
Loading library manifest /home/fekerr/.gradle/caches/8.11.1/transforms/d27e5fbcc497dfae01ec8024c75e59ef/transformed/lifecycle-runtime-2.5.1/AndroidManifest.xml
Loading library manifest /home/fekerr/.gradle/caches/8.11.1/transforms/f1782add8869843a9e1ffaccbf1c1192/transformed/jetified-savedstate-ktx-1.2.0/AndroidManifest.xml
Loading library manifest /home/fekerr/.gradle/caches/8.11.1/transforms/401aa9354437a443d91f9afdd20fc109/transformed/jetified-savedstate-1.2.0/AndroidManifest.xml
Loading library manifest /home/fekerr/.gradle/caches/8.11.1/transforms/faf203664fd3cd5341cefaf032595c5c/transformed/versionedparcelable-1.1.1/AndroidManifest.xml
Loading library manifest /home/fekerr/.gradle/caches/8.11.1/transforms/f7267d179324a03b74510d0a4c9cf0bd/transformed/jetified-startup-runtime-1.1.1/AndroidManifest.xml
Loading library manifest /home/fekerr/.gradle/caches/8.11.1/transforms/1ef8ee399e7b4f692305baf1232da283/transformed/jetified-tracing-1.0.0/AndroidManifest.xml
Loading library manifest /home/fekerr/.gradle/caches/8.11.1/transforms/652c2b3f1a64985ae5b04140bb54ca27/transformed/lifecycle-livedata-2.0.0/AndroidManifest.xml
Loading library manifest /home/fekerr/.gradle/caches/8.11.1/transforms/f83c75ebfcf2dd68b407f5661ec8b2a3/transformed/lifecycle-livedata-core-2.5.1/AndroidManifest.xml
Loading library manifest /home/fekerr/.gradle/caches/8.11.1/transforms/7f4421e3cb86ebe71e0d13817ca5bea8/transformed/core-runtime-2.1.0/AndroidManifest.xml
Loading library manifest /home/fekerr/.gradle/caches/8.11.1/transforms/42be9a48ee4dc4cde44b108a4e7174ab/transformed/interpolator-1.0.0/AndroidManifest.xml
Loading library manifest /home/fekerr/.gradle/caches/8.11.1/transforms/bcb0bbf34a87693227df9e3951550064/transformed/jetified-annotation-experimental-1.3.0/AndroidManifest.xml
Merging main manifest /home/fekerr/src/ingress-intel-total-conversion/mobile/app/src/main/AndroidManifest.xml

Merging library manifest /home/fekerr/.gradle/caches/8.11.1/transforms/e89f9d0ecb1678963cb5e841516512ef/transformed/jetified-AppIntro-6.3.1/AndroidManifest.xml
Merging manifest with lower [com.github.AppIntro:AppIntro:6.3.1] AndroidManifest.xml:2:1-7:12
uses-sdk defined in both files...
Merging uses-sdk with lower [com.github.AppIntro:AppIntro:6.3.1] AndroidManifest.xml:5:5-44
Merging library manifest /home/fekerr/.gradle/caches/8.11.1/transforms/1b2532aad22564bf35ed6625559d9c57/transformed/jetified-localization-1.2.11/AndroidManifest.xml
Merging manifest with lower [com.akexorcist:localization:1.2.11] AndroidManifest.xml:2:1-9:12
uses-sdk defined in both files...
Merging uses-sdk with lower [com.akexorcist:localization:1.2.11] AndroidManifest.xml:5:5-7:41
Merging library manifest /home/fekerr/.gradle/caches/8.11.1/transforms/ebe4128f1be6d10ae817529ca4c6483e/transformed/constraintlayout-2.1.4/AndroidManifest.xml
Merging manifest with lower [androidx.constraintlayout:constraintlayout:2.1.4] AndroidManifest.xml:2:1-11:12
uses-sdk defined in both files...
Merging uses-sdk with lower [androidx.constraintlayout:constraintlayout:2.1.4] AndroidManifest.xml:5:5-7:41
application defined in both files...
Merging application with lower [androidx.constraintlayout:constraintlayout:2.1.4] AndroidManifest.xml:9:5-20
Merging library manifest /home/fekerr/.gradle/caches/8.11.1/transforms/467908d4acc751c2a322d9da9a6147b1/transformed/jetified-appcompat-resources-1.6.1/AndroidManifest.xml
Merging manifest with lower [androidx.appcompat:appcompat-resources:1.6.1] AndroidManifest.xml:17:1-22:12
uses-sdk defined in both files...
Merging uses-sdk with lower [androidx.appcompat:appcompat-resources:1.6.1] AndroidManifest.xml:20:5-44
Merging library manifest /home/fekerr/.gradle/caches/8.11.1/transforms/988825d58de59954cd9f01dda2c915a6/transformed/appcompat-1.6.1/AndroidManifest.xml
Merging manifest with lower [androidx.appcompat:appcompat:1.6.1] AndroidManifest.xml:17:1-22:12
uses-sdk defined in both files...
Merging uses-sdk with lower [androidx.appcompat:appcompat:1.6.1] AndroidManifest.xml:20:5-44
Merging library manifest /home/fekerr/.gradle/caches/8.11.1/transforms/d1e719141e64184ea8e2a12fa56b5582/transformed/jetified-floatingactionbutton-1.3.0/AndroidManifest.xml
Merging manifest with lower [com.melnykov:floatingactionbutton:1.3.0] AndroidManifest.xml:2:1-14:12
uses-sdk defined in both files...
Merging uses-sdk with lower [com.melnykov:floatingactionbutton:1.3.0] AndroidManifest.xml:8:5-10:41
application defined in both files...
Merging application with lower [com.melnykov:floatingactionbutton:1.3.0] AndroidManifest.xml:12:5-20
Merging library manifest /home/fekerr/.gradle/caches/8.11.1/transforms/47aea35bdcf2041576b3afa575239365/transformed/recyclerview-1.1.0/AndroidManifest.xml
Merging manifest with lower [androidx.recyclerview:recyclerview:1.1.0] AndroidManifest.xml:17:1-24:12
uses-sdk defined in both files...
Merging uses-sdk with lower [androidx.recyclerview:recyclerview:1.1.0] AndroidManifest.xml:20:5-22:41
Merging library manifest /home/fekerr/.gradle/caches/8.11.1/transforms/53b5613f0cbfab0eca9863d13f9383e8/transformed/drawerlayout-1.0.0/AndroidManifest.xml
Merging manifest with lower [androidx.drawerlayout:drawerlayout:1.0.0] AndroidManifest.xml:17:1-22:12
uses-sdk defined in both files...
Merging uses-sdk with lower [androidx.drawerlayout:drawerlayout:1.0.0] AndroidManifest.xml:20:5-44
Merging library manifest /home/fekerr/.gradle/caches/8.11.1/transforms/2817ea210f91540547e74b5969816d3f/transformed/fragment-1.3.6/AndroidManifest.xml
Merging manifest with lower [androidx.fragment:fragment:1.3.6] AndroidManifest.xml:17:1-24:12
uses-sdk defined in both files...
Merging uses-sdk with lower [androidx.fragment:fragment:1.3.6] AndroidManifest.xml:20:5-22:41
Merging library manifest /home/fekerr/.gradle/caches/8.11.1/transforms/74ea6b75ddf835c391fd3ae10ef256a8/transformed/viewpager-1.0.0/AndroidManifest.xml
Merging manifest with lower [androidx.viewpager:viewpager:1.0.0] AndroidManifest.xml:17:1-22:12
uses-sdk defined in both files...
Merging uses-sdk with lower [androidx.viewpager:viewpager:1.0.0] AndroidManifest.xml:20:5-44
Merging library manifest /home/fekerr/.gradle/caches/8.11.1/transforms/601d0a907251507132895e8c193e5a19/transformed/customview-1.0.0/AndroidManifest.xml
Merging manifest with lower [androidx.customview:customview:1.0.0] AndroidManifest.xml:17:1-22:12
uses-sdk defined in both files...
Merging uses-sdk with lower [androidx.customview:customview:1.0.0] AndroidManifest.xml:20:5-44
Merging library manifest /home/fekerr/.gradle/caches/8.11.1/transforms/2eb90c16fb7009f2c567ea670b325645/transformed/jetified-activity-ktx-1.6.0/AndroidManifest.xml
Merging manifest with lower [androidx.activity:activity-ktx:1.6.0] AndroidManifest.xml:17:1-22:12
uses-sdk defined in both files...
Merging uses-sdk with lower [androidx.activity:activity-ktx:1.6.0] AndroidManifest.xml:20:5-44
Merging library manifest /home/fekerr/.gradle/caches/8.11.1/transforms/efc41742e68535015053ed80124754e8/transformed/jetified-activity-1.6.0/AndroidManifest.xml
Merging manifest with lower [androidx.activity:activity:1.6.0] AndroidManifest.xml:17:1-22:12
uses-sdk defined in both files...
Merging uses-sdk with lower [androidx.activity:activity:1.6.0] AndroidManifest.xml:20:5-44
Merging library manifest /home/fekerr/.gradle/caches/8.11.1/transforms/350241d808ca72597c643c2e3337d4f3/transformed/jetified-emoji2-views-helper-1.2.0/AndroidManifest.xml
Merging manifest with lower [androidx.emoji2:emoji2-views-helper:1.2.0] AndroidManifest.xml:2:1-7:12
uses-sdk defined in both files...
Merging uses-sdk with lower [androidx.emoji2:emoji2-views-helper:1.2.0] AndroidManifest.xml:5:5-44
Merging library manifest /home/fekerr/.gradle/caches/8.11.1/transforms/3cf5bb2eaa89f70d2d65612efe9ce47f/transformed/jetified-emoji2-1.2.0/AndroidManifest.xml
Merging manifest with lower [androidx.emoji2:emoji2:1.2.0] AndroidManifest.xml:17:1-35:12
uses-sdk defined in both files...
Merging uses-sdk with lower [androidx.emoji2:emoji2:1.2.0] AndroidManifest.xml:21:5-44
application defined in both files...
Merging application with lower [androidx.emoji2:emoji2:1.2.0] AndroidManifest.xml:23:5-33:19
Adopted [provider: null]
Merging library manifest /home/fekerr/.gradle/caches/8.11.1/transforms/d5977ac61df76255e89de1fa92b20e12/transformed/loader-1.0.0/AndroidManifest.xml
Merging manifest with lower [androidx.loader:loader:1.0.0] AndroidManifest.xml:17:1-22:12
uses-sdk defined in both files...
Merging uses-sdk with lower [androidx.loader:loader:1.0.0] AndroidManifest.xml:20:5-44
Merging library manifest /home/fekerr/.gradle/caches/8.11.1/transforms/b44915b246e93418011d3bafa115382b/transformed/jetified-lifecycle-viewmodel-ktx-2.5.1/AndroidManifest.xml
Merging manifest with lower [androidx.lifecycle:lifecycle-viewmodel-ktx:2.5.1] AndroidManifest.xml:17:1-24:12
uses-sdk defined in both files...
Merging uses-sdk with lower [androidx.lifecycle:lifecycle-viewmodel-ktx:2.5.1] AndroidManifest.xml:20:5-22:41
Merging library manifest /home/fekerr/.gradle/caches/8.11.1/transforms/9d06d03522e596b51498c781042b5db3/transformed/lifecycle-viewmodel-2.5.1/AndroidManifest.xml
Merging manifest with lower [androidx.lifecycle:lifecycle-viewmodel:2.5.1] AndroidManifest.xml:17:1-24:12
uses-sdk defined in both files...
Merging uses-sdk with lower [androidx.lifecycle:lifecycle-viewmodel:2.5.1] AndroidManifest.xml:20:5-22:41
Merging library manifest /home/fekerr/.gradle/caches/8.11.1/transforms/74224bfd526dd0c1f014dc1e665510eb/transformed/jetified-lifecycle-viewmodel-savedstate-2.5.1/AndroidManifest.xml
Merging manifest with lower [androidx.lifecycle:lifecycle-viewmodel-savedstate:2.5.1] AndroidManifest.xml:17:1-24:12
uses-sdk defined in both files...
Merging uses-sdk with lower [androidx.lifecycle:lifecycle-viewmodel-savedstate:2.5.1] AndroidManifest.xml:20:5-22:41
Merging library manifest /home/fekerr/.gradle/caches/8.11.1/transforms/64ad1c2206dbf2ea628c0ff62b8016db/transformed/jetified-core-ktx-1.9.0/AndroidManifest.xml
Merging manifest with lower [androidx.core:core-ktx:1.9.0] AndroidManifest.xml:2:1-7:12
uses-sdk defined in both files...
Merging uses-sdk with lower [androidx.core:core-ktx:1.9.0] AndroidManifest.xml:5:5-44
Merging library manifest /home/fekerr/.gradle/caches/8.11.1/transforms/e8edf896fcc051ca1b25f3cd0c760d59/transformed/vectordrawable-animated-1.1.0/AndroidManifest.xml
Merging manifest with lower [androidx.vectordrawable:vectordrawable-animated:1.1.0] AndroidManifest.xml:17:1-24:12
uses-sdk defined in both files...
Merging uses-sdk with lower [androidx.vectordrawable:vectordrawable-animated:1.1.0] AndroidManifest.xml:20:5-22:41
Merging library manifest /home/fekerr/.gradle/caches/8.11.1/transforms/24e031ed87071e480067f07d990a1fb7/transformed/vectordrawable-1.1.0/AndroidManifest.xml
Merging manifest with lower [androidx.vectordrawable:vectordrawable:1.1.0] AndroidManifest.xml:17:1-24:12
uses-sdk defined in both files...
Merging uses-sdk with lower [androidx.vectordrawable:vectordrawable:1.1.0] AndroidManifest.xml:20:5-22:41
Merging library manifest /home/fekerr/.gradle/caches/8.11.1/transforms/4253bceb06fdecebf27e19449c4e7063/transformed/core-1.9.0/AndroidManifest.xml
Merging manifest with lower [androidx.core:core:1.9.0] AndroidManifest.xml:17:1-30:12
uses-sdk defined in both files...
Merging uses-sdk with lower [androidx.core:core:1.9.0] AndroidManifest.xml:20:5-44
Adopted [permission: null]
Adopted [uses-permission: null]
application defined in both files...
Merging application with lower [androidx.core:core:1.9.0] AndroidManifest.xml:28:5-89
Merging library manifest /home/fekerr/.gradle/caches/8.11.1/transforms/863ac9545fe7517796c50c7d10561922/transformed/cursoradapter-1.0.0/AndroidManifest.xml
Merging manifest with lower [androidx.cursoradapter:cursoradapter:1.0.0] AndroidManifest.xml:17:1-22:12
uses-sdk defined in both files...
Merging uses-sdk with lower [androidx.cursoradapter:cursoradapter:1.0.0] AndroidManifest.xml:20:5-44
Merging library manifest /home/fekerr/.gradle/caches/8.11.1/transforms/84911c8f41282b1c65d1dcf5f0d486df/transformed/jetified-lifecycle-process-2.4.1/AndroidManifest.xml
Merging manifest with lower [androidx.lifecycle:lifecycle-process:2.4.1] AndroidManifest.xml:17:1-37:12
uses-sdk defined in both files...
Merging uses-sdk with lower [androidx.lifecycle:lifecycle-process:2.4.1] AndroidManifest.xml:21:5-23:41
application defined in both files...
Merging application with lower [androidx.lifecycle:lifecycle-process:2.4.1] AndroidManifest.xml:25:5-35:19
provider#androidx.startup.InitializationProvider defined in both files...
Merging provider#androidx.startup.InitializationProvider with lower [androidx.lifecycle:lifecycle-process:2.4.1] AndroidManifest.xml:26:9-34:20
Adopted [meta-data: null]
Merging library manifest /home/fekerr/.gradle/caches/8.11.1/transforms/3594f5d03472099310ea852b62fada08/transformed/jetified-lifecycle-runtime-ktx-2.5.1/AndroidManifest.xml
Merging manifest with lower [androidx.lifecycle:lifecycle-runtime-ktx:2.5.1] AndroidManifest.xml:17:1-24:12
uses-sdk defined in both files...
Merging uses-sdk with lower [androidx.lifecycle:lifecycle-runtime-ktx:2.5.1] AndroidManifest.xml:20:5-22:41
Merging library manifest /home/fekerr/.gradle/caches/8.11.1/transforms/d27e5fbcc497dfae01ec8024c75e59ef/transformed/lifecycle-runtime-2.5.1/AndroidManifest.xml
Merging manifest with lower [androidx.lifecycle:lifecycle-runtime:2.5.1] AndroidManifest.xml:17:1-24:12
uses-sdk defined in both files...
Merging uses-sdk with lower [androidx.lifecycle:lifecycle-runtime:2.5.1] AndroidManifest.xml:20:5-22:41
Merging library manifest /home/fekerr/.gradle/caches/8.11.1/transforms/f1782add8869843a9e1ffaccbf1c1192/transformed/jetified-savedstate-ktx-1.2.0/AndroidManifest.xml
Merging manifest with lower [androidx.savedstate:savedstate-ktx:1.2.0] AndroidManifest.xml:17:1-24:12
uses-sdk defined in both files...
Merging uses-sdk with lower [androidx.savedstate:savedstate-ktx:1.2.0] AndroidManifest.xml:20:5-22:41
Merging library manifest /home/fekerr/.gradle/caches/8.11.1/transforms/401aa9354437a443d91f9afdd20fc109/transformed/jetified-savedstate-1.2.0/AndroidManifest.xml
Merging manifest with lower [androidx.savedstate:savedstate:1.2.0] AndroidManifest.xml:17:1-24:12
uses-sdk defined in both files...
Merging uses-sdk with lower [androidx.savedstate:savedstate:1.2.0] AndroidManifest.xml:20:5-22:41
Merging library manifest /home/fekerr/.gradle/caches/8.11.1/transforms/faf203664fd3cd5341cefaf032595c5c/transformed/versionedparcelable-1.1.1/AndroidManifest.xml
Merging manifest with lower [androidx.versionedparcelable:versionedparcelable:1.1.1] AndroidManifest.xml:17:1-27:12
uses-sdk defined in both files...
Merging uses-sdk with lower [androidx.versionedparcelable:versionedparcelable:1.1.1] AndroidManifest.xml:20:5-22:41
application defined in both files...
Merging application with lower [androidx.versionedparcelable:versionedparcelable:1.1.1] AndroidManifest.xml:24:5-25:19
Merging library manifest /home/fekerr/.gradle/caches/8.11.1/transforms/f7267d179324a03b74510d0a4c9cf0bd/transformed/jetified-startup-runtime-1.1.1/AndroidManifest.xml
Merging manifest with lower [androidx.startup:startup-runtime:1.1.1] AndroidManifest.xml:17:1-33:12
uses-sdk defined in both files...
Merging uses-sdk with lower [androidx.startup:startup-runtime:1.1.1] AndroidManifest.xml:21:5-23:41
application defined in both files...
Merging application with lower [androidx.startup:startup-runtime:1.1.1] AndroidManifest.xml:25:5-31:19
provider#androidx.startup.InitializationProvider defined in both files...
Merging provider#androidx.startup.InitializationProvider with lower [androidx.startup:startup-runtime:1.1.1] AndroidManifest.xml:26:9-30:34
Merging library manifest /home/fekerr/.gradle/caches/8.11.1/transforms/1ef8ee399e7b4f692305baf1232da283/transformed/jetified-tracing-1.0.0/AndroidManifest.xml
Merging manifest with lower [androidx.tracing:tracing:1.0.0] AndroidManifest.xml:17:1-24:12
uses-sdk defined in both files...
Merging uses-sdk with lower [androidx.tracing:tracing:1.0.0] AndroidManifest.xml:20:5-22:41
Merging library manifest /home/fekerr/.gradle/caches/8.11.1/transforms/652c2b3f1a64985ae5b04140bb54ca27/transformed/lifecycle-livedata-2.0.0/AndroidManifest.xml
Merging manifest with lower [androidx.lifecycle:lifecycle-livedata:2.0.0] AndroidManifest.xml:17:1-22:12
uses-sdk defined in both files...
Merging uses-sdk with lower [androidx.lifecycle:lifecycle-livedata:2.0.0] AndroidManifest.xml:20:5-44
Merging library manifest /home/fekerr/.gradle/caches/8.11.1/transforms/f83c75ebfcf2dd68b407f5661ec8b2a3/transformed/lifecycle-livedata-core-2.5.1/AndroidManifest.xml
Merging manifest with lower [androidx.lifecycle:lifecycle-livedata-core:2.5.1] AndroidManifest.xml:17:1-24:12
uses-sdk defined in both files...
Merging uses-sdk with lower [androidx.lifecycle:lifecycle-livedata-core:2.5.1] AndroidManifest.xml:20:5-22:41
Merging library manifest /home/fekerr/.gradle/caches/8.11.1/transforms/7f4421e3cb86ebe71e0d13817ca5bea8/transformed/core-runtime-2.1.0/AndroidManifest.xml
Merging manifest with lower [androidx.arch.core:core-runtime:2.1.0] AndroidManifest.xml:17:1-24:12
uses-sdk defined in both files...
Merging uses-sdk with lower [androidx.arch.core:core-runtime:2.1.0] AndroidManifest.xml:20:5-22:41
Merging library manifest /home/fekerr/.gradle/caches/8.11.1/transforms/42be9a48ee4dc4cde44b108a4e7174ab/transformed/interpolator-1.0.0/AndroidManifest.xml
Merging manifest with lower [androidx.interpolator:interpolator:1.0.0] AndroidManifest.xml:17:1-22:12
uses-sdk defined in both files...
Merging uses-sdk with lower [androidx.interpolator:interpolator:1.0.0] AndroidManifest.xml:20:5-44
Merging library manifest /home/fekerr/.gradle/caches/8.11.1/transforms/bcb0bbf34a87693227df9e3951550064/transformed/jetified-annotation-experimental-1.3.0/AndroidManifest.xml
Merging manifest with lower [androidx.annotation:annotation-experimental:1.3.0] AndroidManifest.xml:17:1-22:12
uses-sdk defined in both files...
Merging uses-sdk with lower [androidx.annotation:annotation-experimental:1.3.0] AndroidManifest.xml:20:5-44
Merging result: SUCCESS
1<?xml version="1.0" encoding="utf-8"?>
2<manifest xmlns:android="http://schemas.android.com/apk/res/android"
3    package="org.exarhteam.iitc_mobile.debug"
4    android:versionCode="1747674745"
5    android:versionName="0.40.0-test-2025.05.19-10:28" >
6
7    <uses-sdk
8        android:minSdkVersion="23"
9        android:targetSdkVersion="35" />
10
11    <uses-permission android:name="android.permission.ACCESS_FINE_LOCATION" />
11-->/home/fekerr/src/ingress-intel-total-conversion/mobile/app/src/main/AndroidManifest.xml:3:5-78
11-->/home/fekerr/src/ingress-intel-total-conversion/mobile/app/src/main/AndroidManifest.xml:3:22-76
12    <uses-permission android:name="android.permission.ACCESS_COARSE_LOCATION" />
12-->/home/fekerr/src/ingress-intel-total-conversion/mobile/app/src/main/AndroidManifest.xml:4:5-81
12-->/home/fekerr/src/ingress-intel-total-conversion/mobile/app/src/main/AndroidManifest.xml:4:22-78
13    <uses-permission android:name="android.permission.ACCESS_NETWORK_STATE" />
13-->/home/fekerr/src/ingress-intel-total-conversion/mobile/app/src/main/AndroidManifest.xml:5:5-78
13-->/home/fekerr/src/ingress-intel-total-conversion/mobile/app/src/main/AndroidManifest.xml:5:22-76
14    <uses-permission android:name="android.permission.INTERNET" />
14-->/home/fekerr/src/ingress-intel-total-conversion/mobile/app/src/main/AndroidManifest.xml:6:5-66
14-->/home/fekerr/src/ingress-intel-total-conversion/mobile/app/src/main/AndroidManifest.xml:6:22-64
15    <uses-permission android:name="android.permission.NFC" />
15-->/home/fekerr/src/ingress-intel-total-conversion/mobile/app/src/main/AndroidManifest.xml:7:5-61
15-->/home/fekerr/src/ingress-intel-total-conversion/mobile/app/src/main/AndroidManifest.xml:7:22-59
16    <uses-permission android:name="android.permission.POST_NOTIFICATIONS" />
16-->/home/fekerr/src/ingress-intel-total-conversion/mobile/app/src/main/AndroidManifest.xml:8:5-77
16-->/home/fekerr/src/ingress-intel-total-conversion/mobile/app/src/main/AndroidManifest.xml:8:22-74
17    <uses-permission android:name="android.permission.WRITE_EXTERNAL_STORAGE" />
17-->/home/fekerr/src/ingress-intel-total-conversion/mobile/app/src/main/AndroidManifest.xml:9:5-80
17-->/home/fekerr/src/ingress-intel-total-conversion/mobile/app/src/main/AndroidManifest.xml:9:22-78
18    <uses-permission android:name="android.permission.ACCESS_WIFI_STATE" />
18-->/home/fekerr/src/ingress-intel-total-conversion/mobile/app/src/main/AndroidManifest.xml:10:5-76
18-->/home/fekerr/src/ingress-intel-total-conversion/mobile/app/src/main/AndroidManifest.xml:10:22-73
19    <uses-permission android:name="android.permission.VIBRATE" />
19-->/home/fekerr/src/ingress-intel-total-conversion/mobile/app/src/main/AndroidManifest.xml:11:5-66
19-->/home/fekerr/src/ingress-intel-total-conversion/mobile/app/src/main/AndroidManifest.xml:11:22-63
20
21    <permission
21-->[androidx.core:core:1.9.0] /home/fekerr/.gradle/caches/8.11.1/transforms/4253bceb06fdecebf27e19449c4e7063/transformed/core-1.9.0/AndroidManifest.xml:22:5-24:47
22        android:name="org.exarhteam.iitc_mobile.debug.DYNAMIC_RECEIVER_NOT_EXPORTED_PERMISSION"
22-->[androidx.core:core:1.9.0] /home/fekerr/.gradle/caches/8.11.1/transforms/4253bceb06fdecebf27e19449c4e7063/transformed/core-1.9.0/AndroidManifest.xml:23:9-81
23        android:protectionLevel="signature" />
23-->[androidx.core:core:1.9.0] /home/fekerr/.gradle/caches/8.11.1/transforms/4253bceb06fdecebf27e19449c4e7063/transformed/core-1.9.0/AndroidManifest.xml:24:9-44
24
25    <uses-permission android:name="org.exarhteam.iitc_mobile.debug.DYNAMIC_RECEIVER_NOT_EXPORTED_PERMISSION" />
25-->[androidx.core:core:1.9.0] /home/fekerr/.gradle/caches/8.11.1/transforms/4253bceb06fdecebf27e19449c4e7063/transformed/core-1.9.0/AndroidManifest.xml:26:5-97
25-->[androidx.core:core:1.9.0] /home/fekerr/.gradle/caches/8.11.1/transforms/4253bceb06fdecebf27e19449c4e7063/transformed/core-1.9.0/AndroidManifest.xml:26:22-94
26
27    <application
27-->/home/fekerr/src/ingress-intel-total-conversion/mobile/app/src/main/AndroidManifest.xml:13:5-200:19
28        android:name="org.exarhteam.iitc_mobile.IITC_Application"
28-->/home/fekerr/src/ingress-intel-total-conversion/mobile/app/src/main/AndroidManifest.xml:14:9-66
29        android:allowBackup="true"
29-->/home/fekerr/src/ingress-intel-total-conversion/mobile/app/src/main/AndroidManifest.xml:15:9-35
30        android:appComponentFactory="androidx.core.app.CoreComponentFactory"
30-->[androidx.core:core:1.9.0] /home/fekerr/.gradle/caches/8.11.1/transforms/4253bceb06fdecebf27e19449c4e7063/transformed/core-1.9.0/AndroidManifest.xml:28:18-86
31        android:debuggable="true"
32        android:extractNativeLibs="false"
33        android:icon="@mipmap/ic_iitcm"
33-->/home/fekerr/src/ingress-intel-total-conversion/mobile/app/src/main/AndroidManifest.xml:16:9-40
34        android:label="@string/app_name"
34-->/home/fekerr/src/ingress-intel-total-conversion/mobile/app/src/main/AndroidManifest.xml:18:9-41
35        android:requestLegacyExternalStorage="true"
35-->/home/fekerr/src/ingress-intel-total-conversion/mobile/app/src/main/AndroidManifest.xml:19:9-52
36        android:roundIcon="@mipmap/ic_iitcm"
36-->/home/fekerr/src/ingress-intel-total-conversion/mobile/app/src/main/AndroidManifest.xml:17:9-45
37        android:theme="@style/AppBaseTheme" >
37-->/home/fekerr/src/ingress-intel-total-conversion/mobile/app/src/main/AndroidManifest.xml:20:9-44
38        <activity
38-->/home/fekerr/src/ingress-intel-total-conversion/mobile/app/src/main/AndroidManifest.xml:21:9-22:41
39            android:name="org.exarhteam.iitc_mobile.IntroActivity"
39-->/home/fekerr/src/ingress-intel-total-conversion/mobile/app/src/main/AndroidManifest.xml:21:19-73
40            android:label="app_intro" />
40-->/home/fekerr/src/ingress-intel-total-conversion/mobile/app/src/main/AndroidManifest.xml:22:13-38
41        <activity
41-->/home/fekerr/src/ingress-intel-total-conversion/mobile/app/src/main/AndroidManifest.xml:24:9-86:20
42            android:name="org.exarhteam.iitc_mobile.IITC_Mobile"
42-->/home/fekerr/src/ingress-intel-total-conversion/mobile/app/src/main/AndroidManifest.xml:25:13-65
43            android:configChanges="orientation|keyboard|keyboardHidden|screenSize|uiMode"
43-->/home/fekerr/src/ingress-intel-total-conversion/mobile/app/src/main/AndroidManifest.xml:27:13-90
44            android:exported="true"
44-->/home/fekerr/src/ingress-intel-total-conversion/mobile/app/src/main/AndroidManifest.xml:26:13-36
45            android:label="@string/app_name"
45-->/home/fekerr/src/ingress-intel-total-conversion/mobile/app/src/main/AndroidManifest.xml:28:13-45
46            android:launchMode="singleTask" >
46-->/home/fekerr/src/ingress-intel-total-conversion/mobile/app/src/main/AndroidManifest.xml:29:13-44
47            <intent-filter>
47-->/home/fekerr/src/ingress-intel-total-conversion/mobile/app/src/main/AndroidManifest.xml:30:13-36:29
48                <action android:name="android.intent.action.MAIN" />
48-->/home/fekerr/src/ingress-intel-total-conversion/mobile/app/src/main/AndroidManifest.xml:31:17-68
48-->/home/fekerr/src/ingress-intel-total-conversion/mobile/app/src/main/AndroidManifest.xml:31:25-66
49
50                <category android:name="android.intent.category.LAUNCHER" />
50-->/home/fekerr/src/ingress-intel-total-conversion/mobile/app/src/main/AndroidManifest.xml:33:17-76
50-->/home/fekerr/src/ingress-intel-total-conversion/mobile/app/src/main/AndroidManifest.xml:33:27-74
51                <!-- Used for Samsung Multi-Window support -->
52                <category android:name="android.intent.category.MULTIWINDOW_LAUNCHER" />
52-->/home/fekerr/src/ingress-intel-total-conversion/mobile/app/src/main/AndroidManifest.xml:35:17-88
52-->/home/fekerr/src/ingress-intel-total-conversion/mobile/app/src/main/AndroidManifest.xml:35:27-86
53            </intent-filter>
54
55            <!-- Receives the search request. -->
56            <intent-filter>
56-->/home/fekerr/src/ingress-intel-total-conversion/mobile/app/src/main/AndroidManifest.xml:39:13-42:29
57                <action android:name="android.intent.action.SEARCH" />
57-->/home/fekerr/src/ingress-intel-total-conversion/mobile/app/src/main/AndroidManifest.xml:40:17-70
57-->/home/fekerr/src/ingress-intel-total-conversion/mobile/app/src/main/AndroidManifest.xml:40:25-68
58                <!-- No category needed, because the Intent will specify this class component -->
59            </intent-filter>
60
61            <!-- Handles the implicit intent to VIEW the intel.ingress.com/ URI -->
62            <intent-filter>
62-->/home/fekerr/src/ingress-intel-total-conversion/mobile/app/src/main/AndroidManifest.xml:45:13-55:29
63                <action android:name="android.intent.action.VIEW" />
63-->/home/fekerr/src/ingress-intel-total-conversion/mobile/app/src/main/AndroidManifest.xml:46:17-68
63-->/home/fekerr/src/ingress-intel-total-conversion/mobile/app/src/main/AndroidManifest.xml:46:25-66
64                <action android:name="android.nfc.action.NDEF_DISCOVERED" />
64-->/home/fekerr/src/ingress-intel-total-conversion/mobile/app/src/main/AndroidManifest.xml:47:17-76
64-->/home/fekerr/src/ingress-intel-total-conversion/mobile/app/src/main/AndroidManifest.xml:47:25-74
65
66                <category android:name="android.intent.category.DEFAULT" />
66-->/home/fekerr/src/ingress-intel-total-conversion/mobile/app/src/main/AndroidManifest.xml:49:17-75
66-->/home/fekerr/src/ingress-intel-total-conversion/mobile/app/src/main/AndroidManifest.xml:49:27-73
67                <category android:name="android.intent.category.BROWSABLE" />
67-->/home/fekerr/src/ingress-intel-total-conversion/mobile/app/src/main/AndroidManifest.xml:50:17-77
67-->/home/fekerr/src/ingress-intel-total-conversion/mobile/app/src/main/AndroidManifest.xml:50:27-75
68
69                <data android:scheme="http" />
69-->/home/fekerr/src/ingress-intel-total-conversion/mobile/app/src/main/AndroidManifest.xml:52:17-46
69-->/home/fekerr/src/ingress-intel-total-conversion/mobile/app/src/main/AndroidManifest.xml:52:23-44
70                <data android:scheme="https" />
70-->/home/fekerr/src/ingress-intel-total-conversion/mobile/app/src/main/AndroidManifest.xml:52:17-46
70-->/home/fekerr/src/ingress-intel-total-conversion/mobile/app/src/main/AndroidManifest.xml:52:23-44
71                <data android:host="intel.ingress.com" />
71-->/home/fekerr/src/ingress-intel-total-conversion/mobile/app/src/main/AndroidManifest.xml:52:17-46
71-->/home/fekerr/src/ingress-intel-total-conversion/mobile/app/src/main/AndroidManifest.xml:54:23-55
72            </intent-filter>
73
74            <!-- Handles the implicit intent to VIEW legacy [www.]ingress.com/intel URI -->
75            <intent-filter>
75-->/home/fekerr/src/ingress-intel-total-conversion/mobile/app/src/main/AndroidManifest.xml:58:13-70:29
76                <action android:name="android.intent.action.VIEW" />
76-->/home/fekerr/src/ingress-intel-total-conversion/mobile/app/src/main/AndroidManifest.xml:46:17-68
76-->/home/fekerr/src/ingress-intel-total-conversion/mobile/app/src/main/AndroidManifest.xml:46:25-66
77                <action android:name="android.nfc.action.NDEF_DISCOVERED" />
77-->/home/fekerr/src/ingress-intel-total-conversion/mobile/app/src/main/AndroidManifest.xml:47:17-76
77-->/home/fekerr/src/ingress-intel-total-conversion/mobile/app/src/main/AndroidManifest.xml:47:25-74
78
79                <category android:name="android.intent.category.DEFAULT" />
79-->/home/fekerr/src/ingress-intel-total-conversion/mobile/app/src/main/AndroidManifest.xml:49:17-75
79-->/home/fekerr/src/ingress-intel-total-conversion/mobile/app/src/main/AndroidManifest.xml:49:27-73
80                <category android:name="android.intent.category.BROWSABLE" />
80-->/home/fekerr/src/ingress-intel-total-conversion/mobile/app/src/main/AndroidManifest.xml:50:17-77
80-->/home/fekerr/src/ingress-intel-total-conversion/mobile/app/src/main/AndroidManifest.xml:50:27-75
81
82                <data android:scheme="http" />
82-->/home/fekerr/src/ingress-intel-total-conversion/mobile/app/src/main/AndroidManifest.xml:52:17-46
82-->/home/fekerr/src/ingress-intel-total-conversion/mobile/app/src/main/AndroidManifest.xml:52:23-44
83                <data android:scheme="https" />
83-->/home/fekerr/src/ingress-intel-total-conversion/mobile/app/src/main/AndroidManifest.xml:52:17-46
83-->/home/fekerr/src/ingress-intel-total-conversion/mobile/app/src/main/AndroidManifest.xml:52:23-44
84                <data android:host="ingress.com" />
84-->/home/fekerr/src/ingress-intel-total-conversion/mobile/app/src/main/AndroidManifest.xml:52:17-46
84-->/home/fekerr/src/ingress-intel-total-conversion/mobile/app/src/main/AndroidManifest.xml:54:23-55
85                <data android:host="www.ingress.com" />
85-->/home/fekerr/src/ingress-intel-total-conversion/mobile/app/src/main/AndroidManifest.xml:52:17-46
85-->/home/fekerr/src/ingress-intel-total-conversion/mobile/app/src/main/AndroidManifest.xml:54:23-55
86                <data android:pathPrefix="/intel" />
86-->/home/fekerr/src/ingress-intel-total-conversion/mobile/app/src/main/AndroidManifest.xml:52:17-46
86-->/home/fekerr/src/ingress-intel-total-conversion/mobile/app/src/main/AndroidManifest.xml:69:23-50
87            </intent-filter>
88
89            <!-- Handles geo: URIs -->
90            <intent-filter>
90-->/home/fekerr/src/ingress-intel-total-conversion/mobile/app/src/main/AndroidManifest.xml:73:13-80:29
91                <action android:name="android.intent.action.VIEW" />
91-->/home/fekerr/src/ingress-intel-total-conversion/mobile/app/src/main/AndroidManifest.xml:46:17-68
91-->/home/fekerr/src/ingress-intel-total-conversion/mobile/app/src/main/AndroidManifest.xml:46:25-66
92
93                <category android:name="android.intent.category.DEFAULT" />
93-->/home/fekerr/src/ingress-intel-total-conversion/mobile/app/src/main/AndroidManifest.xml:49:17-75
93-->/home/fekerr/src/ingress-intel-total-conversion/mobile/app/src/main/AndroidManifest.xml:49:27-73
94                <category android:name="android.intent.category.BROWSABLE" />
94-->/home/fekerr/src/ingress-intel-total-conversion/mobile/app/src/main/AndroidManifest.xml:50:17-77
94-->/home/fekerr/src/ingress-intel-total-conversion/mobile/app/src/main/AndroidManifest.xml:50:27-75
95
96                <data android:scheme="geo" />
96-->/home/fekerr/src/ingress-intel-total-conversion/mobile/app/src/main/AndroidManifest.xml:52:17-46
96-->/home/fekerr/src/ingress-intel-total-conversion/mobile/app/src/main/AndroidManifest.xml:52:23-44
97            </intent-filter>
98
99            <!-- Points to searchable meta data. -->
100            <meta-data
100-->/home/fekerr/src/ingress-intel-total-conversion/mobile/app/src/main/AndroidManifest.xml:83:13-85:53
101                android:name="android.app.searchable"
101-->/home/fekerr/src/ingress-intel-total-conversion/mobile/app/src/main/AndroidManifest.xml:84:17-54
102                android:resource="@xml/searchable" />
102-->/home/fekerr/src/ingress-intel-total-conversion/mobile/app/src/main/AndroidManifest.xml:85:17-51
103        </activity>
104        <activity
104-->/home/fekerr/src/ingress-intel-total-conversion/mobile/app/src/main/AndroidManifest.xml:88:9-93:56
105            android:name="org.exarhteam.iitc_mobile.prefs.PreferenceActivity"
105-->/home/fekerr/src/ingress-intel-total-conversion/mobile/app/src/main/AndroidManifest.xml:89:13-78
106            android:configChanges="orientation|keyboard|keyboardHidden|screenSize"
106-->/home/fekerr/src/ingress-intel-total-conversion/mobile/app/src/main/AndroidManifest.xml:92:13-83
107            android:exported="false"
107-->/home/fekerr/src/ingress-intel-total-conversion/mobile/app/src/main/AndroidManifest.xml:91:13-37
108            android:label="@string/activity_settings"
108-->/home/fekerr/src/ingress-intel-total-conversion/mobile/app/src/main/AndroidManifest.xml:93:13-54
109            android:theme="@style/AppPrefTheme" />
109-->/home/fekerr/src/ingress-intel-total-conversion/mobile/app/src/main/AndroidManifest.xml:90:13-48
110        <activity
110-->/home/fekerr/src/ingress-intel-total-conversion/mobile/app/src/main/AndroidManifest.xml:95:9-124:20
111            android:name="org.exarhteam.iitc_mobile.prefs.PluginPreferenceActivity"
111-->/home/fekerr/src/ingress-intel-total-conversion/mobile/app/src/main/AndroidManifest.xml:96:13-84
112            android:configChanges="orientation|keyboard|keyboardHidden|screenSize"
112-->/home/fekerr/src/ingress-intel-total-conversion/mobile/app/src/main/AndroidManifest.xml:99:13-83
113            android:exported="true"
113-->/home/fekerr/src/ingress-intel-total-conversion/mobile/app/src/main/AndroidManifest.xml:97:13-36
114            android:label="@string/activity_plugins"
114-->/home/fekerr/src/ingress-intel-total-conversion/mobile/app/src/main/AndroidManifest.xml:100:13-53
115            android:theme="@style/AppPrefTheme" >
115-->/home/fekerr/src/ingress-intel-total-conversion/mobile/app/src/main/AndroidManifest.xml:98:13-48
116
117            <!-- Handles external user plugins -->
118            <intent-filter>
118-->/home/fekerr/src/ingress-intel-total-conversion/mobile/app/src/main/AndroidManifest.xml:102:13-112:29
119                <action android:name="android.intent.action.VIEW" />
119-->/home/fekerr/src/ingress-intel-total-conversion/mobile/app/src/main/AndroidManifest.xml:46:17-68
119-->/home/fekerr/src/ingress-intel-total-conversion/mobile/app/src/main/AndroidManifest.xml:46:25-66
120                <action android:name="android.nfc.action.NDEF_DISCOVERED" />
120-->/home/fekerr/src/ingress-intel-total-conversion/mobile/app/src/main/AndroidManifest.xml:47:17-76
120-->/home/fekerr/src/ingress-intel-total-conversion/mobile/app/src/main/AndroidManifest.xml:47:25-74
121
122                <category android:name="android.intent.category.DEFAULT" />
122-->/home/fekerr/src/ingress-intel-total-conversion/mobile/app/src/main/AndroidManifest.xml:49:17-75
122-->/home/fekerr/src/ingress-intel-total-conversion/mobile/app/src/main/AndroidManifest.xml:49:27-73
123                <category android:name="android.intent.category.BROWSABLE" />
123-->/home/fekerr/src/ingress-intel-total-conversion/mobile/app/src/main/AndroidManifest.xml:50:17-77
123-->/home/fekerr/src/ingress-intel-total-conversion/mobile/app/src/main/AndroidManifest.xml:50:27-75
124
125                <data android:mimeType="application/javascript" />
125-->/home/fekerr/src/ingress-intel-total-conversion/mobile/app/src/main/AndroidManifest.xml:52:17-46
125-->/home/fekerr/src/ingress-intel-total-conversion/mobile/app/src/main/AndroidManifest.xml:109:23-64
126                <data android:mimeType="text/javascript" />
126-->/home/fekerr/src/ingress-intel-total-conversion/mobile/app/src/main/AndroidManifest.xml:52:17-46
126-->/home/fekerr/src/ingress-intel-total-conversion/mobile/app/src/main/AndroidManifest.xml:109:23-64
127                <data android:mimeType="text/plain" />
127-->/home/fekerr/src/ingress-intel-total-conversion/mobile/app/src/main/AndroidManifest.xml:52:17-46
127-->/home/fekerr/src/ingress-intel-total-conversion/mobile/app/src/main/AndroidManifest.xml:109:23-64
128            </intent-filter>
129            <intent-filter>
129-->/home/fekerr/src/ingress-intel-total-conversion/mobile/app/src/main/AndroidManifest.xml:113:13-123:29
130                <action android:name="android.intent.action.VIEW" />
130-->/home/fekerr/src/ingress-intel-total-conversion/mobile/app/src/main/AndroidManifest.xml:46:17-68
130-->/home/fekerr/src/ingress-intel-total-conversion/mobile/app/src/main/AndroidManifest.xml:46:25-66
131                <action android:name="android.nfc.action.NDEF_DISCOVERED" />
131-->/home/fekerr/src/ingress-intel-total-conversion/mobile/app/src/main/AndroidManifest.xml:47:17-76
131-->/home/fekerr/src/ingress-intel-total-conversion/mobile/app/src/main/AndroidManifest.xml:47:25-74
132
133                <category android:name="android.intent.category.DEFAULT" />
133-->/home/fekerr/src/ingress-intel-total-conversion/mobile/app/src/main/AndroidManifest.xml:49:17-75
133-->/home/fekerr/src/ingress-intel-total-conversion/mobile/app/src/main/AndroidManifest.xml:49:27-73
134                <category android:name="android.intent.category.BROWSABLE" />
134-->/home/fekerr/src/ingress-intel-total-conversion/mobile/app/src/main/AndroidManifest.xml:50:17-77
134-->/home/fekerr/src/ingress-intel-total-conversion/mobile/app/src/main/AndroidManifest.xml:50:27-75
135
136                <data android:scheme="http" />
136-->/home/fekerr/src/ingress-intel-total-conversion/mobile/app/src/main/AndroidManifest.xml:52:17-46
136-->/home/fekerr/src/ingress-intel-total-conversion/mobile/app/src/main/AndroidManifest.xml:52:23-44
137                <data android:scheme="https" />
137-->/home/fekerr/src/ingress-intel-total-conversion/mobile/app/src/main/AndroidManifest.xml:52:17-46
137-->/home/fekerr/src/ingress-intel-total-conversion/mobile/app/src/main/AndroidManifest.xml:52:23-44
138                <data
138-->/home/fekerr/src/ingress-intel-total-conversion/mobile/app/src/main/AndroidManifest.xml:52:17-46
139                    android:host="*"
139-->/home/fekerr/src/ingress-intel-total-conversion/mobile/app/src/main/AndroidManifest.xml:54:23-55
140                    android:pathPattern=".*\\.user.js" />
140-->/home/fekerr/src/ingress-intel-total-conversion/mobile/app/src/main/AndroidManifest.xml:122:40-74
141            </intent-filter>
142        </activity>
143        <activity
143-->/home/fekerr/src/ingress-intel-total-conversion/mobile/app/src/main/AndroidManifest.xml:126:9-135:20
144            android:name="org.exarhteam.iitc_mobile.share.ShareActivity"
144-->/home/fekerr/src/ingress-intel-total-conversion/mobile/app/src/main/AndroidManifest.xml:127:13-73
145            android:label="@string/activity_share"
145-->/home/fekerr/src/ingress-intel-total-conversion/mobile/app/src/main/AndroidManifest.xml:129:13-51
146            android:noHistory="true"
146-->/home/fekerr/src/ingress-intel-total-conversion/mobile/app/src/main/AndroidManifest.xml:130:13-37
147            android:parentActivityName="org.exarhteam.iitc_mobile.IITC_Mobile"
147-->/home/fekerr/src/ingress-intel-total-conversion/mobile/app/src/main/AndroidManifest.xml:131:13-79
148            android:theme="@style/AppPrefTheme" >
148-->/home/fekerr/src/ingress-intel-total-conversion/mobile/app/src/main/AndroidManifest.xml:128:13-48
149            <meta-data
149-->/home/fekerr/src/ingress-intel-total-conversion/mobile/app/src/main/AndroidManifest.xml:132:13-134:72
150                android:name="android.support.PARENT_ACTIVITY"
150-->/home/fekerr/src/ingress-intel-total-conversion/mobile/app/src/main/AndroidManifest.xml:133:17-63
151                android:value="org.exarhteam.iitc_mobile.IITC_Mobile" />
151-->/home/fekerr/src/ingress-intel-total-conversion/mobile/app/src/main/AndroidManifest.xml:134:17-70
152        </activity>
153        <activity
153-->/home/fekerr/src/ingress-intel-total-conversion/mobile/app/src/main/AndroidManifest.xml:137:9-144:40
154            android:name="org.exarhteam.iitc_mobile.share.SendToClipboard"
154-->/home/fekerr/src/ingress-intel-total-conversion/mobile/app/src/main/AndroidManifest.xml:138:13-75
155            android:enabled="true"
155-->/home/fekerr/src/ingress-intel-total-conversion/mobile/app/src/main/AndroidManifest.xml:139:13-35
156            android:excludeFromRecents="true"
156-->/home/fekerr/src/ingress-intel-total-conversion/mobile/app/src/main/AndroidManifest.xml:140:13-46
157            android:exported="false"
157-->/home/fekerr/src/ingress-intel-total-conversion/mobile/app/src/main/AndroidManifest.xml:141:13-37
158            android:icon="@drawable/ic_action_copy"
158-->/home/fekerr/src/ingress-intel-total-conversion/mobile/app/src/main/AndroidManifest.xml:142:13-52
159            android:label="@string/activity_share_to_clipboard"
159-->/home/fekerr/src/ingress-intel-total-conversion/mobile/app/src/main/AndroidManifest.xml:143:13-64
160            android:noHistory="false" />
160-->/home/fekerr/src/ingress-intel-total-conversion/mobile/app/src/main/AndroidManifest.xml:144:13-38
161        <activity
161-->/home/fekerr/src/ingress-intel-total-conversion/mobile/app/src/main/AndroidManifest.xml:146:9-154:63
162            android:name="org.exarhteam.iitc_mobile.share.SaveToFile"
162-->/home/fekerr/src/ingress-intel-total-conversion/mobile/app/src/main/AndroidManifest.xml:147:13-70
163            android:enabled="true"
163-->/home/fekerr/src/ingress-intel-total-conversion/mobile/app/src/main/AndroidManifest.xml:148:13-35
164            android:excludeFromRecents="true"
164-->/home/fekerr/src/ingress-intel-total-conversion/mobile/app/src/main/AndroidManifest.xml:149:13-46
165            android:exported="false"
165-->/home/fekerr/src/ingress-intel-total-conversion/mobile/app/src/main/AndroidManifest.xml:150:13-37
166            android:icon="@drawable/ic_action_save"
166-->/home/fekerr/src/ingress-intel-total-conversion/mobile/app/src/main/AndroidManifest.xml:151:13-52
167            android:label="@string/activity_save_to_file"
167-->/home/fekerr/src/ingress-intel-total-conversion/mobile/app/src/main/AndroidManifest.xml:152:13-58
168            android:noHistory="false"
168-->/home/fekerr/src/ingress-intel-total-conversion/mobile/app/src/main/AndroidManifest.xml:153:13-38
169            android:theme="@android:style/Theme.Holo.Dialog" />
169-->/home/fekerr/src/ingress-intel-total-conversion/mobile/app/src/main/AndroidManifest.xml:154:13-61
170
171        <provider
172            android:name="androidx.core.content.FileProvider"
172-->/home/fekerr/src/ingress-intel-total-conversion/mobile/app/src/main/AndroidManifest.xml:157:13-62
173            android:authorities="org.exarhteam.iitc_mobile.debug.provider"
173-->/home/fekerr/src/ingress-intel-total-conversion/mobile/app/src/main/AndroidManifest.xml:158:13-60
174            android:exported="false"
174-->/home/fekerr/src/ingress-intel-total-conversion/mobile/app/src/main/AndroidManifest.xml:159:13-37
175            android:grantUriPermissions="true" >
175-->/home/fekerr/src/ingress-intel-total-conversion/mobile/app/src/main/AndroidManifest.xml:160:13-47
176            <meta-data
176-->/home/fekerr/src/ingress-intel-total-conversion/mobile/app/src/main/AndroidManifest.xml:161:13-163:57
177                android:name="android.support.FILE_PROVIDER_PATHS"
177-->/home/fekerr/src/ingress-intel-total-conversion/mobile/app/src/main/AndroidManifest.xml:162:17-67
178                android:resource="@xml/provider_paths" />
178-->/home/fekerr/src/ingress-intel-total-conversion/mobile/app/src/main/AndroidManifest.xml:163:17-55
179        </provider>
180
181        <!-- START Used for Samsung Multi-Window support -->
182        <uses-library
182-->/home/fekerr/src/ingress-intel-total-conversion/mobile/app/src/main/AndroidManifest.xml:167:9-169:39
183            android:name="com.sec.android.app.multiwindow"
183-->/home/fekerr/src/ingress-intel-total-conversion/mobile/app/src/main/AndroidManifest.xml:168:13-59
184            android:required="false" />
184-->/home/fekerr/src/ingress-intel-total-conversion/mobile/app/src/main/AndroidManifest.xml:169:13-37
185
186        <meta-data
186-->/home/fekerr/src/ingress-intel-total-conversion/mobile/app/src/main/AndroidManifest.xml:171:9-173:35
187            android:name="com.sec.android.support.multiwindow"
187-->/home/fekerr/src/ingress-intel-total-conversion/mobile/app/src/main/AndroidManifest.xml:172:13-63
188            android:value="true" />
188-->/home/fekerr/src/ingress-intel-total-conversion/mobile/app/src/main/AndroidManifest.xml:173:13-33
189        <meta-data
189-->/home/fekerr/src/ingress-intel-total-conversion/mobile/app/src/main/AndroidManifest.xml:174:9-176:58
190            android:name="com.sec.android.multiwindow.DEFAULT_SIZE_W"
190-->/home/fekerr/src/ingress-intel-total-conversion/mobile/app/src/main/AndroidManifest.xml:175:13-70
191            android:resource="@dimen/app_defaultsize_w" />
191-->/home/fekerr/src/ingress-intel-total-conversion/mobile/app/src/main/AndroidManifest.xml:176:13-56
192        <meta-data
192-->/home/fekerr/src/ingress-intel-total-conversion/mobile/app/src/main/AndroidManifest.xml:177:9-179:58
193            android:name="com.sec.android.multiwindow.DEFAULT_SIZE_H"
193-->/home/fekerr/src/ingress-intel-total-conversion/mobile/app/src/main/AndroidManifest.xml:178:13-70
194            android:resource="@dimen/app_defaultsize_h" />
194-->/home/fekerr/src/ingress-intel-total-conversion/mobile/app/src/main/AndroidManifest.xml:179:13-56
195        <meta-data
195-->/home/fekerr/src/ingress-intel-total-conversion/mobile/app/src/main/AndroidManifest.xml:180:9-182:58
196            android:name="com.sec.android.multiwindow.MINIMUM_SIZE_W"
196-->/home/fekerr/src/ingress-intel-total-conversion/mobile/app/src/main/AndroidManifest.xml:181:13-70
197            android:resource="@dimen/app_minimumsize_w" />
197-->/home/fekerr/src/ingress-intel-total-conversion/mobile/app/src/main/AndroidManifest.xml:182:13-56
198        <meta-data
198-->/home/fekerr/src/ingress-intel-total-conversion/mobile/app/src/main/AndroidManifest.xml:183:9-185:58
199            android:name="com.sec.android.multiwindow.MINIMUM_SIZE_H"
199-->/home/fekerr/src/ingress-intel-total-conversion/mobile/app/src/main/AndroidManifest.xml:184:13-70
200            android:resource="@dimen/app_minimumsize_h" />
200-->/home/fekerr/src/ingress-intel-total-conversion/mobile/app/src/main/AndroidManifest.xml:185:13-56
201        <!-- END Used for Samsung Multi-Window support -->
202
203
204        <!-- Points to searchable activity so the whole app can invoke search. -->
205        <meta-data
205-->/home/fekerr/src/ingress-intel-total-conversion/mobile/app/src/main/AndroidManifest.xml:189:9-191:68
206            android:name="android.app.default_searchable"
206-->/home/fekerr/src/ingress-intel-total-conversion/mobile/app/src/main/AndroidManifest.xml:190:13-58
207            android:value="org.exarhteam.iitc_mobile.IITC_Mobile" />
207-->/home/fekerr/src/ingress-intel-total-conversion/mobile/app/src/main/AndroidManifest.xml:191:13-66
208
209        <receiver
209-->/home/fekerr/src/ingress-intel-total-conversion/mobile/app/src/main/AndroidManifest.xml:193:9-199:20
210            android:name="org.exarhteam.iitc_mobile.UpdateCheckerReceiver"
210-->/home/fekerr/src/ingress-intel-total-conversion/mobile/app/src/main/AndroidManifest.xml:194:13-50
211            android:exported="false" >
211-->/home/fekerr/src/ingress-intel-total-conversion/mobile/app/src/main/AndroidManifest.xml:195:13-37
212            <intent-filter>
212-->/home/fekerr/src/ingress-intel-total-conversion/mobile/app/src/main/AndroidManifest.xml:196:13-198:29
213                <action android:name="HIDE_FOREVER" />
213-->/home/fekerr/src/ingress-intel-total-conversion/mobile/app/src/main/AndroidManifest.xml:197:17-55
213-->/home/fekerr/src/ingress-intel-total-conversion/mobile/app/src/main/AndroidManifest.xml:197:25-52
214            </intent-filter>
215        </receiver>
216
217        <provider
217-->[androidx.emoji2:emoji2:1.2.0] /home/fekerr/.gradle/caches/8.11.1/transforms/3cf5bb2eaa89f70d2d65612efe9ce47f/transformed/jetified-emoji2-1.2.0/AndroidManifest.xml:24:9-32:20
218            android:name="androidx.startup.InitializationProvider"
218-->[androidx.emoji2:emoji2:1.2.0] /home/fekerr/.gradle/caches/8.11.1/transforms/3cf5bb2eaa89f70d2d65612efe9ce47f/transformed/jetified-emoji2-1.2.0/AndroidManifest.xml:25:13-67
219            android:authorities="org.exarhteam.iitc_mobile.debug.androidx-startup"
219-->[androidx.emoji2:emoji2:1.2.0] /home/fekerr/.gradle/caches/8.11.1/transforms/3cf5bb2eaa89f70d2d65612efe9ce47f/transformed/jetified-emoji2-1.2.0/AndroidManifest.xml:26:13-68
220            android:exported="false" >
220-->[androidx.emoji2:emoji2:1.2.0] /home/fekerr/.gradle/caches/8.11.1/transforms/3cf5bb2eaa89f70d2d65612efe9ce47f/transformed/jetified-emoji2-1.2.0/AndroidManifest.xml:27:13-37
221            <meta-data
221-->[androidx.emoji2:emoji2:1.2.0] /home/fekerr/.gradle/caches/8.11.1/transforms/3cf5bb2eaa89f70d2d65612efe9ce47f/transformed/jetified-emoji2-1.2.0/AndroidManifest.xml:29:13-31:52
222                android:name="androidx.emoji2.text.EmojiCompatInitializer"
222-->[androidx.emoji2:emoji2:1.2.0] /home/fekerr/.gradle/caches/8.11.1/transforms/3cf5bb2eaa89f70d2d65612efe9ce47f/transformed/jetified-emoji2-1.2.0/AndroidManifest.xml:30:17-75
223                android:value="androidx.startup" />
223-->[androidx.emoji2:emoji2:1.2.0] /home/fekerr/.gradle/caches/8.11.1/transforms/3cf5bb2eaa89f70d2d65612efe9ce47f/transformed/jetified-emoji2-1.2.0/AndroidManifest.xml:31:17-49
224            <meta-data
224-->[androidx.lifecycle:lifecycle-process:2.4.1] /home/fekerr/.gradle/caches/8.11.1/transforms/84911c8f41282b1c65d1dcf5f0d486df/transformed/jetified-lifecycle-process-2.4.1/AndroidManifest.xml:31:13-33:52
225                android:name="androidx.lifecycle.ProcessLifecycleInitializer"
225-->[androidx.lifecycle:lifecycle-process:2.4.1] /home/fekerr/.gradle/caches/8.11.1/transforms/84911c8f41282b1c65d1dcf5f0d486df/transformed/jetified-lifecycle-process-2.4.1/AndroidManifest.xml:32:17-78
226                android:value="androidx.startup" />
226-->[androidx.lifecycle:lifecycle-process:2.4.1] /home/fekerr/.gradle/caches/8.11.1/transforms/84911c8f41282b1c65d1dcf5f0d486df/transformed/jetified-lifecycle-process-2.4.1/AndroidManifest.xml:33:17-49
227        </provider>
228    </application>
229
230</manifest>

Merged manifest saved to /home/fekerr/src/ingress-intel-total-conversion/mobile/app/build/intermediates/merged_manifest/debug/processDebugMainManifest/AndroidManifest.xml
Resolve mutations for :app:processDebugManifest (Thread[#177,Execution worker Thread 7,5,main]) started.
:app:processDebugManifest (Thread[#177,Execution worker Thread 7,5,main]) started.

> Task :app:processDebugManifest
Caching disabled for task ':app:processDebugManifest' because:
  Build cache is disabled
Task ':app:processDebugManifest' is not up-to-date because:
  No history is available.
Resolve mutations for :app:processDebugManifestForPackage (Thread[#177,Execution worker Thread 7,5,main]) started.
:app:processDebugManifestForPackage (Thread[#177,Execution worker Thread 7,5,main]) started.
Resolve mutations for :app:mergeDebugShaders (Thread[#179,Execution worker Thread 9,5,main]) started.
:app:mergeDebugShaders (Thread[#179,Execution worker Thread 9,5,main]) started.

> Task :app:mergeDebugShaders
Caching disabled for task ':app:mergeDebugShaders' because:
  Build cache is disabled
  Simple merging task
Task ':app:mergeDebugShaders' is not up-to-date because:
  No history is available.
The input changes require a full rebuild for incremental task ':app:mergeDebugShaders'.
Resolve mutations for :app:compileDebugShaders (Thread[#179,Execution worker Thread 9,5,main]) started.
:app:compileDebugShaders (Thread[#179,Execution worker Thread 9,5,main]) started.

> Task :app:compileDebugShaders NO-SOURCE
Skipping task ':app:compileDebugShaders' as it has no source files and no previous output files.
Resolve mutations for :app:generateDebugAssets (Thread[#179,Execution worker Thread 9,5,main]) started.
:app:generateDebugAssets (Thread[#179,Execution worker Thread 9,5,main]) started.

> Task :app:generateDebugAssets UP-TO-DATE
Skipping task ':app:generateDebugAssets' as it has no actions.
Resolve mutations for :app:mergeDebugAssets (Thread[#179,Execution worker Thread 9,5,main]) started.
:app:mergeDebugAssets (Thread[#179,Execution worker Thread 9,5,main]) started.

> Task :app:mergeDebugAssets
Transforming AppIntro-6.3.1.aar (com.github.AppIntro:AppIntro:6.3.1) with JetifyTransform
Transforming AppIntro-6.3.1.aar (com.github.AppIntro:AppIntro:6.3.1) with ExtractAarTransform
Transforming AppIntro-6.3.1.aar (com.github.AppIntro:AppIntro:6.3.1) with AarTransform
Transforming localization-1.2.11.aar (com.akexorcist:localization:1.2.11) with JetifyTransform
Transforming localization-1.2.11.aar (com.akexorcist:localization:1.2.11) with ExtractAarTransform
Transforming localization-1.2.11.aar (com.akexorcist:localization:1.2.11) with AarTransform
Transforming constraintlayout-2.1.4.aar (androidx.constraintlayout:constraintlayout:2.1.4) with JetifyTransform
Transforming constraintlayout-2.1.4.aar (androidx.constraintlayout:constraintlayout:2.1.4) with ExtractAarTransform
Transforming constraintlayout-2.1.4.aar (androidx.constraintlayout:constraintlayout:2.1.4) with AarTransform
Transforming appcompat-resources-1.6.1.aar (androidx.appcompat:appcompat-resources:1.6.1) with JetifyTransform
Transforming appcompat-resources-1.6.1.aar (androidx.appcompat:appcompat-resources:1.6.1) with ExtractAarTransform
Transforming appcompat-resources-1.6.1.aar (androidx.appcompat:appcompat-resources:1.6.1) with AarTransform
Transforming appcompat-1.6.1.aar (androidx.appcompat:appcompat:1.6.1) with JetifyTransform
Transforming appcompat-1.6.1.aar (androidx.appcompat:appcompat:1.6.1) with ExtractAarTransform
Transforming appcompat-1.6.1.aar (androidx.appcompat:appcompat:1.6.1) with AarTransform
Transforming floatingactionbutton-1.3.0.aar (com.melnykov:floatingactionbutton:1.3.0) with JetifyTransform
Transforming floatingactionbutton-1.3.0.aar (com.melnykov:floatingactionbutton:1.3.0) with ExtractAarTransform
Transforming floatingactionbutton-1.3.0.aar (com.melnykov:floatingactionbutton:1.3.0) with AarTransform
Transforming recyclerview-1.1.0.aar (androidx.recyclerview:recyclerview:1.1.0) with JetifyTransform
Transforming recyclerview-1.1.0.aar (androidx.recyclerview:recyclerview:1.1.0) with ExtractAarTransform
Transforming recyclerview-1.1.0.aar (androidx.recyclerview:recyclerview:1.1.0) with AarTransform
Transforming drawerlayout-1.0.0.aar (androidx.drawerlayout:drawerlayout:1.0.0) with JetifyTransform
Transforming drawerlayout-1.0.0.aar (androidx.drawerlayout:drawerlayout:1.0.0) with ExtractAarTransform
Transforming drawerlayout-1.0.0.aar (androidx.drawerlayout:drawerlayout:1.0.0) with AarTransform
Transforming fragment-1.3.6.aar (androidx.fragment:fragment:1.3.6) with JetifyTransform
Transforming fragment-1.3.6.aar (androidx.fragment:fragment:1.3.6) with ExtractAarTransform
Transforming fragment-1.3.6.aar (androidx.fragment:fragment:1.3.6) with AarTransform
Transforming viewpager-1.0.0.aar (androidx.viewpager:viewpager:1.0.0) with JetifyTransform
Transforming viewpager-1.0.0.aar (androidx.viewpager:viewpager:1.0.0) with ExtractAarTransform
Transforming viewpager-1.0.0.aar (androidx.viewpager:viewpager:1.0.0) with AarTransform
Transforming customview-1.0.0.aar (androidx.customview:customview:1.0.0) with JetifyTransform
Transforming customview-1.0.0.aar (androidx.customview:customview:1.0.0) with ExtractAarTransform
Transforming customview-1.0.0.aar (androidx.customview:customview:1.0.0) with AarTransform
Transforming customview-1.0.0.aar (androidx.customview:customview:1.0.0) with JetifyTransform
Transforming customview-1.0.0.aar (androidx.customview:customview:1.0.0) with ExtractAarTransform
Transforming customview-1.0.0.aar (androidx.customview:customview:1.0.0) with AarTransform
Transforming customview-1.0.0.aar (androidx.customview:customview:1.0.0) with JetifyTransform
Transforming customview-1.0.0.aar (androidx.customview:customview:1.0.0) with ExtractAarTransform
Transforming customview-1.0.0.aar (androidx.customview:customview:1.0.0) with AarTransform
Transforming activity-ktx-1.6.0.aar (androidx.activity:activity-ktx:1.6.0) with JetifyTransform
Transforming activity-ktx-1.6.0.aar (androidx.activity:activity-ktx:1.6.0) with ExtractAarTransform
Transforming activity-ktx-1.6.0.aar (androidx.activity:activity-ktx:1.6.0) with AarTransform
Transforming activity-1.6.0.aar (androidx.activity:activity:1.6.0) with JetifyTransform
Transforming activity-1.6.0.aar (androidx.activity:activity:1.6.0) with ExtractAarTransform
Transforming activity-1.6.0.aar (androidx.activity:activity:1.6.0) with AarTransform
Transforming emoji2-views-helper-1.2.0.aar (androidx.emoji2:emoji2-views-helper:1.2.0) with JetifyTransform
Transforming emoji2-views-helper-1.2.0.aar (androidx.emoji2:emoji2-views-helper:1.2.0) with ExtractAarTransform
Transforming emoji2-views-helper-1.2.0.aar (androidx.emoji2:emoji2-views-helper:1.2.0) with AarTransform
Transforming emoji2-1.2.0.aar (androidx.emoji2:emoji2:1.2.0) with JetifyTransform
Transforming emoji2-1.2.0.aar (androidx.emoji2:emoji2:1.2.0) with ExtractAarTransform
Transforming emoji2-1.2.0.aar (androidx.emoji2:emoji2:1.2.0) with AarTransform
Transforming loader-1.0.0.aar (androidx.loader:loader:1.0.0) with JetifyTransform
Transforming loader-1.0.0.aar (androidx.loader:loader:1.0.0) with ExtractAarTransform
Transforming loader-1.0.0.aar (androidx.loader:loader:1.0.0) with AarTransform
Transforming lifecycle-viewmodel-ktx-2.5.1.aar (androidx.lifecycle:lifecycle-viewmodel-ktx:2.5.1) with JetifyTransform
Transforming lifecycle-viewmodel-ktx-2.5.1.aar (androidx.lifecycle:lifecycle-viewmodel-ktx:2.5.1) with ExtractAarTransform
Transforming lifecycle-viewmodel-ktx-2.5.1.aar (androidx.lifecycle:lifecycle-viewmodel-ktx:2.5.1) with AarTransform
Transforming lifecycle-viewmodel-2.5.1.aar (androidx.lifecycle:lifecycle-viewmodel:2.5.1) with JetifyTransform
Transforming lifecycle-viewmodel-2.5.1.aar (androidx.lifecycle:lifecycle-viewmodel:2.5.1) with ExtractAarTransform
Transforming lifecycle-viewmodel-2.5.1.aar (androidx.lifecycle:lifecycle-viewmodel:2.5.1) with AarTransform
Transforming lifecycle-viewmodel-2.5.1.aar (androidx.lifecycle:lifecycle-viewmodel:2.5.1) with JetifyTransform
Transforming lifecycle-viewmodel-2.5.1.aar (androidx.lifecycle:lifecycle-viewmodel:2.5.1) with ExtractAarTransform
Transforming lifecycle-viewmodel-2.5.1.aar (androidx.lifecycle:lifecycle-viewmodel:2.5.1) with AarTransform
Transforming lifecycle-viewmodel-savedstate-2.5.1.aar (androidx.lifecycle:lifecycle-viewmodel-savedstate:2.5.1) with JetifyTransform
Transforming lifecycle-viewmodel-savedstate-2.5.1.aar (androidx.lifecycle:lifecycle-viewmodel-savedstate:2.5.1) with ExtractAarTransform
Transforming lifecycle-viewmodel-savedstate-2.5.1.aar (androidx.lifecycle:lifecycle-viewmodel-savedstate:2.5.1) with AarTransform
Transforming core-ktx-1.9.0.aar (androidx.core:core-ktx:1.9.0) with JetifyTransform
Transforming core-ktx-1.9.0.aar (androidx.core:core-ktx:1.9.0) with ExtractAarTransform
Transforming core-ktx-1.9.0.aar (androidx.core:core-ktx:1.9.0) with AarTransform
Transforming vectordrawable-animated-1.1.0.aar (androidx.vectordrawable:vectordrawable-animated:1.1.0) with JetifyTransform
Transforming vectordrawable-animated-1.1.0.aar (androidx.vectordrawable:vectordrawable-animated:1.1.0) with ExtractAarTransform
Transforming vectordrawable-animated-1.1.0.aar (androidx.vectordrawable:vectordrawable-animated:1.1.0) with AarTransform
Transforming vectordrawable-1.1.0.aar (androidx.vectordrawable:vectordrawable:1.1.0) with JetifyTransform
Transforming vectordrawable-1.1.0.aar (androidx.vectordrawable:vectordrawable:1.1.0) with ExtractAarTransform
Transforming vectordrawable-1.1.0.aar (androidx.vectordrawable:vectordrawable:1.1.0) with AarTransform
Transforming vectordrawable-1.1.0.aar (androidx.vectordrawable:vectordrawable:1.1.0) with JetifyTransform
Transforming vectordrawable-1.1.0.aar (androidx.vectordrawable:vectordrawable:1.1.0) with ExtractAarTransform
Transforming vectordrawable-1.1.0.aar (androidx.vectordrawable:vectordrawable:1.1.0) with AarTransform
Transforming core-1.9.0.aar (androidx.core:core:1.9.0) with JetifyTransform
Transforming core-1.9.0.aar (androidx.core:core:1.9.0) with ExtractAarTransform
Transforming core-1.9.0.aar (androidx.core:core:1.9.0) with AarTransform
Transforming core-1.9.0.aar (androidx.core:core:1.9.0) with JetifyTransform
Transforming core-1.9.0.aar (androidx.core:core:1.9.0) with ExtractAarTransform
Transforming core-1.9.0.aar (androidx.core:core:1.9.0) with AarTransform
Transforming core-1.9.0.aar (androidx.core:core:1.9.0) with JetifyTransform
Transforming core-1.9.0.aar (androidx.core:core:1.9.0) with ExtractAarTransform
Transforming core-1.9.0.aar (androidx.core:core:1.9.0) with AarTransform
Transforming core-1.9.0.aar (androidx.core:core:1.9.0) with JetifyTransform
Transforming core-1.9.0.aar (androidx.core:core:1.9.0) with ExtractAarTransform
Transforming core-1.9.0.aar (androidx.core:core:1.9.0) with AarTransform
Transforming core-1.9.0.aar (androidx.core:core:1.9.0) with JetifyTransform
Transforming core-1.9.0.aar (androidx.core:core:1.9.0) with ExtractAarTransform
Transforming core-1.9.0.aar (androidx.core:core:1.9.0) with AarTransform
Transforming core-1.9.0.aar (androidx.core:core:1.9.0) with JetifyTransform
Transforming core-1.9.0.aar (androidx.core:core:1.9.0) with ExtractAarTransform
Transforming core-1.9.0.aar (androidx.core:core:1.9.0) with AarTransform
Transforming core-1.9.0.aar (androidx.core:core:1.9.0) with JetifyTransform
Transforming core-1.9.0.aar (androidx.core:core:1.9.0) with ExtractAarTransform
Transforming core-1.9.0.aar (androidx.core:core:1.9.0) with AarTransform
Transforming cursoradapter-1.0.0.aar (androidx.cursoradapter:cursoradapter:1.0.0) with JetifyTransform
Transforming cursoradapter-1.0.0.aar (androidx.cursoradapter:cursoradapter:1.0.0) with ExtractAarTransform
Transforming cursoradapter-1.0.0.aar (androidx.cursoradapter:cursoradapter:1.0.0) with AarTransform
Transforming lifecycle-process-2.4.1.aar (androidx.lifecycle:lifecycle-process:2.4.1) with JetifyTransform
Transforming lifecycle-process-2.4.1.aar (androidx.lifecycle:lifecycle-process:2.4.1) with ExtractAarTransform
Transforming lifecycle-process-2.4.1.aar (androidx.lifecycle:lifecycle-process:2.4.1) with AarTransform
Transforming lifecycle-runtime-ktx-2.5.1.aar (androidx.lifecycle:lifecycle-runtime-ktx:2.5.1) with JetifyTransform
Transforming lifecycle-runtime-ktx-2.5.1.aar (androidx.lifecycle:lifecycle-runtime-ktx:2.5.1) with ExtractAarTransform
Transforming lifecycle-runtime-ktx-2.5.1.aar (androidx.lifecycle:lifecycle-runtime-ktx:2.5.1) with AarTransform
Transforming lifecycle-runtime-2.5.1.aar (androidx.lifecycle:lifecycle-runtime:2.5.1) with JetifyTransform
Transforming lifecycle-runtime-2.5.1.aar (androidx.lifecycle:lifecycle-runtime:2.5.1) with ExtractAarTransform
Transforming lifecycle-runtime-2.5.1.aar (androidx.lifecycle:lifecycle-runtime:2.5.1) with AarTransform
Transforming savedstate-ktx-1.2.0.aar (androidx.savedstate:savedstate-ktx:1.2.0) with JetifyTransform
Transforming savedstate-ktx-1.2.0.aar (androidx.savedstate:savedstate-ktx:1.2.0) with ExtractAarTransform
Transforming savedstate-ktx-1.2.0.aar (androidx.savedstate:savedstate-ktx:1.2.0) with AarTransform
Transforming savedstate-1.2.0.aar (androidx.savedstate:savedstate:1.2.0) with JetifyTransform
Transforming savedstate-1.2.0.aar (androidx.savedstate:savedstate:1.2.0) with ExtractAarTransform
Transforming savedstate-1.2.0.aar (androidx.savedstate:savedstate:1.2.0) with AarTransform
Transforming versionedparcelable-1.1.1.aar (androidx.versionedparcelable:versionedparcelable:1.1.1) with JetifyTransform
Transforming versionedparcelable-1.1.1.aar (androidx.versionedparcelable:versionedparcelable:1.1.1) with ExtractAarTransform
Transforming versionedparcelable-1.1.1.aar (androidx.versionedparcelable:versionedparcelable:1.1.1) with AarTransform
Transforming startup-runtime-1.1.1.aar (androidx.startup:startup-runtime:1.1.1) with JetifyTransform
Transforming startup-runtime-1.1.1.aar (androidx.startup:startup-runtime:1.1.1) with ExtractAarTransform
Transforming startup-runtime-1.1.1.aar (androidx.startup:startup-runtime:1.1.1) with AarTransform
Transforming tracing-1.0.0.aar (androidx.tracing:tracing:1.0.0) with JetifyTransform
Transforming tracing-1.0.0.aar (androidx.tracing:tracing:1.0.0) with ExtractAarTransform
Transforming tracing-1.0.0.aar (androidx.tracing:tracing:1.0.0) with AarTransform
Transforming lifecycle-livedata-2.0.0.aar (androidx.lifecycle:lifecycle-livedata:2.0.0) with JetifyTransform
Transforming lifecycle-livedata-2.0.0.aar (androidx.lifecycle:lifecycle-livedata:2.0.0) with ExtractAarTransform
Transforming lifecycle-livedata-2.0.0.aar (androidx.lifecycle:lifecycle-livedata:2.0.0) with AarTransform
Transforming lifecycle-livedata-core-2.5.1.aar (androidx.lifecycle:lifecycle-livedata-core:2.5.1) with JetifyTransform
Transforming lifecycle-livedata-core-2.5.1.aar (androidx.lifecycle:lifecycle-livedata-core:2.5.1) with ExtractAarTransform
Transforming lifecycle-livedata-core-2.5.1.aar (androidx.lifecycle:lifecycle-livedata-core:2.5.1) with AarTransform
Transforming lifecycle-livedata-core-2.5.1.aar (androidx.lifecycle:lifecycle-livedata-core:2.5.1) with JetifyTransform
Transforming lifecycle-livedata-core-2.5.1.aar (androidx.lifecycle:lifecycle-livedata-core:2.5.1) with ExtractAarTransform
Transforming lifecycle-livedata-core-2.5.1.aar (androidx.lifecycle:lifecycle-livedata-core:2.5.1) with AarTransform
Transforming core-runtime-2.1.0.aar (androidx.arch.core:core-runtime:2.1.0) with JetifyTransform
Transforming core-runtime-2.1.0.aar (androidx.arch.core:core-runtime:2.1.0) with ExtractAarTransform
Transforming core-runtime-2.1.0.aar (androidx.arch.core:core-runtime:2.1.0) with AarTransform
Transforming core-runtime-2.1.0.aar (androidx.arch.core:core-runtime:2.1.0) with JetifyTransform
Transforming core-runtime-2.1.0.aar (androidx.arch.core:core-runtime:2.1.0) with ExtractAarTransform
Transforming core-runtime-2.1.0.aar (androidx.arch.core:core-runtime:2.1.0) with AarTransform
Transforming interpolator-1.0.0.aar (androidx.interpolator:interpolator:1.0.0) with JetifyTransform
Transforming interpolator-1.0.0.aar (androidx.interpolator:interpolator:1.0.0) with ExtractAarTransform
Transforming interpolator-1.0.0.aar (androidx.interpolator:interpolator:1.0.0) with AarTransform
Transforming annotation-experimental-1.3.0.aar (androidx.annotation:annotation-experimental:1.3.0) with JetifyTransform
Transforming annotation-experimental-1.3.0.aar (androidx.annotation:annotation-experimental:1.3.0) with ExtractAarTransform
Transforming annotation-experimental-1.3.0.aar (androidx.annotation:annotation-experimental:1.3.0) with AarTransform
Caching disabled for task ':app:mergeDebugAssets' because:
  Build cache is disabled
  Simple merging task
Task ':app:mergeDebugAssets' is not up-to-date because:
  No history is available.
The input changes require a full rebuild for incremental task ':app:mergeDebugAssets'.
Resolve mutations for :app:compressDebugAssets (Thread[#179,Execution worker Thread 9,5,main]) started.
:app:compressDebugAssets (Thread[#176,Execution worker Thread 6,5,main]) started.

> Task :app:compressDebugAssets
Caching disabled for task ':app:compressDebugAssets' because:
  Build cache is disabled
Task ':app:compressDebugAssets' is not up-to-date because:
  No history is available.
The input changes require a full rebuild for incremental task ':app:compressDebugAssets'.
Resolve mutations for :app:desugarDebugFileDependencies (Thread[#176,Execution worker Thread 6,5,main]) started.
:app:desugarDebugFileDependencies (Thread[#176,Execution worker Thread 6,5,main]) started.

> Task :app:desugarDebugFileDependencies
Transforming AppIntro-6.3.1.aar (com.github.AppIntro:AppIntro:6.3.1) with JetifyTransform
Transforming AppIntro-6.3.1.aar (com.github.AppIntro:AppIntro:6.3.1) with ExtractAarTransform
Transforming AppIntro-6.3.1.aar (com.github.AppIntro:AppIntro:6.3.1) with AarTransform
Transforming localization-1.2.11.aar (com.akexorcist:localization:1.2.11) with JetifyTransform
Transforming localization-1.2.11.aar (com.akexorcist:localization:1.2.11) with ExtractAarTransform
Transforming localization-1.2.11.aar (com.akexorcist:localization:1.2.11) with AarTransform
Transforming constraintlayout-2.1.4.aar (androidx.constraintlayout:constraintlayout:2.1.4) with JetifyTransform
Transforming constraintlayout-2.1.4.aar (androidx.constraintlayout:constraintlayout:2.1.4) with ExtractAarTransform
Transforming constraintlayout-2.1.4.aar (androidx.constraintlayout:constraintlayout:2.1.4) with AarTransform
Transforming appcompat-resources-1.6.1.aar (androidx.appcompat:appcompat-resources:1.6.1) with JetifyTransform
Transforming appcompat-resources-1.6.1.aar (androidx.appcompat:appcompat-resources:1.6.1) with ExtractAarTransform
Transforming appcompat-resources-1.6.1.aar (androidx.appcompat:appcompat-resources:1.6.1) with AarTransform
Transforming appcompat-1.6.1.aar (androidx.appcompat:appcompat:1.6.1) with JetifyTransform
Transforming appcompat-1.6.1.aar (androidx.appcompat:appcompat:1.6.1) with ExtractAarTransform
Transforming appcompat-1.6.1.aar (androidx.appcompat:appcompat:1.6.1) with AarTransform
Transforming floatingactionbutton-1.3.0.aar (com.melnykov:floatingactionbutton:1.3.0) with JetifyTransform
Transforming floatingactionbutton-1.3.0.aar (com.melnykov:floatingactionbutton:1.3.0) with ExtractAarTransform
Transforming floatingactionbutton-1.3.0.aar (com.melnykov:floatingactionbutton:1.3.0) with AarTransform
Transforming commons-text-1.8.jar (org.apache.commons:commons-text:1.8) with JetifyTransform
Transforming recyclerview-1.1.0.aar (androidx.recyclerview:recyclerview:1.1.0) with JetifyTransform
Transforming recyclerview-1.1.0.aar (androidx.recyclerview:recyclerview:1.1.0) with ExtractAarTransform
Transforming recyclerview-1.1.0.aar (androidx.recyclerview:recyclerview:1.1.0) with AarTransform
Transforming okhttp-3.12.1.jar (com.squareup.okhttp3:okhttp:3.12.1) with JetifyTransform
Transforming drawerlayout-1.0.0.aar (androidx.drawerlayout:drawerlayout:1.0.0) with JetifyTransform
Transforming drawerlayout-1.0.0.aar (androidx.drawerlayout:drawerlayout:1.0.0) with ExtractAarTransform
Transforming drawerlayout-1.0.0.aar (androidx.drawerlayout:drawerlayout:1.0.0) with AarTransform
Transforming fragment-1.3.6.aar (androidx.fragment:fragment:1.3.6) with JetifyTransform
Transforming fragment-1.3.6.aar (androidx.fragment:fragment:1.3.6) with ExtractAarTransform
Transforming fragment-1.3.6.aar (androidx.fragment:fragment:1.3.6) with AarTransform
Transforming viewpager-1.0.0.aar (androidx.viewpager:viewpager:1.0.0) with JetifyTransform
Transforming viewpager-1.0.0.aar (androidx.viewpager:viewpager:1.0.0) with ExtractAarTransform
Transforming viewpager-1.0.0.aar (androidx.viewpager:viewpager:1.0.0) with AarTransform
Transforming customview-1.0.0.aar (androidx.customview:customview:1.0.0) with JetifyTransform
Transforming customview-1.0.0.aar (androidx.customview:customview:1.0.0) with ExtractAarTransform
Transforming customview-1.0.0.aar (androidx.customview:customview:1.0.0) with AarTransform
Transforming customview-1.0.0.aar (androidx.customview:customview:1.0.0) with JetifyTransform
Transforming customview-1.0.0.aar (androidx.customview:customview:1.0.0) with ExtractAarTransform
Transforming customview-1.0.0.aar (androidx.customview:customview:1.0.0) with AarTransform
Transforming customview-1.0.0.aar (androidx.customview:customview:1.0.0) with JetifyTransform
Transforming customview-1.0.0.aar (androidx.customview:customview:1.0.0) with ExtractAarTransform
Transforming customview-1.0.0.aar (androidx.customview:customview:1.0.0) with AarTransform
Transforming activity-ktx-1.6.0.aar (androidx.activity:activity-ktx:1.6.0) with JetifyTransform
Transforming activity-ktx-1.6.0.aar (androidx.activity:activity-ktx:1.6.0) with ExtractAarTransform
Transforming activity-ktx-1.6.0.aar (androidx.activity:activity-ktx:1.6.0) with AarTransform
Transforming activity-1.6.0.aar (androidx.activity:activity:1.6.0) with JetifyTransform
Transforming activity-1.6.0.aar (androidx.activity:activity:1.6.0) with ExtractAarTransform
Transforming activity-1.6.0.aar (androidx.activity:activity:1.6.0) with AarTransform
Transforming emoji2-views-helper-1.2.0.aar (androidx.emoji2:emoji2-views-helper:1.2.0) with JetifyTransform
Transforming emoji2-views-helper-1.2.0.aar (androidx.emoji2:emoji2-views-helper:1.2.0) with ExtractAarTransform
Transforming emoji2-views-helper-1.2.0.aar (androidx.emoji2:emoji2-views-helper:1.2.0) with AarTransform
Transforming emoji2-1.2.0.aar (androidx.emoji2:emoji2:1.2.0) with JetifyTransform
Transforming emoji2-1.2.0.aar (androidx.emoji2:emoji2:1.2.0) with ExtractAarTransform
Transforming emoji2-1.2.0.aar (androidx.emoji2:emoji2:1.2.0) with AarTransform
Transforming loader-1.0.0.aar (androidx.loader:loader:1.0.0) with JetifyTransform
Transforming loader-1.0.0.aar (androidx.loader:loader:1.0.0) with ExtractAarTransform
Transforming loader-1.0.0.aar (androidx.loader:loader:1.0.0) with AarTransform
Transforming lifecycle-viewmodel-ktx-2.5.1.aar (androidx.lifecycle:lifecycle-viewmodel-ktx:2.5.1) with JetifyTransform
Transforming lifecycle-viewmodel-ktx-2.5.1.aar (androidx.lifecycle:lifecycle-viewmodel-ktx:2.5.1) with ExtractAarTransform
Transforming lifecycle-viewmodel-ktx-2.5.1.aar (androidx.lifecycle:lifecycle-viewmodel-ktx:2.5.1) with AarTransform
Transforming lifecycle-viewmodel-2.5.1.aar (androidx.lifecycle:lifecycle-viewmodel:2.5.1) with JetifyTransform
Transforming lifecycle-viewmodel-2.5.1.aar (androidx.lifecycle:lifecycle-viewmodel:2.5.1) with ExtractAarTransform
Transforming lifecycle-viewmodel-2.5.1.aar (androidx.lifecycle:lifecycle-viewmodel:2.5.1) with AarTransform
Transforming lifecycle-viewmodel-2.5.1.aar (androidx.lifecycle:lifecycle-viewmodel:2.5.1) with JetifyTransform
Transforming lifecycle-viewmodel-2.5.1.aar (androidx.lifecycle:lifecycle-viewmodel:2.5.1) with ExtractAarTransform
Transforming lifecycle-viewmodel-2.5.1.aar (androidx.lifecycle:lifecycle-viewmodel:2.5.1) with AarTransform
Transforming lifecycle-viewmodel-savedstate-2.5.1.aar (androidx.lifecycle:lifecycle-viewmodel-savedstate:2.5.1) with JetifyTransform
Transforming lifecycle-viewmodel-savedstate-2.5.1.aar (androidx.lifecycle:lifecycle-viewmodel-savedstate:2.5.1) with ExtractAarTransform
Transforming lifecycle-viewmodel-savedstate-2.5.1.aar (androidx.lifecycle:lifecycle-viewmodel-savedstate:2.5.1) with AarTransform
Transforming core-ktx-1.9.0.aar (androidx.core:core-ktx:1.9.0) with JetifyTransform
Transforming core-ktx-1.9.0.aar (androidx.core:core-ktx:1.9.0) with ExtractAarTransform
Transforming core-ktx-1.9.0.aar (androidx.core:core-ktx:1.9.0) with AarTransform
Transforming vectordrawable-animated-1.1.0.aar (androidx.vectordrawable:vectordrawable-animated:1.1.0) with JetifyTransform
Transforming vectordrawable-animated-1.1.0.aar (androidx.vectordrawable:vectordrawable-animated:1.1.0) with ExtractAarTransform
Transforming vectordrawable-animated-1.1.0.aar (androidx.vectordrawable:vectordrawable-animated:1.1.0) with AarTransform
Transforming vectordrawable-1.1.0.aar (androidx.vectordrawable:vectordrawable:1.1.0) with JetifyTransform
Transforming vectordrawable-1.1.0.aar (androidx.vectordrawable:vectordrawable:1.1.0) with ExtractAarTransform
Transforming vectordrawable-1.1.0.aar (androidx.vectordrawable:vectordrawable:1.1.0) with AarTransform
Transforming vectordrawable-1.1.0.aar (androidx.vectordrawable:vectordrawable:1.1.0) with JetifyTransform
Transforming vectordrawable-1.1.0.aar (androidx.vectordrawable:vectordrawable:1.1.0) with ExtractAarTransform
Transforming vectordrawable-1.1.0.aar (androidx.vectordrawable:vectordrawable:1.1.0) with AarTransform
Transforming core-1.9.0.aar (androidx.core:core:1.9.0) with JetifyTransform
Transforming core-1.9.0.aar (androidx.core:core:1.9.0) with ExtractAarTransform
Transforming core-1.9.0.aar (androidx.core:core:1.9.0) with AarTransform
Transforming core-1.9.0.aar (androidx.core:core:1.9.0) with JetifyTransform
Transforming core-1.9.0.aar (androidx.core:core:1.9.0) with ExtractAarTransform
Transforming core-1.9.0.aar (androidx.core:core:1.9.0) with AarTransform
Transforming core-1.9.0.aar (androidx.core:core:1.9.0) with JetifyTransform
Transforming core-1.9.0.aar (androidx.core:core:1.9.0) with ExtractAarTransform
Transforming core-1.9.0.aar (androidx.core:core:1.9.0) with AarTransform
Transforming core-1.9.0.aar (androidx.core:core:1.9.0) with JetifyTransform
Transforming core-1.9.0.aar (androidx.core:core:1.9.0) with ExtractAarTransform
Transforming core-1.9.0.aar (androidx.core:core:1.9.0) with AarTransform
Transforming core-1.9.0.aar (androidx.core:core:1.9.0) with JetifyTransform
Transforming core-1.9.0.aar (androidx.core:core:1.9.0) with ExtractAarTransform
Transforming core-1.9.0.aar (androidx.core:core:1.9.0) with AarTransform
Transforming core-1.9.0.aar (androidx.core:core:1.9.0) with JetifyTransform
Transforming core-1.9.0.aar (androidx.core:core:1.9.0) with ExtractAarTransform
Transforming core-1.9.0.aar (androidx.core:core:1.9.0) with AarTransform
Transforming core-1.9.0.aar (androidx.core:core:1.9.0) with JetifyTransform
Transforming core-1.9.0.aar (androidx.core:core:1.9.0) with ExtractAarTransform
Transforming core-1.9.0.aar (androidx.core:core:1.9.0) with AarTransform
Transforming cursoradapter-1.0.0.aar (androidx.cursoradapter:cursoradapter:1.0.0) with JetifyTransform
Transforming cursoradapter-1.0.0.aar (androidx.cursoradapter:cursoradapter:1.0.0) with ExtractAarTransform
Transforming cursoradapter-1.0.0.aar (androidx.cursoradapter:cursoradapter:1.0.0) with AarTransform
Transforming lifecycle-process-2.4.1.aar (androidx.lifecycle:lifecycle-process:2.4.1) with JetifyTransform
Transforming lifecycle-process-2.4.1.aar (androidx.lifecycle:lifecycle-process:2.4.1) with ExtractAarTransform
Transforming lifecycle-process-2.4.1.aar (androidx.lifecycle:lifecycle-process:2.4.1) with AarTransform
Transforming lifecycle-runtime-ktx-2.5.1.aar (androidx.lifecycle:lifecycle-runtime-ktx:2.5.1) with JetifyTransform
Transforming lifecycle-runtime-ktx-2.5.1.aar (androidx.lifecycle:lifecycle-runtime-ktx:2.5.1) with ExtractAarTransform
Transforming lifecycle-runtime-ktx-2.5.1.aar (androidx.lifecycle:lifecycle-runtime-ktx:2.5.1) with AarTransform
Transforming lifecycle-runtime-2.5.1.aar (androidx.lifecycle:lifecycle-runtime:2.5.1) with JetifyTransform
Transforming lifecycle-runtime-2.5.1.aar (androidx.lifecycle:lifecycle-runtime:2.5.1) with ExtractAarTransform
Transforming lifecycle-runtime-2.5.1.aar (androidx.lifecycle:lifecycle-runtime:2.5.1) with AarTransform
Transforming savedstate-ktx-1.2.0.aar (androidx.savedstate:savedstate-ktx:1.2.0) with JetifyTransform
Transforming savedstate-ktx-1.2.0.aar (androidx.savedstate:savedstate-ktx:1.2.0) with ExtractAarTransform
Transforming savedstate-ktx-1.2.0.aar (androidx.savedstate:savedstate-ktx:1.2.0) with AarTransform
Transforming savedstate-1.2.0.aar (androidx.savedstate:savedstate:1.2.0) with JetifyTransform
Transforming savedstate-1.2.0.aar (androidx.savedstate:savedstate:1.2.0) with ExtractAarTransform
Transforming savedstate-1.2.0.aar (androidx.savedstate:savedstate:1.2.0) with AarTransform
Transforming versionedparcelable-1.1.1.aar (androidx.versionedparcelable:versionedparcelable:1.1.1) with JetifyTransform
Transforming versionedparcelable-1.1.1.aar (androidx.versionedparcelable:versionedparcelable:1.1.1) with ExtractAarTransform
Transforming versionedparcelable-1.1.1.aar (androidx.versionedparcelable:versionedparcelable:1.1.1) with AarTransform
Transforming startup-runtime-1.1.1.aar (androidx.startup:startup-runtime:1.1.1) with JetifyTransform
Transforming startup-runtime-1.1.1.aar (androidx.startup:startup-runtime:1.1.1) with ExtractAarTransform
Transforming startup-runtime-1.1.1.aar (androidx.startup:startup-runtime:1.1.1) with AarTransform
Transforming tracing-1.0.0.aar (androidx.tracing:tracing:1.0.0) with JetifyTransform
Transforming tracing-1.0.0.aar (androidx.tracing:tracing:1.0.0) with ExtractAarTransform
Transforming tracing-1.0.0.aar (androidx.tracing:tracing:1.0.0) with AarTransform
Transforming lifecycle-livedata-2.0.0.aar (androidx.lifecycle:lifecycle-livedata:2.0.0) with JetifyTransform
Transforming lifecycle-livedata-2.0.0.aar (androidx.lifecycle:lifecycle-livedata:2.0.0) with ExtractAarTransform
Transforming lifecycle-livedata-2.0.0.aar (androidx.lifecycle:lifecycle-livedata:2.0.0) with AarTransform
Transforming lifecycle-livedata-core-2.5.1.aar (androidx.lifecycle:lifecycle-livedata-core:2.5.1) with JetifyTransform
Transforming lifecycle-livedata-core-2.5.1.aar (androidx.lifecycle:lifecycle-livedata-core:2.5.1) with ExtractAarTransform
Transforming lifecycle-livedata-core-2.5.1.aar (androidx.lifecycle:lifecycle-livedata-core:2.5.1) with AarTransform
Transforming lifecycle-livedata-core-2.5.1.aar (androidx.lifecycle:lifecycle-livedata-core:2.5.1) with JetifyTransform
Transforming lifecycle-livedata-core-2.5.1.aar (androidx.lifecycle:lifecycle-livedata-core:2.5.1) with ExtractAarTransform
Transforming lifecycle-livedata-core-2.5.1.aar (androidx.lifecycle:lifecycle-livedata-core:2.5.1) with AarTransform
Transforming core-runtime-2.1.0.aar (androidx.arch.core:core-runtime:2.1.0) with JetifyTransform
Transforming core-runtime-2.1.0.aar (androidx.arch.core:core-runtime:2.1.0) with ExtractAarTransform
Transforming core-runtime-2.1.0.aar (androidx.arch.core:core-runtime:2.1.0) with AarTransform
Transforming core-runtime-2.1.0.aar (androidx.arch.core:core-runtime:2.1.0) with JetifyTransform
Transforming core-runtime-2.1.0.aar (androidx.arch.core:core-runtime:2.1.0) with ExtractAarTransform
Transforming core-runtime-2.1.0.aar (androidx.arch.core:core-runtime:2.1.0) with AarTransform
Transforming interpolator-1.0.0.aar (androidx.interpolator:interpolator:1.0.0) with JetifyTransform
Transforming interpolator-1.0.0.aar (androidx.interpolator:interpolator:1.0.0) with ExtractAarTransform
Transforming interpolator-1.0.0.aar (androidx.interpolator:interpolator:1.0.0) with AarTransform
Transforming annotation-experimental-1.3.0.aar (androidx.annotation:annotation-experimental:1.3.0) with JetifyTransform
Transforming annotation-experimental-1.3.0.aar (androidx.annotation:annotation-experimental:1.3.0) with ExtractAarTransform
Transforming annotation-experimental-1.3.0.aar (androidx.annotation:annotation-experimental:1.3.0) with AarTransform
Transforming resourceinspection-annotation-1.0.1.jar (androidx.resourceinspection:resourceinspection-annotation:1.0.1) with JetifyTransform
Transforming concurrent-futures-1.0.0.jar (androidx.concurrent:concurrent-futures:1.0.0) with JetifyTransform
Transforming collection-1.1.0.jar (androidx.collection:collection:1.1.0) with JetifyTransform
Transforming lifecycle-common-2.5.1.jar (androidx.lifecycle:lifecycle-common:2.5.1) with JetifyTransform
Transforming core-common-2.1.0.jar (androidx.arch.core:core-common:2.1.0) with JetifyTransform
Transforming okio-1.15.0.jar (com.squareup.okio:okio:1.15.0) with JetifyTransform
Transforming kotlinx-coroutines-core-jvm-1.6.1.jar (org.jetbrains.kotlinx:kotlinx-coroutines-core-jvm:1.6.1) with JetifyTransform
Transforming kotlinx-coroutines-android-1.6.1.jar (org.jetbrains.kotlinx:kotlinx-coroutines-android:1.6.1) with JetifyTransform
Transforming library-2.4.0.jar (com.nineoldandroids:library:2.4.0) with JetifyTransform
Transforming kotlin-stdlib-jdk7-1.9.0.jar (org.jetbrains.kotlin:kotlin-stdlib-jdk7:1.9.0) with JetifyTransform
Transforming commons-lang3-3.9.jar (org.apache.commons:commons-lang3:3.9) with JetifyTransform
Transforming kotlin-stdlib-jdk8-1.9.0.jar (org.jetbrains.kotlin:kotlin-stdlib-jdk8:1.9.0) with JetifyTransform
Transforming annotation-jvm-1.6.0.jar (androidx.annotation:annotation-jvm:1.6.0) with JetifyTransform
Transforming kotlin-stdlib-1.9.0.jar (org.jetbrains.kotlin:kotlin-stdlib:1.9.0) with JetifyTransform
Transforming constraintlayout-core-1.0.4.jar (androidx.constraintlayout:constraintlayout-core:1.0.4) with JetifyTransform
Transforming kotlin-stdlib-common-1.9.0.jar (org.jetbrains.kotlin:kotlin-stdlib-common:1.9.0) with JetifyTransform
Transforming annotations-13.0.jar (org.jetbrains:annotations:13.0) with JetifyTransform
Transforming listenablefuture-1.0.jar (com.google.guava:listenablefuture:1.0) with JetifyTransform
Caching disabled for task ':app:desugarDebugFileDependencies' because:
  Build cache is disabled
Task ':app:desugarDebugFileDependencies' is not up-to-date because:
  No history is available.
Resolve mutations for :app:processDebugJavaRes (Thread[#176,Execution worker Thread 6,5,main]) started.
:app:processDebugJavaRes (Thread[#176,Execution worker Thread 6,5,main]) started.

> Task :app:processDebugJavaRes NO-SOURCE
file or directory '/home/fekerr/src/ingress-intel-total-conversion/mobile/app/src/main/resources', not found
file or directory '/home/fekerr/src/ingress-intel-total-conversion/mobile/app/src/debug/resources', not found
Skipping task ':app:processDebugJavaRes' as it has no source files and no previous output files.
Resolve mutations for :app:mergeDebugJavaResource (Thread[#176,Execution worker Thread 6,5,main]) started.
:app:mergeDebugJavaResource (Thread[#176,Execution worker Thread 6,5,main]) started.
Resolve mutations for :app:checkDebugDuplicateClasses (Thread[#178,Execution worker Thread 8,5,main]) started.
:app:checkDebugDuplicateClasses (Thread[#178,Execution worker Thread 8,5,main]) started.

> Task :app:processDebugManifestForPackage
Custom actions are attached to task ':app:processDebugManifestForPackage'.
Caching disabled for task ':app:processDebugManifestForPackage' because:
  Build cache is disabled
Task ':app:processDebugManifestForPackage' is not up-to-date because:
  No history is available.
Resolve mutations for :app:processDebugResources (Thread[#177,Execution worker Thread 7,5,main]) started.
:app:processDebugResources (Thread[#177,Execution worker Thread 7,5,main]) started.

> Task :app:checkDebugDuplicateClasses
Transforming AppIntro-6.3.1.aar (com.github.AppIntro:AppIntro:6.3.1) with JetifyTransform
Transforming AppIntro-6.3.1.aar (com.github.AppIntro:AppIntro:6.3.1) with AarToClassTransform
Transforming localization-1.2.11.aar (com.akexorcist:localization:1.2.11) with JetifyTransform
Transforming localization-1.2.11.aar (com.akexorcist:localization:1.2.11) with AarToClassTransform
Transforming constraintlayout-2.1.4.aar (androidx.constraintlayout:constraintlayout:2.1.4) with JetifyTransform
Transforming constraintlayout-2.1.4.aar (androidx.constraintlayout:constraintlayout:2.1.4) with AarToClassTransform
Transforming appcompat-resources-1.6.1.aar (androidx.appcompat:appcompat-resources:1.6.1) with JetifyTransform
Transforming appcompat-resources-1.6.1.aar (androidx.appcompat:appcompat-resources:1.6.1) with AarToClassTransform
Transforming appcompat-1.6.1.aar (androidx.appcompat:appcompat:1.6.1) with JetifyTransform
Transforming appcompat-1.6.1.aar (androidx.appcompat:appcompat:1.6.1) with AarToClassTransform
Transforming okhttp-3.12.1.jar (com.squareup.okhttp3:okhttp:3.12.1) with JetifyTransform
Transforming okhttp-3.12.1.jar (com.squareup.okhttp3:okhttp:3.12.1) with IdentityTransform
Transforming okhttp-3.12.1.jar (com.squareup.okhttp3:okhttp:3.12.1) with EnumerateClassesTransform
Transforming commons-text-1.8.jar (org.apache.commons:commons-text:1.8) with JetifyTransform
Transforming commons-text-1.8.jar (org.apache.commons:commons-text:1.8) with IdentityTransform
Transforming localization-1.2.11.aar (com.akexorcist:localization:1.2.11) with EnumerateClassesTransform
Transforming commons-text-1.8.jar (org.apache.commons:commons-text:1.8) with EnumerateClassesTransform
Transforming AppIntro-6.3.1.aar (com.github.AppIntro:AppIntro:6.3.1) with EnumerateClassesTransform
Transforming floatingactionbutton-1.3.0.aar (com.melnykov:floatingactionbutton:1.3.0) with JetifyTransform
Transforming floatingactionbutton-1.3.0.aar (com.melnykov:floatingactionbutton:1.3.0) with AarToClassTransform
Transforming constraintlayout-2.1.4.aar (androidx.constraintlayout:constraintlayout:2.1.4) with EnumerateClassesTransform
Transforming recyclerview-1.1.0.aar (androidx.recyclerview:recyclerview:1.1.0) with JetifyTransform
Transforming recyclerview-1.1.0.aar (androidx.recyclerview:recyclerview:1.1.0) with AarToClassTransform
Transforming drawerlayout-1.0.0.aar (androidx.drawerlayout:drawerlayout:1.0.0) with JetifyTransform
Transforming drawerlayout-1.0.0.aar (androidx.drawerlayout:drawerlayout:1.0.0) with AarToClassTransform
Transforming fragment-1.3.6.aar (androidx.fragment:fragment:1.3.6) with JetifyTransform
Transforming fragment-1.3.6.aar (androidx.fragment:fragment:1.3.6) with AarToClassTransform
Transforming appcompat-resources-1.6.1.aar (androidx.appcompat:appcompat-resources:1.6.1) with EnumerateClassesTransform
Transforming viewpager-1.0.0.aar (androidx.viewpager:viewpager:1.0.0) with JetifyTransform
Transforming viewpager-1.0.0.aar (androidx.viewpager:viewpager:1.0.0) with AarToClassTransform
Transforming customview-1.0.0.aar (androidx.customview:customview:1.0.0) with JetifyTransform
Transforming appcompat-1.6.1.aar (androidx.appcompat:appcompat:1.6.1) with EnumerateClassesTransform
Transforming customview-1.0.0.aar (androidx.customview:customview:1.0.0) with AarToClassTransform
Transforming customview-1.0.0.aar (androidx.customview:customview:1.0.0) with JetifyTransform
Transforming customview-1.0.0.aar (androidx.customview:customview:1.0.0) with AarToClassTransform
Transforming customview-1.0.0.aar (androidx.customview:customview:1.0.0) with JetifyTransform
Transforming customview-1.0.0.aar (androidx.customview:customview:1.0.0) with AarToClassTransform
Transforming activity-ktx-1.6.0.aar (androidx.activity:activity-ktx:1.6.0) with JetifyTransform
Transforming activity-ktx-1.6.0.aar (androidx.activity:activity-ktx:1.6.0) with AarToClassTransform
Transforming activity-1.6.0.aar (androidx.activity:activity:1.6.0) with JetifyTransform
Transforming activity-1.6.0.aar (androidx.activity:activity:1.6.0) with AarToClassTransform
Transforming emoji2-views-helper-1.2.0.aar (androidx.emoji2:emoji2-views-helper:1.2.0) with JetifyTransform
Transforming emoji2-views-helper-1.2.0.aar (androidx.emoji2:emoji2-views-helper:1.2.0) with AarToClassTransform
Transforming emoji2-1.2.0.aar (androidx.emoji2:emoji2:1.2.0) with JetifyTransform
Transforming emoji2-1.2.0.aar (androidx.emoji2:emoji2:1.2.0) with AarToClassTransform
Transforming loader-1.0.0.aar (androidx.loader:loader:1.0.0) with JetifyTransform
Transforming loader-1.0.0.aar (androidx.loader:loader:1.0.0) with AarToClassTransform
Transforming lifecycle-viewmodel-ktx-2.5.1.aar (androidx.lifecycle:lifecycle-viewmodel-ktx:2.5.1) with JetifyTransform
Transforming lifecycle-viewmodel-ktx-2.5.1.aar (androidx.lifecycle:lifecycle-viewmodel-ktx:2.5.1) with AarToClassTransform
Transforming lifecycle-viewmodel-2.5.1.aar (androidx.lifecycle:lifecycle-viewmodel:2.5.1) with JetifyTransform
Transforming recyclerview-1.1.0.aar (androidx.recyclerview:recyclerview:1.1.0) with EnumerateClassesTransform
Transforming lifecycle-viewmodel-2.5.1.aar (androidx.lifecycle:lifecycle-viewmodel:2.5.1) with AarToClassTransform
Transforming lifecycle-viewmodel-2.5.1.aar (androidx.lifecycle:lifecycle-viewmodel:2.5.1) with JetifyTransform
Transforming lifecycle-viewmodel-2.5.1.aar (androidx.lifecycle:lifecycle-viewmodel:2.5.1) with AarToClassTransform
Transforming lifecycle-viewmodel-savedstate-2.5.1.aar (androidx.lifecycle:lifecycle-viewmodel-savedstate:2.5.1) with JetifyTransform
Transforming lifecycle-viewmodel-savedstate-2.5.1.aar (androidx.lifecycle:lifecycle-viewmodel-savedstate:2.5.1) with AarToClassTransform
Transforming floatingactionbutton-1.3.0.aar (com.melnykov:floatingactionbutton:1.3.0) with EnumerateClassesTransform
Transforming core-ktx-1.9.0.aar (androidx.core:core-ktx:1.9.0) with JetifyTransform
Transforming core-ktx-1.9.0.aar (androidx.core:core-ktx:1.9.0) with AarToClassTransform
Transforming vectordrawable-animated-1.1.0.aar (androidx.vectordrawable:vectordrawable-animated:1.1.0) with JetifyTransform
Transforming vectordrawable-animated-1.1.0.aar (androidx.vectordrawable:vectordrawable-animated:1.1.0) with AarToClassTransform
Transforming vectordrawable-1.1.0.aar (androidx.vectordrawable:vectordrawable:1.1.0) with JetifyTransform
Transforming vectordrawable-1.1.0.aar (androidx.vectordrawable:vectordrawable:1.1.0) with AarToClassTransform
Transforming vectordrawable-1.1.0.aar (androidx.vectordrawable:vectordrawable:1.1.0) with JetifyTransform
Transforming vectordrawable-1.1.0.aar (androidx.vectordrawable:vectordrawable:1.1.0) with AarToClassTransform
Transforming core-1.9.0.aar (androidx.core:core:1.9.0) with JetifyTransform
Transforming core-1.9.0.aar (androidx.core:core:1.9.0) with AarToClassTransform
Transforming drawerlayout-1.0.0.aar (androidx.drawerlayout:drawerlayout:1.0.0) with EnumerateClassesTransform
Transforming core-1.9.0.aar (androidx.core:core:1.9.0) with JetifyTransform
Transforming core-1.9.0.aar (androidx.core:core:1.9.0) with AarToClassTransform
Transforming core-1.9.0.aar (androidx.core:core:1.9.0) with JetifyTransform
Transforming core-1.9.0.aar (androidx.core:core:1.9.0) with AarToClassTransform
Transforming core-1.9.0.aar (androidx.core:core:1.9.0) with JetifyTransform
Transforming core-1.9.0.aar (androidx.core:core:1.9.0) with AarToClassTransform
Transforming core-1.9.0.aar (androidx.core:core:1.9.0) with JetifyTransform
Transforming core-1.9.0.aar (androidx.core:core:1.9.0) with AarToClassTransform
Transforming core-1.9.0.aar (androidx.core:core:1.9.0) with JetifyTransform
Transforming core-1.9.0.aar (androidx.core:core:1.9.0) with AarToClassTransform
Transforming core-1.9.0.aar (androidx.core:core:1.9.0) with JetifyTransform
Transforming core-1.9.0.aar (androidx.core:core:1.9.0) with AarToClassTransform
Transforming cursoradapter-1.0.0.aar (androidx.cursoradapter:cursoradapter:1.0.0) with JetifyTransform
Transforming cursoradapter-1.0.0.aar (androidx.cursoradapter:cursoradapter:1.0.0) with AarToClassTransform
Transforming lifecycle-process-2.4.1.aar (androidx.lifecycle:lifecycle-process:2.4.1) with JetifyTransform
Transforming lifecycle-process-2.4.1.aar (androidx.lifecycle:lifecycle-process:2.4.1) with AarToClassTransform
Transforming lifecycle-runtime-ktx-2.5.1.aar (androidx.lifecycle:lifecycle-runtime-ktx:2.5.1) with JetifyTransform
Transforming lifecycle-runtime-ktx-2.5.1.aar (androidx.lifecycle:lifecycle-runtime-ktx:2.5.1) with AarToClassTransform
Transforming lifecycle-runtime-2.5.1.aar (androidx.lifecycle:lifecycle-runtime:2.5.1) with JetifyTransform
Transforming lifecycle-runtime-2.5.1.aar (androidx.lifecycle:lifecycle-runtime:2.5.1) with AarToClassTransform
Transforming resourceinspection-annotation-1.0.1.jar (androidx.resourceinspection:resourceinspection-annotation:1.0.1) with JetifyTransform
Transforming resourceinspection-annotation-1.0.1.jar (androidx.resourceinspection:resourceinspection-annotation:1.0.1) with IdentityTransform
Transforming resourceinspection-annotation-1.0.1.jar (androidx.resourceinspection:resourceinspection-annotation:1.0.1) with EnumerateClassesTransform
Transforming savedstate-ktx-1.2.0.aar (androidx.savedstate:savedstate-ktx:1.2.0) with JetifyTransform
Transforming savedstate-ktx-1.2.0.aar (androidx.savedstate:savedstate-ktx:1.2.0) with AarToClassTransform
Transforming savedstate-1.2.0.aar (androidx.savedstate:savedstate:1.2.0) with JetifyTransform
Transforming savedstate-1.2.0.aar (androidx.savedstate:savedstate:1.2.0) with AarToClassTransform
Transforming concurrent-futures-1.0.0.jar (androidx.concurrent:concurrent-futures:1.0.0) with JetifyTransform
Transforming activity-ktx-1.6.0.aar (androidx.activity:activity-ktx:1.6.0) with EnumerateClassesTransform
Transforming customview-1.0.0.aar (androidx.customview:customview:1.0.0) with EnumerateClassesTransform
Transforming customview-1.0.0.aar (androidx.customview:customview:1.0.0) with EnumerateClassesTransform
Transforming concurrent-futures-1.0.0.jar (androidx.concurrent:concurrent-futures:1.0.0) with IdentityTransform
Transforming viewpager-1.0.0.aar (androidx.viewpager:viewpager:1.0.0) with EnumerateClassesTransform
Transforming concurrent-futures-1.0.0.jar (androidx.concurrent:concurrent-futures:1.0.0) with EnumerateClassesTransform
Transforming versionedparcelable-1.1.1.aar (androidx.versionedparcelable:versionedparcelable:1.1.1) with JetifyTransform
Transforming versionedparcelable-1.1.1.aar (androidx.versionedparcelable:versionedparcelable:1.1.1) with AarToClassTransform
Transforming startup-runtime-1.1.1.aar (androidx.startup:startup-runtime:1.1.1) with JetifyTransform
Transforming startup-runtime-1.1.1.aar (androidx.startup:startup-runtime:1.1.1) with AarToClassTransform
Transforming tracing-1.0.0.aar (androidx.tracing:tracing:1.0.0) with JetifyTransform
Transforming tracing-1.0.0.aar (androidx.tracing:tracing:1.0.0) with AarToClassTransform
Transforming collection-1.1.0.jar (androidx.collection:collection:1.1.0) with JetifyTransform
Transforming fragment-1.3.6.aar (androidx.fragment:fragment:1.3.6) with EnumerateClassesTransform
Transforming collection-1.1.0.jar (androidx.collection:collection:1.1.0) with IdentityTransform
Transforming collection-1.1.0.jar (androidx.collection:collection:1.1.0) with EnumerateClassesTransform
Transforming lifecycle-livedata-2.0.0.aar (androidx.lifecycle:lifecycle-livedata:2.0.0) with JetifyTransform
Transforming lifecycle-livedata-2.0.0.aar (androidx.lifecycle:lifecycle-livedata:2.0.0) with AarToClassTransform
Transforming lifecycle-livedata-core-2.5.1.aar (androidx.lifecycle:lifecycle-livedata-core:2.5.1) with JetifyTransform
Transforming lifecycle-livedata-core-2.5.1.aar (androidx.lifecycle:lifecycle-livedata-core:2.5.1) with AarToClassTransform
Transforming lifecycle-livedata-core-2.5.1.aar (androidx.lifecycle:lifecycle-livedata-core:2.5.1) with JetifyTransform
Transforming lifecycle-livedata-core-2.5.1.aar (androidx.lifecycle:lifecycle-livedata-core:2.5.1) with AarToClassTransform
Transforming core-runtime-2.1.0.aar (androidx.arch.core:core-runtime:2.1.0) with JetifyTransform
Transforming core-runtime-2.1.0.aar (androidx.arch.core:core-runtime:2.1.0) with AarToClassTransform
Transforming core-runtime-2.1.0.aar (androidx.arch.core:core-runtime:2.1.0) with JetifyTransform
Transforming core-runtime-2.1.0.aar (androidx.arch.core:core-runtime:2.1.0) with AarToClassTransform
Transforming core-common-2.1.0.jar (androidx.arch.core:core-common:2.1.0) with JetifyTransform
Transforming core-common-2.1.0.jar (androidx.arch.core:core-common:2.1.0) with IdentityTransform
Transforming core-common-2.1.0.jar (androidx.arch.core:core-common:2.1.0) with EnumerateClassesTransform
Transforming lifecycle-common-2.5.1.jar (androidx.lifecycle:lifecycle-common:2.5.1) with JetifyTransform
Transforming lifecycle-common-2.5.1.jar (androidx.lifecycle:lifecycle-common:2.5.1) with IdentityTransform
Transforming lifecycle-common-2.5.1.jar (androidx.lifecycle:lifecycle-common:2.5.1) with EnumerateClassesTransform
Transforming interpolator-1.0.0.aar (androidx.interpolator:interpolator:1.0.0) with JetifyTransform
Transforming interpolator-1.0.0.aar (androidx.interpolator:interpolator:1.0.0) with AarToClassTransform
Transforming okio-1.15.0.jar (com.squareup.okio:okio:1.15.0) with JetifyTransform
Transforming okio-1.15.0.jar (com.squareup.okio:okio:1.15.0) with IdentityTransform
Transforming emoji2-1.2.0.aar (androidx.emoji2:emoji2:1.2.0) with EnumerateClassesTransform
Transforming loader-1.0.0.aar (androidx.loader:loader:1.0.0) with EnumerateClassesTransform
Transforming emoji2-views-helper-1.2.0.aar (androidx.emoji2:emoji2-views-helper:1.2.0) with EnumerateClassesTransform
Transforming okio-1.15.0.jar (com.squareup.okio:okio:1.15.0) with EnumerateClassesTransform
Transforming kotlinx-coroutines-core-jvm-1.6.1.jar (org.jetbrains.kotlinx:kotlinx-coroutines-core-jvm:1.6.1) with JetifyTransform
Transforming kotlinx-coroutines-core-jvm-1.6.1.jar (org.jetbrains.kotlinx:kotlinx-coroutines-core-jvm:1.6.1) with IdentityTransform
Transforming kotlinx-coroutines-core-jvm-1.6.1.jar (org.jetbrains.kotlinx:kotlinx-coroutines-core-jvm:1.6.1) with EnumerateClassesTransform
Transforming activity-1.6.0.aar (androidx.activity:activity:1.6.0) with EnumerateClassesTransform
Transforming kotlinx-coroutines-android-1.6.1.jar (org.jetbrains.kotlinx:kotlinx-coroutines-android:1.6.1) with JetifyTransform
Transforming kotlinx-coroutines-android-1.6.1.jar (org.jetbrains.kotlinx:kotlinx-coroutines-android:1.6.1) with IdentityTransform
Transforming kotlinx-coroutines-android-1.6.1.jar (org.jetbrains.kotlinx:kotlinx-coroutines-android:1.6.1) with EnumerateClassesTransform
Transforming kotlin-stdlib-jdk8-1.9.0.jar (org.jetbrains.kotlin:kotlin-stdlib-jdk8:1.9.0) with JetifyTransform
Transforming kotlin-stdlib-jdk8-1.9.0.jar (org.jetbrains.kotlin:kotlin-stdlib-jdk8:1.9.0) with IdentityTransform
Transforming kotlin-stdlib-jdk8-1.9.0.jar (org.jetbrains.kotlin:kotlin-stdlib-jdk8:1.9.0) with EnumerateClassesTransform
Transforming kotlin-stdlib-jdk7-1.9.0.jar (org.jetbrains.kotlin:kotlin-stdlib-jdk7:1.9.0) with JetifyTransform
Transforming kotlin-stdlib-jdk7-1.9.0.jar (org.jetbrains.kotlin:kotlin-stdlib-jdk7:1.9.0) with IdentityTransform
Transforming kotlin-stdlib-jdk7-1.9.0.jar (org.jetbrains.kotlin:kotlin-stdlib-jdk7:1.9.0) with EnumerateClassesTransform
Transforming commons-lang3-3.9.jar (org.apache.commons:commons-lang3:3.9) with JetifyTransform
Transforming commons-lang3-3.9.jar (org.apache.commons:commons-lang3:3.9) with IdentityTransform
Transforming commons-lang3-3.9.jar (org.apache.commons:commons-lang3:3.9) with EnumerateClassesTransform
Transforming library-2.4.0.jar (com.nineoldandroids:library:2.4.0) with JetifyTransform
Transforming library-2.4.0.jar (com.nineoldandroids:library:2.4.0) with IdentityTransform
Transforming library-2.4.0.jar (com.nineoldandroids:library:2.4.0) with EnumerateClassesTransform
Transforming annotation-jvm-1.6.0.jar (androidx.annotation:annotation-jvm:1.6.0) with JetifyTransform
Transforming annotation-jvm-1.6.0.jar (androidx.annotation:annotation-jvm:1.6.0) with IdentityTransform
Transforming annotation-jvm-1.6.0.jar (androidx.annotation:annotation-jvm:1.6.0) with EnumerateClassesTransform
Transforming annotation-experimental-1.3.0.aar (androidx.annotation:annotation-experimental:1.3.0) with JetifyTransform
Transforming annotation-experimental-1.3.0.aar (androidx.annotation:annotation-experimental:1.3.0) with AarToClassTransform
Transforming kotlin-stdlib-1.9.0.jar (org.jetbrains.kotlin:kotlin-stdlib:1.9.0) with JetifyTransform
Transforming kotlin-stdlib-1.9.0.jar (org.jetbrains.kotlin:kotlin-stdlib:1.9.0) with IdentityTransform
Transforming kotlin-stdlib-1.9.0.jar (org.jetbrains.kotlin:kotlin-stdlib:1.9.0) with EnumerateClassesTransform
Transforming constraintlayout-core-1.0.4.jar (androidx.constraintlayout:constraintlayout-core:1.0.4) with JetifyTransform
Transforming constraintlayout-core-1.0.4.jar (androidx.constraintlayout:constraintlayout-core:1.0.4) with IdentityTransform
Transforming constraintlayout-core-1.0.4.jar (androidx.constraintlayout:constraintlayout-core:1.0.4) with EnumerateClassesTransform
Transforming lifecycle-viewmodel-ktx-2.5.1.aar (androidx.lifecycle:lifecycle-viewmodel-ktx:2.5.1) with EnumerateClassesTransform
Transforming kotlin-stdlib-common-1.9.0.jar (org.jetbrains.kotlin:kotlin-stdlib-common:1.9.0) with JetifyTransform
Transforming kotlin-stdlib-common-1.9.0.jar (org.jetbrains.kotlin:kotlin-stdlib-common:1.9.0) with IdentityTransform
Transforming kotlin-stdlib-common-1.9.0.jar (org.jetbrains.kotlin:kotlin-stdlib-common:1.9.0) with EnumerateClassesTransform
Transforming annotations-13.0.jar (org.jetbrains:annotations:13.0) with JetifyTransform
Transforming annotations-13.0.jar (org.jetbrains:annotations:13.0) with IdentityTransform
Transforming annotations-13.0.jar (org.jetbrains:annotations:13.0) with EnumerateClassesTransform
Transforming listenablefuture-1.0.jar (com.google.guava:listenablefuture:1.0) with JetifyTransform
Transforming listenablefuture-1.0.jar (com.google.guava:listenablefuture:1.0) with IdentityTransform
Transforming listenablefuture-1.0.jar (com.google.guava:listenablefuture:1.0) with EnumerateClassesTransform
Transforming lifecycle-viewmodel-2.5.1.aar (androidx.lifecycle:lifecycle-viewmodel:2.5.1) with EnumerateClassesTransform
Transforming lifecycle-viewmodel-2.5.1.aar (androidx.lifecycle:lifecycle-viewmodel:2.5.1) with EnumerateClassesTransform
Transforming lifecycle-viewmodel-savedstate-2.5.1.aar (androidx.lifecycle:lifecycle-viewmodel-savedstate:2.5.1) with EnumerateClassesTransform
Transforming core-ktx-1.9.0.aar (androidx.core:core-ktx:1.9.0) with EnumerateClassesTransform
Transforming vectordrawable-animated-1.1.0.aar (androidx.vectordrawable:vectordrawable-animated:1.1.0) with EnumerateClassesTransform
Transforming core-1.9.0.aar (androidx.core:core:1.9.0) with EnumerateClassesTransform
Transforming core-1.9.0.aar (androidx.core:core:1.9.0) with EnumerateClassesTransform
Transforming vectordrawable-1.1.0.aar (androidx.vectordrawable:vectordrawable:1.1.0) with EnumerateClassesTransform
Transforming vectordrawable-1.1.0.aar (androidx.vectordrawable:vectordrawable:1.1.0) with EnumerateClassesTransform
Transforming cursoradapter-1.0.0.aar (androidx.cursoradapter:cursoradapter:1.0.0) with EnumerateClassesTransform
Transforming lifecycle-process-2.4.1.aar (androidx.lifecycle:lifecycle-process:2.4.1) with EnumerateClassesTransform
Transforming lifecycle-runtime-ktx-2.5.1.aar (androidx.lifecycle:lifecycle-runtime-ktx:2.5.1) with EnumerateClassesTransform
Transforming startup-runtime-1.1.1.aar (androidx.startup:startup-runtime:1.1.1) with EnumerateClassesTransform
Transforming savedstate-ktx-1.2.0.aar (androidx.savedstate:savedstate-ktx:1.2.0) with EnumerateClassesTransform
Transforming tracing-1.0.0.aar (androidx.tracing:tracing:1.0.0) with EnumerateClassesTransform
Transforming versionedparcelable-1.1.1.aar (androidx.versionedparcelable:versionedparcelable:1.1.1) with EnumerateClassesTransform
Transforming savedstate-1.2.0.aar (androidx.savedstate:savedstate:1.2.0) with EnumerateClassesTransform
Transforming lifecycle-runtime-2.5.1.aar (androidx.lifecycle:lifecycle-runtime:2.5.1) with EnumerateClassesTransform
Transforming lifecycle-livedata-core-2.5.1.aar (androidx.lifecycle:lifecycle-livedata-core:2.5.1) with EnumerateClassesTransform
Transforming lifecycle-livedata-2.0.0.aar (androidx.lifecycle:lifecycle-livedata:2.0.0) with EnumerateClassesTransform
Transforming lifecycle-livedata-core-2.5.1.aar (androidx.lifecycle:lifecycle-livedata-core:2.5.1) with EnumerateClassesTransform
Transforming core-runtime-2.1.0.aar (androidx.arch.core:core-runtime:2.1.0) with EnumerateClassesTransform
Transforming core-runtime-2.1.0.aar (androidx.arch.core:core-runtime:2.1.0) with EnumerateClassesTransform
Transforming interpolator-1.0.0.aar (androidx.interpolator:interpolator:1.0.0) with EnumerateClassesTransform
Transforming annotation-experimental-1.3.0.aar (androidx.annotation:annotation-experimental:1.3.0) with EnumerateClassesTransform
Caching disabled for task ':app:checkDebugDuplicateClasses' because:
  Build cache is disabled
  Caching has been disabled for the task
Task ':app:checkDebugDuplicateClasses' is not up-to-date because:
  No history is available.
Resolve mutations for :app:mergeExtDexDebug (Thread[#175,Execution worker Thread 5,5,main]) started.
:app:mergeExtDexDebug (Thread[#175,Execution worker Thread 5,5,main]) started.

> Task :app:mergeDebugJavaResource
Transforming AppIntro-6.3.1.aar (com.github.AppIntro:AppIntro:6.3.1) with JetifyTransform
Transforming AppIntro-6.3.1.aar (com.github.AppIntro:AppIntro:6.3.1) with ExtractAarTransform
Transforming AppIntro-6.3.1.aar (com.github.AppIntro:AppIntro:6.3.1) with AarTransform
Transforming localization-1.2.11.aar (com.akexorcist:localization:1.2.11) with JetifyTransform
Transforming localization-1.2.11.aar (com.akexorcist:localization:1.2.11) with ExtractAarTransform
Transforming localization-1.2.11.aar (com.akexorcist:localization:1.2.11) with AarTransform
Transforming constraintlayout-2.1.4.aar (androidx.constraintlayout:constraintlayout:2.1.4) with JetifyTransform
Transforming constraintlayout-2.1.4.aar (androidx.constraintlayout:constraintlayout:2.1.4) with ExtractAarTransform
Transforming constraintlayout-2.1.4.aar (androidx.constraintlayout:constraintlayout:2.1.4) with AarTransform
Transforming appcompat-resources-1.6.1.aar (androidx.appcompat:appcompat-resources:1.6.1) with JetifyTransform
Transforming appcompat-resources-1.6.1.aar (androidx.appcompat:appcompat-resources:1.6.1) with ExtractAarTransform
Transforming appcompat-resources-1.6.1.aar (androidx.appcompat:appcompat-resources:1.6.1) with AarTransform
Transforming appcompat-1.6.1.aar (androidx.appcompat:appcompat:1.6.1) with JetifyTransform
Transforming appcompat-1.6.1.aar (androidx.appcompat:appcompat:1.6.1) with ExtractAarTransform
Transforming appcompat-1.6.1.aar (androidx.appcompat:appcompat:1.6.1) with AarTransform
Transforming okhttp-3.12.1.jar (com.squareup.okhttp3:okhttp:3.12.1) with JetifyTransform
Transforming okhttp-3.12.1.jar (com.squareup.okhttp3:okhttp:3.12.1) with IdentityTransform
Transforming commons-text-1.8.jar (org.apache.commons:commons-text:1.8) with JetifyTransform
Transforming commons-text-1.8.jar (org.apache.commons:commons-text:1.8) with IdentityTransform
Transforming floatingactionbutton-1.3.0.aar (com.melnykov:floatingactionbutton:1.3.0) with JetifyTransform
Transforming floatingactionbutton-1.3.0.aar (com.melnykov:floatingactionbutton:1.3.0) with ExtractAarTransform
Transforming floatingactionbutton-1.3.0.aar (com.melnykov:floatingactionbutton:1.3.0) with AarTransform
Transforming recyclerview-1.1.0.aar (androidx.recyclerview:recyclerview:1.1.0) with JetifyTransform
Transforming recyclerview-1.1.0.aar (androidx.recyclerview:recyclerview:1.1.0) with ExtractAarTransform
Transforming recyclerview-1.1.0.aar (androidx.recyclerview:recyclerview:1.1.0) with AarTransform
Transforming drawerlayout-1.0.0.aar (androidx.drawerlayout:drawerlayout:1.0.0) with JetifyTransform
Transforming drawerlayout-1.0.0.aar (androidx.drawerlayout:drawerlayout:1.0.0) with ExtractAarTransform
Transforming drawerlayout-1.0.0.aar (androidx.drawerlayout:drawerlayout:1.0.0) with AarTransform
Transforming fragment-1.3.6.aar (androidx.fragment:fragment:1.3.6) with JetifyTransform
Transforming fragment-1.3.6.aar (androidx.fragment:fragment:1.3.6) with ExtractAarTransform
Transforming fragment-1.3.6.aar (androidx.fragment:fragment:1.3.6) with AarTransform
Transforming viewpager-1.0.0.aar (androidx.viewpager:viewpager:1.0.0) with JetifyTransform
Transforming viewpager-1.0.0.aar (androidx.viewpager:viewpager:1.0.0) with ExtractAarTransform
Transforming viewpager-1.0.0.aar (androidx.viewpager:viewpager:1.0.0) with AarTransform
Transforming customview-1.0.0.aar (androidx.customview:customview:1.0.0) with JetifyTransform
Transforming customview-1.0.0.aar (androidx.customview:customview:1.0.0) with ExtractAarTransform
Transforming customview-1.0.0.aar (androidx.customview:customview:1.0.0) with AarTransform
Transforming customview-1.0.0.aar (androidx.customview:customview:1.0.0) with JetifyTransform
Transforming customview-1.0.0.aar (androidx.customview:customview:1.0.0) with ExtractAarTransform
Transforming customview-1.0.0.aar (androidx.customview:customview:1.0.0) with AarTransform
Transforming customview-1.0.0.aar (androidx.customview:customview:1.0.0) with JetifyTransform
Transforming customview-1.0.0.aar (androidx.customview:customview:1.0.0) with ExtractAarTransform
Transforming customview-1.0.0.aar (androidx.customview:customview:1.0.0) with AarTransform
Transforming activity-ktx-1.6.0.aar (androidx.activity:activity-ktx:1.6.0) with JetifyTransform
Transforming activity-ktx-1.6.0.aar (androidx.activity:activity-ktx:1.6.0) with ExtractAarTransform
Transforming activity-ktx-1.6.0.aar (androidx.activity:activity-ktx:1.6.0) with AarTransform
Transforming activity-1.6.0.aar (androidx.activity:activity:1.6.0) with JetifyTransform
Transforming activity-1.6.0.aar (androidx.activity:activity:1.6.0) with ExtractAarTransform
Transforming activity-1.6.0.aar (androidx.activity:activity:1.6.0) with AarTransform
Transforming emoji2-views-helper-1.2.0.aar (androidx.emoji2:emoji2-views-helper:1.2.0) with JetifyTransform
Transforming emoji2-views-helper-1.2.0.aar (androidx.emoji2:emoji2-views-helper:1.2.0) with ExtractAarTransform
Transforming emoji2-views-helper-1.2.0.aar (androidx.emoji2:emoji2-views-helper:1.2.0) with AarTransform
Transforming emoji2-1.2.0.aar (androidx.emoji2:emoji2:1.2.0) with JetifyTransform
Transforming emoji2-1.2.0.aar (androidx.emoji2:emoji2:1.2.0) with ExtractAarTransform
Transforming emoji2-1.2.0.aar (androidx.emoji2:emoji2:1.2.0) with AarTransform
Transforming loader-1.0.0.aar (androidx.loader:loader:1.0.0) with JetifyTransform
Transforming loader-1.0.0.aar (androidx.loader:loader:1.0.0) with ExtractAarTransform
Transforming loader-1.0.0.aar (androidx.loader:loader:1.0.0) with AarTransform
Transforming lifecycle-viewmodel-ktx-2.5.1.aar (androidx.lifecycle:lifecycle-viewmodel-ktx:2.5.1) with JetifyTransform
Transforming lifecycle-viewmodel-ktx-2.5.1.aar (androidx.lifecycle:lifecycle-viewmodel-ktx:2.5.1) with ExtractAarTransform
Transforming lifecycle-viewmodel-ktx-2.5.1.aar (androidx.lifecycle:lifecycle-viewmodel-ktx:2.5.1) with AarTransform
Transforming lifecycle-viewmodel-2.5.1.aar (androidx.lifecycle:lifecycle-viewmodel:2.5.1) with JetifyTransform
Transforming lifecycle-viewmodel-2.5.1.aar (androidx.lifecycle:lifecycle-viewmodel:2.5.1) with ExtractAarTransform
Transforming lifecycle-viewmodel-2.5.1.aar (androidx.lifecycle:lifecycle-viewmodel:2.5.1) with AarTransform
Transforming lifecycle-viewmodel-2.5.1.aar (androidx.lifecycle:lifecycle-viewmodel:2.5.1) with JetifyTransform
Transforming lifecycle-viewmodel-2.5.1.aar (androidx.lifecycle:lifecycle-viewmodel:2.5.1) with ExtractAarTransform
Transforming lifecycle-viewmodel-2.5.1.aar (androidx.lifecycle:lifecycle-viewmodel:2.5.1) with AarTransform
Transforming lifecycle-viewmodel-savedstate-2.5.1.aar (androidx.lifecycle:lifecycle-viewmodel-savedstate:2.5.1) with JetifyTransform
Transforming lifecycle-viewmodel-savedstate-2.5.1.aar (androidx.lifecycle:lifecycle-viewmodel-savedstate:2.5.1) with ExtractAarTransform
Transforming lifecycle-viewmodel-savedstate-2.5.1.aar (androidx.lifecycle:lifecycle-viewmodel-savedstate:2.5.1) with AarTransform
Transforming core-ktx-1.9.0.aar (androidx.core:core-ktx:1.9.0) with JetifyTransform
Transforming core-ktx-1.9.0.aar (androidx.core:core-ktx:1.9.0) with ExtractAarTransform
Transforming core-ktx-1.9.0.aar (androidx.core:core-ktx:1.9.0) with AarTransform
Transforming vectordrawable-animated-1.1.0.aar (androidx.vectordrawable:vectordrawable-animated:1.1.0) with JetifyTransform
Transforming vectordrawable-animated-1.1.0.aar (androidx.vectordrawable:vectordrawable-animated:1.1.0) with ExtractAarTransform
Transforming vectordrawable-animated-1.1.0.aar (androidx.vectordrawable:vectordrawable-animated:1.1.0) with AarTransform
Transforming vectordrawable-1.1.0.aar (androidx.vectordrawable:vectordrawable:1.1.0) with JetifyTransform
Transforming vectordrawable-1.1.0.aar (androidx.vectordrawable:vectordrawable:1.1.0) with ExtractAarTransform
Transforming vectordrawable-1.1.0.aar (androidx.vectordrawable:vectordrawable:1.1.0) with AarTransform
Transforming vectordrawable-1.1.0.aar (androidx.vectordrawable:vectordrawable:1.1.0) with JetifyTransform
Transforming vectordrawable-1.1.0.aar (androidx.vectordrawable:vectordrawable:1.1.0) with ExtractAarTransform
Transforming vectordrawable-1.1.0.aar (androidx.vectordrawable:vectordrawable:1.1.0) with AarTransform
Transforming core-1.9.0.aar (androidx.core:core:1.9.0) with JetifyTransform
Transforming core-1.9.0.aar (androidx.core:core:1.9.0) with ExtractAarTransform
Transforming core-1.9.0.aar (androidx.core:core:1.9.0) with AarTransform
Transforming core-1.9.0.aar (androidx.core:core:1.9.0) with JetifyTransform
Transforming core-1.9.0.aar (androidx.core:core:1.9.0) with ExtractAarTransform
Transforming core-1.9.0.aar (androidx.core:core:1.9.0) with AarTransform
Transforming core-1.9.0.aar (androidx.core:core:1.9.0) with JetifyTransform
Transforming core-1.9.0.aar (androidx.core:core:1.9.0) with ExtractAarTransform
Transforming core-1.9.0.aar (androidx.core:core:1.9.0) with AarTransform
Transforming core-1.9.0.aar (androidx.core:core:1.9.0) with JetifyTransform
Transforming core-1.9.0.aar (androidx.core:core:1.9.0) with ExtractAarTransform
Transforming core-1.9.0.aar (androidx.core:core:1.9.0) with AarTransform
Transforming core-1.9.0.aar (androidx.core:core:1.9.0) with JetifyTransform
Transforming core-1.9.0.aar (androidx.core:core:1.9.0) with ExtractAarTransform
Transforming core-1.9.0.aar (androidx.core:core:1.9.0) with AarTransform
Transforming core-1.9.0.aar (androidx.core:core:1.9.0) with JetifyTransform
Transforming core-1.9.0.aar (androidx.core:core:1.9.0) with ExtractAarTransform
Transforming core-1.9.0.aar (androidx.core:core:1.9.0) with AarTransform
Transforming core-1.9.0.aar (androidx.core:core:1.9.0) with JetifyTransform
Transforming core-1.9.0.aar (androidx.core:core:1.9.0) with ExtractAarTransform
Transforming core-1.9.0.aar (androidx.core:core:1.9.0) with AarTransform
Transforming cursoradapter-1.0.0.aar (androidx.cursoradapter:cursoradapter:1.0.0) with JetifyTransform
Transforming cursoradapter-1.0.0.aar (androidx.cursoradapter:cursoradapter:1.0.0) with ExtractAarTransform
Transforming cursoradapter-1.0.0.aar (androidx.cursoradapter:cursoradapter:1.0.0) with AarTransform
Transforming lifecycle-process-2.4.1.aar (androidx.lifecycle:lifecycle-process:2.4.1) with JetifyTransform
Transforming lifecycle-process-2.4.1.aar (androidx.lifecycle:lifecycle-process:2.4.1) with ExtractAarTransform
Transforming lifecycle-process-2.4.1.aar (androidx.lifecycle:lifecycle-process:2.4.1) with AarTransform
Transforming lifecycle-runtime-ktx-2.5.1.aar (androidx.lifecycle:lifecycle-runtime-ktx:2.5.1) with JetifyTransform
Transforming lifecycle-runtime-ktx-2.5.1.aar (androidx.lifecycle:lifecycle-runtime-ktx:2.5.1) with ExtractAarTransform
Transforming lifecycle-runtime-ktx-2.5.1.aar (androidx.lifecycle:lifecycle-runtime-ktx:2.5.1) with AarTransform
Transforming lifecycle-runtime-2.5.1.aar (androidx.lifecycle:lifecycle-runtime:2.5.1) with JetifyTransform
Transforming lifecycle-runtime-2.5.1.aar (androidx.lifecycle:lifecycle-runtime:2.5.1) with ExtractAarTransform
Transforming lifecycle-runtime-2.5.1.aar (androidx.lifecycle:lifecycle-runtime:2.5.1) with AarTransform
Transforming resourceinspection-annotation-1.0.1.jar (androidx.resourceinspection:resourceinspection-annotation:1.0.1) with JetifyTransform
Transforming resourceinspection-annotation-1.0.1.jar (androidx.resourceinspection:resourceinspection-annotation:1.0.1) with IdentityTransform
Transforming savedstate-ktx-1.2.0.aar (androidx.savedstate:savedstate-ktx:1.2.0) with JetifyTransform
Transforming savedstate-ktx-1.2.0.aar (androidx.savedstate:savedstate-ktx:1.2.0) with ExtractAarTransform
Transforming savedstate-ktx-1.2.0.aar (androidx.savedstate:savedstate-ktx:1.2.0) with AarTransform
Transforming savedstate-1.2.0.aar (androidx.savedstate:savedstate:1.2.0) with JetifyTransform
Transforming savedstate-1.2.0.aar (androidx.savedstate:savedstate:1.2.0) with ExtractAarTransform
Transforming savedstate-1.2.0.aar (androidx.savedstate:savedstate:1.2.0) with AarTransform
Transforming concurrent-futures-1.0.0.jar (androidx.concurrent:concurrent-futures:1.0.0) with JetifyTransform
Transforming concurrent-futures-1.0.0.jar (androidx.concurrent:concurrent-futures:1.0.0) with IdentityTransform
Transforming versionedparcelable-1.1.1.aar (androidx.versionedparcelable:versionedparcelable:1.1.1) with JetifyTransform
Transforming versionedparcelable-1.1.1.aar (androidx.versionedparcelable:versionedparcelable:1.1.1) with ExtractAarTransform
Transforming versionedparcelable-1.1.1.aar (androidx.versionedparcelable:versionedparcelable:1.1.1) with AarTransform
Transforming startup-runtime-1.1.1.aar (androidx.startup:startup-runtime:1.1.1) with JetifyTransform
Transforming startup-runtime-1.1.1.aar (androidx.startup:startup-runtime:1.1.1) with ExtractAarTransform
Transforming startup-runtime-1.1.1.aar (androidx.startup:startup-runtime:1.1.1) with AarTransform
Transforming tracing-1.0.0.aar (androidx.tracing:tracing:1.0.0) with JetifyTransform
Transforming tracing-1.0.0.aar (androidx.tracing:tracing:1.0.0) with ExtractAarTransform
Transforming tracing-1.0.0.aar (androidx.tracing:tracing:1.0.0) with AarTransform
Transforming collection-1.1.0.jar (androidx.collection:collection:1.1.0) with JetifyTransform
Transforming collection-1.1.0.jar (androidx.collection:collection:1.1.0) with IdentityTransform
Transforming lifecycle-livedata-2.0.0.aar (androidx.lifecycle:lifecycle-livedata:2.0.0) with JetifyTransform
Transforming lifecycle-livedata-2.0.0.aar (androidx.lifecycle:lifecycle-livedata:2.0.0) with ExtractAarTransform
Transforming lifecycle-livedata-2.0.0.aar (androidx.lifecycle:lifecycle-livedata:2.0.0) with AarTransform
Transforming lifecycle-livedata-core-2.5.1.aar (androidx.lifecycle:lifecycle-livedata-core:2.5.1) with JetifyTransform
Transforming lifecycle-livedata-core-2.5.1.aar (androidx.lifecycle:lifecycle-livedata-core:2.5.1) with ExtractAarTransform
Transforming lifecycle-livedata-core-2.5.1.aar (androidx.lifecycle:lifecycle-livedata-core:2.5.1) with AarTransform
Transforming lifecycle-livedata-core-2.5.1.aar (androidx.lifecycle:lifecycle-livedata-core:2.5.1) with JetifyTransform
Transforming lifecycle-livedata-core-2.5.1.aar (androidx.lifecycle:lifecycle-livedata-core:2.5.1) with ExtractAarTransform
Transforming lifecycle-livedata-core-2.5.1.aar (androidx.lifecycle:lifecycle-livedata-core:2.5.1) with AarTransform
Transforming core-runtime-2.1.0.aar (androidx.arch.core:core-runtime:2.1.0) with JetifyTransform
Transforming core-runtime-2.1.0.aar (androidx.arch.core:core-runtime:2.1.0) with ExtractAarTransform
Transforming core-runtime-2.1.0.aar (androidx.arch.core:core-runtime:2.1.0) with AarTransform
Transforming core-runtime-2.1.0.aar (androidx.arch.core:core-runtime:2.1.0) with JetifyTransform
Transforming core-runtime-2.1.0.aar (androidx.arch.core:core-runtime:2.1.0) with ExtractAarTransform
Transforming core-runtime-2.1.0.aar (androidx.arch.core:core-runtime:2.1.0) with AarTransform
Transforming core-common-2.1.0.jar (androidx.arch.core:core-common:2.1.0) with JetifyTransform
Transforming core-common-2.1.0.jar (androidx.arch.core:core-common:2.1.0) with IdentityTransform
Transforming lifecycle-common-2.5.1.jar (androidx.lifecycle:lifecycle-common:2.5.1) with JetifyTransform
Transforming lifecycle-common-2.5.1.jar (androidx.lifecycle:lifecycle-common:2.5.1) with IdentityTransform
Transforming interpolator-1.0.0.aar (androidx.interpolator:interpolator:1.0.0) with JetifyTransform
Transforming interpolator-1.0.0.aar (androidx.interpolator:interpolator:1.0.0) with ExtractAarTransform
Transforming interpolator-1.0.0.aar (androidx.interpolator:interpolator:1.0.0) with AarTransform
Transforming okio-1.15.0.jar (com.squareup.okio:okio:1.15.0) with JetifyTransform
Transforming okio-1.15.0.jar (com.squareup.okio:okio:1.15.0) with IdentityTransform
Transforming kotlinx-coroutines-core-jvm-1.6.1.jar (org.jetbrains.kotlinx:kotlinx-coroutines-core-jvm:1.6.1) with JetifyTransform
Transforming kotlinx-coroutines-core-jvm-1.6.1.jar (org.jetbrains.kotlinx:kotlinx-coroutines-core-jvm:1.6.1) with IdentityTransform
Transforming kotlinx-coroutines-android-1.6.1.jar (org.jetbrains.kotlinx:kotlinx-coroutines-android:1.6.1) with JetifyTransform
Transforming kotlinx-coroutines-android-1.6.1.jar (org.jetbrains.kotlinx:kotlinx-coroutines-android:1.6.1) with IdentityTransform
Transforming kotlin-stdlib-jdk8-1.9.0.jar (org.jetbrains.kotlin:kotlin-stdlib-jdk8:1.9.0) with JetifyTransform
Transforming kotlin-stdlib-jdk8-1.9.0.jar (org.jetbrains.kotlin:kotlin-stdlib-jdk8:1.9.0) with IdentityTransform
Transforming kotlin-stdlib-jdk7-1.9.0.jar (org.jetbrains.kotlin:kotlin-stdlib-jdk7:1.9.0) with JetifyTransform
Transforming kotlin-stdlib-jdk7-1.9.0.jar (org.jetbrains.kotlin:kotlin-stdlib-jdk7:1.9.0) with IdentityTransform
Transforming commons-lang3-3.9.jar (org.apache.commons:commons-lang3:3.9) with JetifyTransform
Transforming commons-lang3-3.9.jar (org.apache.commons:commons-lang3:3.9) with IdentityTransform
Transforming library-2.4.0.jar (com.nineoldandroids:library:2.4.0) with JetifyTransform
Transforming library-2.4.0.jar (com.nineoldandroids:library:2.4.0) with IdentityTransform
Transforming annotation-jvm-1.6.0.jar (androidx.annotation:annotation-jvm:1.6.0) with JetifyTransform
Transforming annotation-jvm-1.6.0.jar (androidx.annotation:annotation-jvm:1.6.0) with IdentityTransform
Transforming annotation-experimental-1.3.0.aar (androidx.annotation:annotation-experimental:1.3.0) with JetifyTransform
Transforming annotation-experimental-1.3.0.aar (androidx.annotation:annotation-experimental:1.3.0) with ExtractAarTransform
Transforming annotation-experimental-1.3.0.aar (androidx.annotation:annotation-experimental:1.3.0) with AarTransform
Transforming kotlin-stdlib-1.9.0.jar (org.jetbrains.kotlin:kotlin-stdlib:1.9.0) with JetifyTransform
Transforming kotlin-stdlib-1.9.0.jar (org.jetbrains.kotlin:kotlin-stdlib:1.9.0) with IdentityTransform
Transforming constraintlayout-core-1.0.4.jar (androidx.constraintlayout:constraintlayout-core:1.0.4) with JetifyTransform
Transforming constraintlayout-core-1.0.4.jar (androidx.constraintlayout:constraintlayout-core:1.0.4) with IdentityTransform
Transforming kotlin-stdlib-common-1.9.0.jar (org.jetbrains.kotlin:kotlin-stdlib-common:1.9.0) with JetifyTransform
Transforming kotlin-stdlib-common-1.9.0.jar (org.jetbrains.kotlin:kotlin-stdlib-common:1.9.0) with IdentityTransform
Transforming annotations-13.0.jar (org.jetbrains:annotations:13.0) with JetifyTransform
Transforming annotations-13.0.jar (org.jetbrains:annotations:13.0) with IdentityTransform
Transforming listenablefuture-1.0.jar (com.google.guava:listenablefuture:1.0) with JetifyTransform
Transforming listenablefuture-1.0.jar (com.google.guava:listenablefuture:1.0) with IdentityTransform
Caching disabled for task ':app:mergeDebugJavaResource' because:
  Build cache is disabled
  Caching has been disabled for the task
Task ':app:mergeDebugJavaResource' is not up-to-date because:
  No history is available.
The input changes require a full rebuild for incremental task ':app:mergeDebugJavaResource'.
Resolve mutations for :app:mergeLibDexDebug (Thread[#172,Execution worker Thread 2,5,main]) started.
:app:mergeLibDexDebug (Thread[#172,Execution worker Thread 2,5,main]) started.
Resolve mutations for :app:mergeDebugJniLibFolders (Thread[#170,included builds,5,main]) started.
:app:mergeDebugJniLibFolders (Thread[#170,included builds,5,main]) started.

> Task :app:mergeDebugJniLibFolders
Caching disabled for task ':app:mergeDebugJniLibFolders' because:
  Build cache is disabled
  Simple merging task
Task ':app:mergeDebugJniLibFolders' is not up-to-date because:
  No history is available.
The input changes require a full rebuild for incremental task ':app:mergeDebugJniLibFolders'.
Resolve mutations for :app:mergeDebugNativeLibs (Thread[#170,included builds,5,main]) started.
:app:mergeDebugNativeLibs (Thread[#170,included builds,5,main]) started.

> Task :app:mergeLibDexDebug
Caching disabled for task ':app:mergeLibDexDebug' because:
  Build cache is disabled
Task ':app:mergeLibDexDebug' is not up-to-date because:
  No history is available.
The input changes require a full rebuild for incremental task ':app:mergeLibDexDebug'.

> Task :app:mergeDebugNativeLibs NO-SOURCE
Transforming AppIntro-6.3.1.aar (com.github.AppIntro:AppIntro:6.3.1) with JetifyTransform
Transforming AppIntro-6.3.1.aar (com.github.AppIntro:AppIntro:6.3.1) with ExtractAarTransform
Transforming AppIntro-6.3.1.aar (com.github.AppIntro:AppIntro:6.3.1) with AarTransform
Transforming localization-1.2.11.aar (com.akexorcist:localization:1.2.11) with JetifyTransform
Transforming localization-1.2.11.aar (com.akexorcist:localization:1.2.11) with ExtractAarTransform
Transforming localization-1.2.11.aar (com.akexorcist:localization:1.2.11) with AarTransform
Transforming constraintlayout-2.1.4.aar (androidx.constraintlayout:constraintlayout:2.1.4) with JetifyTransform
Transforming constraintlayout-2.1.4.aar (androidx.constraintlayout:constraintlayout:2.1.4) with ExtractAarTransform
Transforming constraintlayout-2.1.4.aar (androidx.constraintlayout:constraintlayout:2.1.4) with AarTransform
Transforming appcompat-resources-1.6.1.aar (androidx.appcompat:appcompat-resources:1.6.1) with JetifyTransform
Transforming appcompat-resources-1.6.1.aar (androidx.appcompat:appcompat-resources:1.6.1) with ExtractAarTransform
Transforming appcompat-resources-1.6.1.aar (androidx.appcompat:appcompat-resources:1.6.1) with AarTransform
Transforming appcompat-1.6.1.aar (androidx.appcompat:appcompat:1.6.1) with JetifyTransform
Transforming appcompat-1.6.1.aar (androidx.appcompat:appcompat:1.6.1) with ExtractAarTransform
Transforming appcompat-1.6.1.aar (androidx.appcompat:appcompat:1.6.1) with AarTransform
Transforming okhttp-3.12.1.jar (com.squareup.okhttp3:okhttp:3.12.1) with JetifyTransform
Transforming okhttp-3.12.1.jar (com.squareup.okhttp3:okhttp:3.12.1) with ExtractJniTransform
Transforming commons-text-1.8.jar (org.apache.commons:commons-text:1.8) with JetifyTransform
Transforming commons-text-1.8.jar (org.apache.commons:commons-text:1.8) with ExtractJniTransform
Transforming floatingactionbutton-1.3.0.aar (com.melnykov:floatingactionbutton:1.3.0) with JetifyTransform
Transforming floatingactionbutton-1.3.0.aar (com.melnykov:floatingactionbutton:1.3.0) with ExtractAarTransform
Transforming floatingactionbutton-1.3.0.aar (com.melnykov:floatingactionbutton:1.3.0) with AarTransform
Transforming recyclerview-1.1.0.aar (androidx.recyclerview:recyclerview:1.1.0) with JetifyTransform
Transforming recyclerview-1.1.0.aar (androidx.recyclerview:recyclerview:1.1.0) with ExtractAarTransform
Transforming recyclerview-1.1.0.aar (androidx.recyclerview:recyclerview:1.1.0) with AarTransform
Transforming drawerlayout-1.0.0.aar (androidx.drawerlayout:drawerlayout:1.0.0) with JetifyTransform
Transforming drawerlayout-1.0.0.aar (androidx.drawerlayout:drawerlayout:1.0.0) with ExtractAarTransform
Transforming drawerlayout-1.0.0.aar (androidx.drawerlayout:drawerlayout:1.0.0) with AarTransform
Transforming fragment-1.3.6.aar (androidx.fragment:fragment:1.3.6) with JetifyTransform
Transforming fragment-1.3.6.aar (androidx.fragment:fragment:1.3.6) with ExtractAarTransform
Transforming fragment-1.3.6.aar (androidx.fragment:fragment:1.3.6) with AarTransform
Transforming viewpager-1.0.0.aar (androidx.viewpager:viewpager:1.0.0) with JetifyTransform
Transforming viewpager-1.0.0.aar (androidx.viewpager:viewpager:1.0.0) with ExtractAarTransform
Transforming viewpager-1.0.0.aar (androidx.viewpager:viewpager:1.0.0) with AarTransform
Transforming customview-1.0.0.aar (androidx.customview:customview:1.0.0) with JetifyTransform
Transforming customview-1.0.0.aar (androidx.customview:customview:1.0.0) with ExtractAarTransform
Transforming customview-1.0.0.aar (androidx.customview:customview:1.0.0) with AarTransform
Transforming customview-1.0.0.aar (androidx.customview:customview:1.0.0) with JetifyTransform
Transforming customview-1.0.0.aar (androidx.customview:customview:1.0.0) with ExtractAarTransform
Transforming customview-1.0.0.aar (androidx.customview:customview:1.0.0) with AarTransform
Transforming customview-1.0.0.aar (androidx.customview:customview:1.0.0) with JetifyTransform
Transforming customview-1.0.0.aar (androidx.customview:customview:1.0.0) with ExtractAarTransform
Transforming customview-1.0.0.aar (androidx.customview:customview:1.0.0) with AarTransform
Transforming activity-ktx-1.6.0.aar (androidx.activity:activity-ktx:1.6.0) with JetifyTransform
Transforming activity-ktx-1.6.0.aar (androidx.activity:activity-ktx:1.6.0) with ExtractAarTransform
Transforming activity-ktx-1.6.0.aar (androidx.activity:activity-ktx:1.6.0) with AarTransform
Transforming activity-1.6.0.aar (androidx.activity:activity:1.6.0) with JetifyTransform
Transforming activity-1.6.0.aar (androidx.activity:activity:1.6.0) with ExtractAarTransform
Transforming activity-1.6.0.aar (androidx.activity:activity:1.6.0) with AarTransform
Transforming emoji2-views-helper-1.2.0.aar (androidx.emoji2:emoji2-views-helper:1.2.0) with JetifyTransform
Transforming emoji2-views-helper-1.2.0.aar (androidx.emoji2:emoji2-views-helper:1.2.0) with ExtractAarTransform
Transforming emoji2-views-helper-1.2.0.aar (androidx.emoji2:emoji2-views-helper:1.2.0) with AarTransform
Transforming emoji2-1.2.0.aar (androidx.emoji2:emoji2:1.2.0) with JetifyTransform
Transforming emoji2-1.2.0.aar (androidx.emoji2:emoji2:1.2.0) with ExtractAarTransform
Transforming emoji2-1.2.0.aar (androidx.emoji2:emoji2:1.2.0) with AarTransform
Transforming loader-1.0.0.aar (androidx.loader:loader:1.0.0) with JetifyTransform
Transforming loader-1.0.0.aar (androidx.loader:loader:1.0.0) with ExtractAarTransform
Transforming loader-1.0.0.aar (androidx.loader:loader:1.0.0) with AarTransform
Transforming lifecycle-viewmodel-ktx-2.5.1.aar (androidx.lifecycle:lifecycle-viewmodel-ktx:2.5.1) with JetifyTransform
Transforming lifecycle-viewmodel-ktx-2.5.1.aar (androidx.lifecycle:lifecycle-viewmodel-ktx:2.5.1) with ExtractAarTransform
Transforming lifecycle-viewmodel-ktx-2.5.1.aar (androidx.lifecycle:lifecycle-viewmodel-ktx:2.5.1) with AarTransform
Transforming lifecycle-viewmodel-2.5.1.aar (androidx.lifecycle:lifecycle-viewmodel:2.5.1) with JetifyTransform
Transforming lifecycle-viewmodel-2.5.1.aar (androidx.lifecycle:lifecycle-viewmodel:2.5.1) with ExtractAarTransform
Transforming lifecycle-viewmodel-2.5.1.aar (androidx.lifecycle:lifecycle-viewmodel:2.5.1) with AarTransform
Transforming lifecycle-viewmodel-2.5.1.aar (androidx.lifecycle:lifecycle-viewmodel:2.5.1) with JetifyTransform
Transforming lifecycle-viewmodel-2.5.1.aar (androidx.lifecycle:lifecycle-viewmodel:2.5.1) with ExtractAarTransform
Transforming lifecycle-viewmodel-2.5.1.aar (androidx.lifecycle:lifecycle-viewmodel:2.5.1) with AarTransform
Transforming lifecycle-viewmodel-savedstate-2.5.1.aar (androidx.lifecycle:lifecycle-viewmodel-savedstate:2.5.1) with JetifyTransform
Transforming lifecycle-viewmodel-savedstate-2.5.1.aar (androidx.lifecycle:lifecycle-viewmodel-savedstate:2.5.1) with ExtractAarTransform
Transforming lifecycle-viewmodel-savedstate-2.5.1.aar (androidx.lifecycle:lifecycle-viewmodel-savedstate:2.5.1) with AarTransform
Transforming core-ktx-1.9.0.aar (androidx.core:core-ktx:1.9.0) with JetifyTransform
Transforming core-ktx-1.9.0.aar (androidx.core:core-ktx:1.9.0) with ExtractAarTransform
Transforming core-ktx-1.9.0.aar (androidx.core:core-ktx:1.9.0) with AarTransform
Transforming vectordrawable-animated-1.1.0.aar (androidx.vectordrawable:vectordrawable-animated:1.1.0) with JetifyTransform
Transforming vectordrawable-animated-1.1.0.aar (androidx.vectordrawable:vectordrawable-animated:1.1.0) with ExtractAarTransform
Transforming vectordrawable-animated-1.1.0.aar (androidx.vectordrawable:vectordrawable-animated:1.1.0) with AarTransform
Transforming vectordrawable-1.1.0.aar (androidx.vectordrawable:vectordrawable:1.1.0) with JetifyTransform
Transforming vectordrawable-1.1.0.aar (androidx.vectordrawable:vectordrawable:1.1.0) with ExtractAarTransform
Transforming vectordrawable-1.1.0.aar (androidx.vectordrawable:vectordrawable:1.1.0) with AarTransform
Transforming vectordrawable-1.1.0.aar (androidx.vectordrawable:vectordrawable:1.1.0) with JetifyTransform
Transforming vectordrawable-1.1.0.aar (androidx.vectordrawable:vectordrawable:1.1.0) with ExtractAarTransform
Transforming vectordrawable-1.1.0.aar (androidx.vectordrawable:vectordrawable:1.1.0) with AarTransform
Transforming core-1.9.0.aar (androidx.core:core:1.9.0) with JetifyTransform
Transforming core-1.9.0.aar (androidx.core:core:1.9.0) with ExtractAarTransform
Transforming core-1.9.0.aar (androidx.core:core:1.9.0) with AarTransform
Transforming core-1.9.0.aar (androidx.core:core:1.9.0) with JetifyTransform
Transforming core-1.9.0.aar (androidx.core:core:1.9.0) with ExtractAarTransform
Transforming core-1.9.0.aar (androidx.core:core:1.9.0) with AarTransform
Transforming core-1.9.0.aar (androidx.core:core:1.9.0) with JetifyTransform
Transforming core-1.9.0.aar (androidx.core:core:1.9.0) with ExtractAarTransform
Transforming core-1.9.0.aar (androidx.core:core:1.9.0) with AarTransform
Transforming core-1.9.0.aar (androidx.core:core:1.9.0) with JetifyTransform
Transforming core-1.9.0.aar (androidx.core:core:1.9.0) with ExtractAarTransform
Transforming core-1.9.0.aar (androidx.core:core:1.9.0) with AarTransform
Transforming core-1.9.0.aar (androidx.core:core:1.9.0) with JetifyTransform
Transforming core-1.9.0.aar (androidx.core:core:1.9.0) with ExtractAarTransform
Transforming core-1.9.0.aar (androidx.core:core:1.9.0) with AarTransform
Transforming core-1.9.0.aar (androidx.core:core:1.9.0) with JetifyTransform
Transforming core-1.9.0.aar (androidx.core:core:1.9.0) with ExtractAarTransform
Transforming core-1.9.0.aar (androidx.core:core:1.9.0) with AarTransform
Transforming core-1.9.0.aar (androidx.core:core:1.9.0) with JetifyTransform
Transforming core-1.9.0.aar (androidx.core:core:1.9.0) with ExtractAarTransform
Transforming core-1.9.0.aar (androidx.core:core:1.9.0) with AarTransform
Transforming cursoradapter-1.0.0.aar (androidx.cursoradapter:cursoradapter:1.0.0) with JetifyTransform
Transforming cursoradapter-1.0.0.aar (androidx.cursoradapter:cursoradapter:1.0.0) with ExtractAarTransform
Transforming cursoradapter-1.0.0.aar (androidx.cursoradapter:cursoradapter:1.0.0) with AarTransform
Transforming lifecycle-process-2.4.1.aar (androidx.lifecycle:lifecycle-process:2.4.1) with JetifyTransform
Transforming lifecycle-process-2.4.1.aar (androidx.lifecycle:lifecycle-process:2.4.1) with ExtractAarTransform
Transforming lifecycle-process-2.4.1.aar (androidx.lifecycle:lifecycle-process:2.4.1) with AarTransform
Transforming lifecycle-runtime-ktx-2.5.1.aar (androidx.lifecycle:lifecycle-runtime-ktx:2.5.1) with JetifyTransform
Transforming lifecycle-runtime-ktx-2.5.1.aar (androidx.lifecycle:lifecycle-runtime-ktx:2.5.1) with ExtractAarTransform
Transforming lifecycle-runtime-ktx-2.5.1.aar (androidx.lifecycle:lifecycle-runtime-ktx:2.5.1) with AarTransform
Transforming lifecycle-runtime-2.5.1.aar (androidx.lifecycle:lifecycle-runtime:2.5.1) with JetifyTransform
Transforming lifecycle-runtime-2.5.1.aar (androidx.lifecycle:lifecycle-runtime:2.5.1) with ExtractAarTransform
Transforming lifecycle-runtime-2.5.1.aar (androidx.lifecycle:lifecycle-runtime:2.5.1) with AarTransform
Transforming resourceinspection-annotation-1.0.1.jar (androidx.resourceinspection:resourceinspection-annotation:1.0.1) with JetifyTransform
Transforming resourceinspection-annotation-1.0.1.jar (androidx.resourceinspection:resourceinspection-annotation:1.0.1) with ExtractJniTransform
Transforming savedstate-ktx-1.2.0.aar (androidx.savedstate:savedstate-ktx:1.2.0) with JetifyTransform
Transforming savedstate-ktx-1.2.0.aar (androidx.savedstate:savedstate-ktx:1.2.0) with ExtractAarTransform
Transforming savedstate-ktx-1.2.0.aar (androidx.savedstate:savedstate-ktx:1.2.0) with AarTransform
Transforming savedstate-1.2.0.aar (androidx.savedstate:savedstate:1.2.0) with JetifyTransform
Transforming savedstate-1.2.0.aar (androidx.savedstate:savedstate:1.2.0) with ExtractAarTransform
Transforming savedstate-1.2.0.aar (androidx.savedstate:savedstate:1.2.0) with AarTransform
Transforming concurrent-futures-1.0.0.jar (androidx.concurrent:concurrent-futures:1.0.0) with JetifyTransform
Transforming concurrent-futures-1.0.0.jar (androidx.concurrent:concurrent-futures:1.0.0) with ExtractJniTransform
Transforming versionedparcelable-1.1.1.aar (androidx.versionedparcelable:versionedparcelable:1.1.1) with JetifyTransform
Transforming versionedparcelable-1.1.1.aar (androidx.versionedparcelable:versionedparcelable:1.1.1) with ExtractAarTransform
Transforming versionedparcelable-1.1.1.aar (androidx.versionedparcelable:versionedparcelable:1.1.1) with AarTransform
Transforming startup-runtime-1.1.1.aar (androidx.startup:startup-runtime:1.1.1) with JetifyTransform
Transforming startup-runtime-1.1.1.aar (androidx.startup:startup-runtime:1.1.1) with ExtractAarTransform
Transforming startup-runtime-1.1.1.aar (androidx.startup:startup-runtime:1.1.1) with AarTransform
Transforming tracing-1.0.0.aar (androidx.tracing:tracing:1.0.0) with JetifyTransform
Transforming tracing-1.0.0.aar (androidx.tracing:tracing:1.0.0) with ExtractAarTransform
Transforming tracing-1.0.0.aar (androidx.tracing:tracing:1.0.0) with AarTransform
Transforming collection-1.1.0.jar (androidx.collection:collection:1.1.0) with JetifyTransform
Transforming collection-1.1.0.jar (androidx.collection:collection:1.1.0) with ExtractJniTransform
Transforming lifecycle-livedata-2.0.0.aar (androidx.lifecycle:lifecycle-livedata:2.0.0) with JetifyTransform
Transforming lifecycle-livedata-2.0.0.aar (androidx.lifecycle:lifecycle-livedata:2.0.0) with ExtractAarTransform
Transforming lifecycle-livedata-2.0.0.aar (androidx.lifecycle:lifecycle-livedata:2.0.0) with AarTransform
Transforming lifecycle-livedata-core-2.5.1.aar (androidx.lifecycle:lifecycle-livedata-core:2.5.1) with JetifyTransform
Transforming lifecycle-livedata-core-2.5.1.aar (androidx.lifecycle:lifecycle-livedata-core:2.5.1) with ExtractAarTransform
Transforming lifecycle-livedata-core-2.5.1.aar (androidx.lifecycle:lifecycle-livedata-core:2.5.1) with AarTransform
Transforming lifecycle-livedata-core-2.5.1.aar (androidx.lifecycle:lifecycle-livedata-core:2.5.1) with JetifyTransform
Transforming lifecycle-livedata-core-2.5.1.aar (androidx.lifecycle:lifecycle-livedata-core:2.5.1) with ExtractAarTransform
Transforming lifecycle-livedata-core-2.5.1.aar (androidx.lifecycle:lifecycle-livedata-core:2.5.1) with AarTransform
Transforming core-runtime-2.1.0.aar (androidx.arch.core:core-runtime:2.1.0) with JetifyTransform
Transforming core-runtime-2.1.0.aar (androidx.arch.core:core-runtime:2.1.0) with ExtractAarTransform
Transforming core-runtime-2.1.0.aar (androidx.arch.core:core-runtime:2.1.0) with AarTransform
Transforming core-runtime-2.1.0.aar (androidx.arch.core:core-runtime:2.1.0) with JetifyTransform
Transforming core-runtime-2.1.0.aar (androidx.arch.core:core-runtime:2.1.0) with ExtractAarTransform
Transforming core-runtime-2.1.0.aar (androidx.arch.core:core-runtime:2.1.0) with AarTransform
Transforming core-common-2.1.0.jar (androidx.arch.core:core-common:2.1.0) with JetifyTransform
Transforming core-common-2.1.0.jar (androidx.arch.core:core-common:2.1.0) with ExtractJniTransform
Transforming lifecycle-common-2.5.1.jar (androidx.lifecycle:lifecycle-common:2.5.1) with JetifyTransform
Transforming lifecycle-common-2.5.1.jar (androidx.lifecycle:lifecycle-common:2.5.1) with ExtractJniTransform
Transforming interpolator-1.0.0.aar (androidx.interpolator:interpolator:1.0.0) with JetifyTransform
Transforming interpolator-1.0.0.aar (androidx.interpolator:interpolator:1.0.0) with ExtractAarTransform
Transforming interpolator-1.0.0.aar (androidx.interpolator:interpolator:1.0.0) with AarTransform
Transforming okio-1.15.0.jar (com.squareup.okio:okio:1.15.0) with JetifyTransform
Transforming okio-1.15.0.jar (com.squareup.okio:okio:1.15.0) with ExtractJniTransform
Transforming kotlinx-coroutines-core-jvm-1.6.1.jar (org.jetbrains.kotlinx:kotlinx-coroutines-core-jvm:1.6.1) with JetifyTransform
Transforming kotlinx-coroutines-core-jvm-1.6.1.jar (org.jetbrains.kotlinx:kotlinx-coroutines-core-jvm:1.6.1) with ExtractJniTransform
Transforming kotlinx-coroutines-android-1.6.1.jar (org.jetbrains.kotlinx:kotlinx-coroutines-android:1.6.1) with JetifyTransform
Transforming kotlinx-coroutines-android-1.6.1.jar (org.jetbrains.kotlinx:kotlinx-coroutines-android:1.6.1) with ExtractJniTransform
Transforming kotlin-stdlib-jdk8-1.9.0.jar (org.jetbrains.kotlin:kotlin-stdlib-jdk8:1.9.0) with JetifyTransform
Transforming kotlin-stdlib-jdk8-1.9.0.jar (org.jetbrains.kotlin:kotlin-stdlib-jdk8:1.9.0) with ExtractJniTransform
Transforming kotlin-stdlib-jdk7-1.9.0.jar (org.jetbrains.kotlin:kotlin-stdlib-jdk7:1.9.0) with JetifyTransform
Transforming kotlin-stdlib-jdk7-1.9.0.jar (org.jetbrains.kotlin:kotlin-stdlib-jdk7:1.9.0) with ExtractJniTransform
Transforming commons-lang3-3.9.jar (org.apache.commons:commons-lang3:3.9) with JetifyTransform
Transforming commons-lang3-3.9.jar (org.apache.commons:commons-lang3:3.9) with ExtractJniTransform
Transforming library-2.4.0.jar (com.nineoldandroids:library:2.4.0) with JetifyTransform
Transforming library-2.4.0.jar (com.nineoldandroids:library:2.4.0) with ExtractJniTransform
Transforming annotation-jvm-1.6.0.jar (androidx.annotation:annotation-jvm:1.6.0) with JetifyTransform
Transforming annotation-jvm-1.6.0.jar (androidx.annotation:annotation-jvm:1.6.0) with ExtractJniTransform
Transforming annotation-experimental-1.3.0.aar (androidx.annotation:annotation-experimental:1.3.0) with JetifyTransform
Transforming annotation-experimental-1.3.0.aar (androidx.annotation:annotation-experimental:1.3.0) with ExtractAarTransform
Transforming annotation-experimental-1.3.0.aar (androidx.annotation:annotation-experimental:1.3.0) with AarTransform
Transforming kotlin-stdlib-1.9.0.jar (org.jetbrains.kotlin:kotlin-stdlib:1.9.0) with JetifyTransform
Transforming kotlin-stdlib-1.9.0.jar (org.jetbrains.kotlin:kotlin-stdlib:1.9.0) with ExtractJniTransform
Transforming constraintlayout-core-1.0.4.jar (androidx.constraintlayout:constraintlayout-core:1.0.4) with JetifyTransform
Transforming constraintlayout-core-1.0.4.jar (androidx.constraintlayout:constraintlayout-core:1.0.4) with ExtractJniTransform
Transforming kotlin-stdlib-common-1.9.0.jar (org.jetbrains.kotlin:kotlin-stdlib-common:1.9.0) with JetifyTransform
Transforming kotlin-stdlib-common-1.9.0.jar (org.jetbrains.kotlin:kotlin-stdlib-common:1.9.0) with ExtractJniTransform
Transforming annotations-13.0.jar (org.jetbrains:annotations:13.0) with JetifyTransform
Transforming annotations-13.0.jar (org.jetbrains:annotations:13.0) with ExtractJniTransform
Transforming listenablefuture-1.0.jar (com.google.guava:listenablefuture:1.0) with JetifyTransform
Transforming listenablefuture-1.0.jar (com.google.guava:listenablefuture:1.0) with ExtractJniTransform
Skipping task ':app:mergeDebugNativeLibs' as it has no source files and no previous output files.
Resolve mutations for :app:stripDebugDebugSymbols (Thread[#170,included builds,5,main]) started.
:app:stripDebugDebugSymbols (Thread[#170,included builds,5,main]) started.

> Task :app:stripDebugDebugSymbols NO-SOURCE
Skipping task ':app:stripDebugDebugSymbols' as it has no source files and no previous output files.
Resolve mutations for :app:validateSigningDebug (Thread[#170,included builds,5,main]) started.
:app:validateSigningDebug (Thread[#170,included builds,5,main]) started.

> Task :app:validateSigningDebug
Caching disabled for task ':app:validateSigningDebug' because:
  Build cache is disabled
  Caching has been disabled for the task
Task ':app:validateSigningDebug' is not up-to-date because:
  No history is available.
Resolve mutations for :app:writeDebugAppMetadata (Thread[#170,included builds,5,main]) started.
:app:writeDebugAppMetadata (Thread[#170,included builds,5,main]) started.

> Task :app:writeDebugAppMetadata
Caching disabled for task ':app:writeDebugAppMetadata' because:
  Build cache is disabled
  Caching has been disabled for the task
Task ':app:writeDebugAppMetadata' is not up-to-date because:
  No history is available.
Resolve mutations for :app:writeDebugSigningConfigVersions (Thread[#170,included builds,5,main]) started.
:app:writeDebugSigningConfigVersions (Thread[#170,included builds,5,main]) started.

> Task :app:writeDebugSigningConfigVersions
Caching disabled for task ':app:writeDebugSigningConfigVersions' because:
  Build cache is disabled
  Caching has been disabled for the task
Task ':app:writeDebugSigningConfigVersions' is not up-to-date because:
  No history is available.

> Task :app:processDebugResources
Transforming aapt2-8.10.0-12782657-linux.jar (com.android.tools.build:aapt2:8.10.0-12782657) with Aapt2Extractor
Transforming AppIntro-6.3.1.aar (com.github.AppIntro:AppIntro:6.3.1) with JetifyTransform
Transforming AppIntro-6.3.1.aar (com.github.AppIntro:AppIntro:6.3.1) with ExtractAarTransform
Transforming AppIntro-6.3.1.aar (com.github.AppIntro:AppIntro:6.3.1) with AarResourcesCompilerTransform
Transforming localization-1.2.11.aar (com.akexorcist:localization:1.2.11) with JetifyTransform
Transforming localization-1.2.11.aar (com.akexorcist:localization:1.2.11) with ExtractAarTransform
Transforming localization-1.2.11.aar (com.akexorcist:localization:1.2.11) with AarResourcesCompilerTransform
Transforming constraintlayout-2.1.4.aar (androidx.constraintlayout:constraintlayout:2.1.4) with JetifyTransform
Transforming constraintlayout-2.1.4.aar (androidx.constraintlayout:constraintlayout:2.1.4) with ExtractAarTransform
Transforming constraintlayout-2.1.4.aar (androidx.constraintlayout:constraintlayout:2.1.4) with AarResourcesCompilerTransform
Transforming appcompat-resources-1.6.1.aar (androidx.appcompat:appcompat-resources:1.6.1) with JetifyTransform
Transforming appcompat-resources-1.6.1.aar (androidx.appcompat:appcompat-resources:1.6.1) with ExtractAarTransform
Transforming appcompat-resources-1.6.1.aar (androidx.appcompat:appcompat-resources:1.6.1) with AarResourcesCompilerTransform
Transforming appcompat-1.6.1.aar (androidx.appcompat:appcompat:1.6.1) with JetifyTransform
Transforming appcompat-1.6.1.aar (androidx.appcompat:appcompat:1.6.1) with ExtractAarTransform
Transforming appcompat-1.6.1.aar (androidx.appcompat:appcompat:1.6.1) with AarResourcesCompilerTransform
Transforming floatingactionbutton-1.3.0.aar (com.melnykov:floatingactionbutton:1.3.0) with JetifyTransform
Transforming floatingactionbutton-1.3.0.aar (com.melnykov:floatingactionbutton:1.3.0) with ExtractAarTransform
Transforming floatingactionbutton-1.3.0.aar (com.melnykov:floatingactionbutton:1.3.0) with AarResourcesCompilerTransform
Transforming recyclerview-1.1.0.aar (androidx.recyclerview:recyclerview:1.1.0) with JetifyTransform
Transforming recyclerview-1.1.0.aar (androidx.recyclerview:recyclerview:1.1.0) with ExtractAarTransform
Transforming recyclerview-1.1.0.aar (androidx.recyclerview:recyclerview:1.1.0) with AarResourcesCompilerTransform
Transforming drawerlayout-1.0.0.aar (androidx.drawerlayout:drawerlayout:1.0.0) with JetifyTransform
Transforming drawerlayout-1.0.0.aar (androidx.drawerlayout:drawerlayout:1.0.0) with ExtractAarTransform
Transforming drawerlayout-1.0.0.aar (androidx.drawerlayout:drawerlayout:1.0.0) with AarResourcesCompilerTransform
Transforming fragment-1.3.6.aar (androidx.fragment:fragment:1.3.6) with JetifyTransform
Transforming fragment-1.3.6.aar (androidx.fragment:fragment:1.3.6) with ExtractAarTransform
Transforming fragment-1.3.6.aar (androidx.fragment:fragment:1.3.6) with AarResourcesCompilerTransform
Transforming viewpager-1.0.0.aar (androidx.viewpager:viewpager:1.0.0) with JetifyTransform
Transforming viewpager-1.0.0.aar (androidx.viewpager:viewpager:1.0.0) with ExtractAarTransform
Transforming viewpager-1.0.0.aar (androidx.viewpager:viewpager:1.0.0) with AarResourcesCompilerTransform
Transforming customview-1.0.0.aar (androidx.customview:customview:1.0.0) with JetifyTransform
Transforming customview-1.0.0.aar (androidx.customview:customview:1.0.0) with ExtractAarTransform
Transforming customview-1.0.0.aar (androidx.customview:customview:1.0.0) with AarResourcesCompilerTransform
Transforming customview-1.0.0.aar (androidx.customview:customview:1.0.0) with JetifyTransform
Transforming customview-1.0.0.aar (androidx.customview:customview:1.0.0) with ExtractAarTransform
Transforming customview-1.0.0.aar (androidx.customview:customview:1.0.0) with AarResourcesCompilerTransform
Transforming customview-1.0.0.aar (androidx.customview:customview:1.0.0) with JetifyTransform
Transforming customview-1.0.0.aar (androidx.customview:customview:1.0.0) with ExtractAarTransform
Transforming customview-1.0.0.aar (androidx.customview:customview:1.0.0) with AarResourcesCompilerTransform
Transforming activity-ktx-1.6.0.aar (androidx.activity:activity-ktx:1.6.0) with JetifyTransform
Transforming activity-ktx-1.6.0.aar (androidx.activity:activity-ktx:1.6.0) with ExtractAarTransform
Transforming activity-ktx-1.6.0.aar (androidx.activity:activity-ktx:1.6.0) with AarResourcesCompilerTransform
Transforming activity-1.6.0.aar (androidx.activity:activity:1.6.0) with JetifyTransform
Transforming activity-1.6.0.aar (androidx.activity:activity:1.6.0) with ExtractAarTransform
Transforming activity-1.6.0.aar (androidx.activity:activity:1.6.0) with AarResourcesCompilerTransform
Transforming emoji2-views-helper-1.2.0.aar (androidx.emoji2:emoji2-views-helper:1.2.0) with JetifyTransform
Transforming emoji2-views-helper-1.2.0.aar (androidx.emoji2:emoji2-views-helper:1.2.0) with ExtractAarTransform
Transforming emoji2-views-helper-1.2.0.aar (androidx.emoji2:emoji2-views-helper:1.2.0) with AarResourcesCompilerTransform
Transforming emoji2-1.2.0.aar (androidx.emoji2:emoji2:1.2.0) with JetifyTransform
Transforming emoji2-1.2.0.aar (androidx.emoji2:emoji2:1.2.0) with ExtractAarTransform
Transforming emoji2-1.2.0.aar (androidx.emoji2:emoji2:1.2.0) with AarResourcesCompilerTransform
Transforming loader-1.0.0.aar (androidx.loader:loader:1.0.0) with JetifyTransform
Transforming loader-1.0.0.aar (androidx.loader:loader:1.0.0) with ExtractAarTransform
Transforming loader-1.0.0.aar (androidx.loader:loader:1.0.0) with AarResourcesCompilerTransform
Transforming lifecycle-viewmodel-ktx-2.5.1.aar (androidx.lifecycle:lifecycle-viewmodel-ktx:2.5.1) with JetifyTransform
Transforming lifecycle-viewmodel-ktx-2.5.1.aar (androidx.lifecycle:lifecycle-viewmodel-ktx:2.5.1) with ExtractAarTransform
Transforming lifecycle-viewmodel-ktx-2.5.1.aar (androidx.lifecycle:lifecycle-viewmodel-ktx:2.5.1) with AarResourcesCompilerTransform
Transforming lifecycle-viewmodel-2.5.1.aar (androidx.lifecycle:lifecycle-viewmodel:2.5.1) with JetifyTransform
Transforming lifecycle-viewmodel-2.5.1.aar (androidx.lifecycle:lifecycle-viewmodel:2.5.1) with ExtractAarTransform
Transforming lifecycle-viewmodel-2.5.1.aar (androidx.lifecycle:lifecycle-viewmodel:2.5.1) with AarResourcesCompilerTransform
Transforming lifecycle-viewmodel-2.5.1.aar (androidx.lifecycle:lifecycle-viewmodel:2.5.1) with JetifyTransform
Transforming lifecycle-viewmodel-2.5.1.aar (androidx.lifecycle:lifecycle-viewmodel:2.5.1) with ExtractAarTransform
Transforming lifecycle-viewmodel-2.5.1.aar (androidx.lifecycle:lifecycle-viewmodel:2.5.1) with AarResourcesCompilerTransform
Transforming lifecycle-viewmodel-savedstate-2.5.1.aar (androidx.lifecycle:lifecycle-viewmodel-savedstate:2.5.1) with JetifyTransform
Transforming lifecycle-viewmodel-savedstate-2.5.1.aar (androidx.lifecycle:lifecycle-viewmodel-savedstate:2.5.1) with ExtractAarTransform
Transforming lifecycle-viewmodel-savedstate-2.5.1.aar (androidx.lifecycle:lifecycle-viewmodel-savedstate:2.5.1) with AarResourcesCompilerTransform
Transforming core-ktx-1.9.0.aar (androidx.core:core-ktx:1.9.0) with JetifyTransform
Transforming core-ktx-1.9.0.aar (androidx.core:core-ktx:1.9.0) with ExtractAarTransform
Transforming core-ktx-1.9.0.aar (androidx.core:core-ktx:1.9.0) with AarResourcesCompilerTransform
Transforming vectordrawable-animated-1.1.0.aar (androidx.vectordrawable:vectordrawable-animated:1.1.0) with JetifyTransform
Transforming vectordrawable-animated-1.1.0.aar (androidx.vectordrawable:vectordrawable-animated:1.1.0) with ExtractAarTransform
Transforming vectordrawable-animated-1.1.0.aar (androidx.vectordrawable:vectordrawable-animated:1.1.0) with AarResourcesCompilerTransform
Transforming vectordrawable-1.1.0.aar (androidx.vectordrawable:vectordrawable:1.1.0) with JetifyTransform
Transforming vectordrawable-1.1.0.aar (androidx.vectordrawable:vectordrawable:1.1.0) with ExtractAarTransform
Transforming vectordrawable-1.1.0.aar (androidx.vectordrawable:vectordrawable:1.1.0) with AarResourcesCompilerTransform
Transforming vectordrawable-1.1.0.aar (androidx.vectordrawable:vectordrawable:1.1.0) with JetifyTransform
Transforming vectordrawable-1.1.0.aar (androidx.vectordrawable:vectordrawable:1.1.0) with ExtractAarTransform
Transforming vectordrawable-1.1.0.aar (androidx.vectordrawable:vectordrawable:1.1.0) with AarResourcesCompilerTransform
Transforming core-1.9.0.aar (androidx.core:core:1.9.0) with JetifyTransform
Transforming core-1.9.0.aar (androidx.core:core:1.9.0) with ExtractAarTransform
Transforming core-1.9.0.aar (androidx.core:core:1.9.0) with AarResourcesCompilerTransform
Transforming core-1.9.0.aar (androidx.core:core:1.9.0) with JetifyTransform
Transforming core-1.9.0.aar (androidx.core:core:1.9.0) with ExtractAarTransform
Transforming core-1.9.0.aar (androidx.core:core:1.9.0) with AarResourcesCompilerTransform
Transforming core-1.9.0.aar (androidx.core:core:1.9.0) with JetifyTransform
Transforming core-1.9.0.aar (androidx.core:core:1.9.0) with ExtractAarTransform
Transforming core-1.9.0.aar (androidx.core:core:1.9.0) with AarResourcesCompilerTransform
Transforming core-1.9.0.aar (androidx.core:core:1.9.0) with JetifyTransform
Transforming core-1.9.0.aar (androidx.core:core:1.9.0) with ExtractAarTransform
Transforming core-1.9.0.aar (androidx.core:core:1.9.0) with AarResourcesCompilerTransform
Transforming core-1.9.0.aar (androidx.core:core:1.9.0) with JetifyTransform
Transforming core-1.9.0.aar (androidx.core:core:1.9.0) with ExtractAarTransform
Transforming core-1.9.0.aar (androidx.core:core:1.9.0) with AarResourcesCompilerTransform
Transforming core-1.9.0.aar (androidx.core:core:1.9.0) with JetifyTransform
Transforming core-1.9.0.aar (androidx.core:core:1.9.0) with ExtractAarTransform
Transforming core-1.9.0.aar (androidx.core:core:1.9.0) with AarResourcesCompilerTransform
Transforming core-1.9.0.aar (androidx.core:core:1.9.0) with JetifyTransform
Transforming core-1.9.0.aar (androidx.core:core:1.9.0) with ExtractAarTransform
Transforming core-1.9.0.aar (androidx.core:core:1.9.0) with AarResourcesCompilerTransform
Transforming cursoradapter-1.0.0.aar (androidx.cursoradapter:cursoradapter:1.0.0) with JetifyTransform
Transforming cursoradapter-1.0.0.aar (androidx.cursoradapter:cursoradapter:1.0.0) with ExtractAarTransform
Transforming cursoradapter-1.0.0.aar (androidx.cursoradapter:cursoradapter:1.0.0) with AarResourcesCompilerTransform
Transforming lifecycle-process-2.4.1.aar (androidx.lifecycle:lifecycle-process:2.4.1) with JetifyTransform
Transforming lifecycle-process-2.4.1.aar (androidx.lifecycle:lifecycle-process:2.4.1) with ExtractAarTransform
Transforming lifecycle-process-2.4.1.aar (androidx.lifecycle:lifecycle-process:2.4.1) with AarResourcesCompilerTransform
Transforming lifecycle-runtime-ktx-2.5.1.aar (androidx.lifecycle:lifecycle-runtime-ktx:2.5.1) with JetifyTransform
Transforming lifecycle-runtime-ktx-2.5.1.aar (androidx.lifecycle:lifecycle-runtime-ktx:2.5.1) with ExtractAarTransform
Transforming lifecycle-runtime-ktx-2.5.1.aar (androidx.lifecycle:lifecycle-runtime-ktx:2.5.1) with AarResourcesCompilerTransform
Transforming lifecycle-runtime-2.5.1.aar (androidx.lifecycle:lifecycle-runtime:2.5.1) with JetifyTransform
Transforming lifecycle-runtime-2.5.1.aar (androidx.lifecycle:lifecycle-runtime:2.5.1) with ExtractAarTransform
Transforming lifecycle-runtime-2.5.1.aar (androidx.lifecycle:lifecycle-runtime:2.5.1) with AarResourcesCompilerTransform
Transforming savedstate-ktx-1.2.0.aar (androidx.savedstate:savedstate-ktx:1.2.0) with JetifyTransform
Transforming savedstate-ktx-1.2.0.aar (androidx.savedstate:savedstate-ktx:1.2.0) with ExtractAarTransform
Transforming savedstate-ktx-1.2.0.aar (androidx.savedstate:savedstate-ktx:1.2.0) with AarResourcesCompilerTransform
Transforming savedstate-1.2.0.aar (androidx.savedstate:savedstate:1.2.0) with JetifyTransform
Transforming savedstate-1.2.0.aar (androidx.savedstate:savedstate:1.2.0) with ExtractAarTransform
Transforming savedstate-1.2.0.aar (androidx.savedstate:savedstate:1.2.0) with AarResourcesCompilerTransform
Transforming versionedparcelable-1.1.1.aar (androidx.versionedparcelable:versionedparcelable:1.1.1) with JetifyTransform
Transforming versionedparcelable-1.1.1.aar (androidx.versionedparcelable:versionedparcelable:1.1.1) with ExtractAarTransform
Transforming versionedparcelable-1.1.1.aar (androidx.versionedparcelable:versionedparcelable:1.1.1) with AarResourcesCompilerTransform
Transforming startup-runtime-1.1.1.aar (androidx.startup:startup-runtime:1.1.1) with JetifyTransform
Transforming startup-runtime-1.1.1.aar (androidx.startup:startup-runtime:1.1.1) with ExtractAarTransform
Transforming startup-runtime-1.1.1.aar (androidx.startup:startup-runtime:1.1.1) with AarResourcesCompilerTransform
Transforming tracing-1.0.0.aar (androidx.tracing:tracing:1.0.0) with JetifyTransform
Transforming tracing-1.0.0.aar (androidx.tracing:tracing:1.0.0) with ExtractAarTransform
Transforming tracing-1.0.0.aar (androidx.tracing:tracing:1.0.0) with AarResourcesCompilerTransform
Transforming lifecycle-livedata-2.0.0.aar (androidx.lifecycle:lifecycle-livedata:2.0.0) with JetifyTransform
Transforming lifecycle-livedata-2.0.0.aar (androidx.lifecycle:lifecycle-livedata:2.0.0) with ExtractAarTransform
Transforming lifecycle-livedata-2.0.0.aar (androidx.lifecycle:lifecycle-livedata:2.0.0) with AarResourcesCompilerTransform
Transforming lifecycle-livedata-core-2.5.1.aar (androidx.lifecycle:lifecycle-livedata-core:2.5.1) with JetifyTransform
Transforming lifecycle-livedata-core-2.5.1.aar (androidx.lifecycle:lifecycle-livedata-core:2.5.1) with ExtractAarTransform
Transforming lifecycle-livedata-core-2.5.1.aar (androidx.lifecycle:lifecycle-livedata-core:2.5.1) with AarResourcesCompilerTransform
Transforming lifecycle-livedata-core-2.5.1.aar (androidx.lifecycle:lifecycle-livedata-core:2.5.1) with JetifyTransform
Transforming lifecycle-livedata-core-2.5.1.aar (androidx.lifecycle:lifecycle-livedata-core:2.5.1) with ExtractAarTransform
Transforming lifecycle-livedata-core-2.5.1.aar (androidx.lifecycle:lifecycle-livedata-core:2.5.1) with AarResourcesCompilerTransform
Transforming core-runtime-2.1.0.aar (androidx.arch.core:core-runtime:2.1.0) with JetifyTransform
Transforming core-runtime-2.1.0.aar (androidx.arch.core:core-runtime:2.1.0) with ExtractAarTransform
Transforming core-runtime-2.1.0.aar (androidx.arch.core:core-runtime:2.1.0) with AarResourcesCompilerTransform
Transforming core-runtime-2.1.0.aar (androidx.arch.core:core-runtime:2.1.0) with JetifyTransform
Transforming core-runtime-2.1.0.aar (androidx.arch.core:core-runtime:2.1.0) with ExtractAarTransform
Transforming core-runtime-2.1.0.aar (androidx.arch.core:core-runtime:2.1.0) with AarResourcesCompilerTransform
Transforming interpolator-1.0.0.aar (androidx.interpolator:interpolator:1.0.0) with JetifyTransform
Transforming interpolator-1.0.0.aar (androidx.interpolator:interpolator:1.0.0) with ExtractAarTransform
Transforming interpolator-1.0.0.aar (androidx.interpolator:interpolator:1.0.0) with AarResourcesCompilerTransform
Transforming annotation-experimental-1.3.0.aar (androidx.annotation:annotation-experimental:1.3.0) with JetifyTransform
Transforming annotation-experimental-1.3.0.aar (androidx.annotation:annotation-experimental:1.3.0) with ExtractAarTransform
Transforming annotation-experimental-1.3.0.aar (androidx.annotation:annotation-experimental:1.3.0) with AarResourcesCompilerTransform
Transforming AppIntro-6.3.1.aar (com.github.AppIntro:AppIntro:6.3.1) with JetifyTransform
Transforming AppIntro-6.3.1.aar (com.github.AppIntro:AppIntro:6.3.1) with ExtractAarTransform
Transforming AppIntro-6.3.1.aar (com.github.AppIntro:AppIntro:6.3.1) with LibrarySymbolTableTransform
Transforming localization-1.2.11.aar (com.akexorcist:localization:1.2.11) with JetifyTransform
Transforming localization-1.2.11.aar (com.akexorcist:localization:1.2.11) with ExtractAarTransform
Transforming localization-1.2.11.aar (com.akexorcist:localization:1.2.11) with LibrarySymbolTableTransform
Transforming constraintlayout-2.1.4.aar (androidx.constraintlayout:constraintlayout:2.1.4) with JetifyTransform
Transforming constraintlayout-2.1.4.aar (androidx.constraintlayout:constraintlayout:2.1.4) with ExtractAarTransform
Transforming constraintlayout-2.1.4.aar (androidx.constraintlayout:constraintlayout:2.1.4) with LibrarySymbolTableTransform
Transforming appcompat-resources-1.6.1.aar (androidx.appcompat:appcompat-resources:1.6.1) with JetifyTransform
Transforming appcompat-resources-1.6.1.aar (androidx.appcompat:appcompat-resources:1.6.1) with ExtractAarTransform
Transforming appcompat-resources-1.6.1.aar (androidx.appcompat:appcompat-resources:1.6.1) with LibrarySymbolTableTransform
Transforming appcompat-1.6.1.aar (androidx.appcompat:appcompat:1.6.1) with JetifyTransform
Transforming appcompat-1.6.1.aar (androidx.appcompat:appcompat:1.6.1) with ExtractAarTransform
Transforming appcompat-1.6.1.aar (androidx.appcompat:appcompat:1.6.1) with LibrarySymbolTableTransform
Transforming floatingactionbutton-1.3.0.aar (com.melnykov:floatingactionbutton:1.3.0) with JetifyTransform
Transforming floatingactionbutton-1.3.0.aar (com.melnykov:floatingactionbutton:1.3.0) with ExtractAarTransform
Transforming floatingactionbutton-1.3.0.aar (com.melnykov:floatingactionbutton:1.3.0) with LibrarySymbolTableTransform
Transforming recyclerview-1.1.0.aar (androidx.recyclerview:recyclerview:1.1.0) with JetifyTransform
Transforming recyclerview-1.1.0.aar (androidx.recyclerview:recyclerview:1.1.0) with ExtractAarTransform
Transforming recyclerview-1.1.0.aar (androidx.recyclerview:recyclerview:1.1.0) with LibrarySymbolTableTransform
Transforming drawerlayout-1.0.0.aar (androidx.drawerlayout:drawerlayout:1.0.0) with JetifyTransform
Transforming drawerlayout-1.0.0.aar (androidx.drawerlayout:drawerlayout:1.0.0) with ExtractAarTransform
Transforming drawerlayout-1.0.0.aar (androidx.drawerlayout:drawerlayout:1.0.0) with LibrarySymbolTableTransform
Transforming fragment-1.3.6.aar (androidx.fragment:fragment:1.3.6) with JetifyTransform
Transforming fragment-1.3.6.aar (androidx.fragment:fragment:1.3.6) with ExtractAarTransform
Transforming fragment-1.3.6.aar (androidx.fragment:fragment:1.3.6) with LibrarySymbolTableTransform
Transforming viewpager-1.0.0.aar (androidx.viewpager:viewpager:1.0.0) with JetifyTransform
Transforming viewpager-1.0.0.aar (androidx.viewpager:viewpager:1.0.0) with ExtractAarTransform
Transforming viewpager-1.0.0.aar (androidx.viewpager:viewpager:1.0.0) with LibrarySymbolTableTransform
Transforming customview-1.0.0.aar (androidx.customview:customview:1.0.0) with JetifyTransform
Transforming customview-1.0.0.aar (androidx.customview:customview:1.0.0) with ExtractAarTransform
Transforming customview-1.0.0.aar (androidx.customview:customview:1.0.0) with LibrarySymbolTableTransform
Transforming customview-1.0.0.aar (androidx.customview:customview:1.0.0) with JetifyTransform
Transforming customview-1.0.0.aar (androidx.customview:customview:1.0.0) with ExtractAarTransform
Transforming customview-1.0.0.aar (androidx.customview:customview:1.0.0) with LibrarySymbolTableTransform
Transforming customview-1.0.0.aar (androidx.customview:customview:1.0.0) with JetifyTransform
Transforming customview-1.0.0.aar (androidx.customview:customview:1.0.0) with ExtractAarTransform
Transforming customview-1.0.0.aar (androidx.customview:customview:1.0.0) with LibrarySymbolTableTransform
Transforming activity-ktx-1.6.0.aar (androidx.activity:activity-ktx:1.6.0) with JetifyTransform
Transforming activity-ktx-1.6.0.aar (androidx.activity:activity-ktx:1.6.0) with ExtractAarTransform
Transforming activity-ktx-1.6.0.aar (androidx.activity:activity-ktx:1.6.0) with LibrarySymbolTableTransform
Transforming activity-1.6.0.aar (androidx.activity:activity:1.6.0) with JetifyTransform
Transforming activity-1.6.0.aar (androidx.activity:activity:1.6.0) with ExtractAarTransform
Transforming activity-1.6.0.aar (androidx.activity:activity:1.6.0) with LibrarySymbolTableTransform
Transforming emoji2-views-helper-1.2.0.aar (androidx.emoji2:emoji2-views-helper:1.2.0) with JetifyTransform
Transforming emoji2-views-helper-1.2.0.aar (androidx.emoji2:emoji2-views-helper:1.2.0) with ExtractAarTransform
Transforming emoji2-views-helper-1.2.0.aar (androidx.emoji2:emoji2-views-helper:1.2.0) with LibrarySymbolTableTransform
Transforming emoji2-1.2.0.aar (androidx.emoji2:emoji2:1.2.0) with JetifyTransform
Transforming emoji2-1.2.0.aar (androidx.emoji2:emoji2:1.2.0) with ExtractAarTransform
Transforming emoji2-1.2.0.aar (androidx.emoji2:emoji2:1.2.0) with LibrarySymbolTableTransform
Transforming loader-1.0.0.aar (androidx.loader:loader:1.0.0) with JetifyTransform
Transforming loader-1.0.0.aar (androidx.loader:loader:1.0.0) with ExtractAarTransform
Transforming loader-1.0.0.aar (androidx.loader:loader:1.0.0) with LibrarySymbolTableTransform
Transforming lifecycle-viewmodel-ktx-2.5.1.aar (androidx.lifecycle:lifecycle-viewmodel-ktx:2.5.1) with JetifyTransform
Transforming lifecycle-viewmodel-ktx-2.5.1.aar (androidx.lifecycle:lifecycle-viewmodel-ktx:2.5.1) with ExtractAarTransform
Transforming lifecycle-viewmodel-ktx-2.5.1.aar (androidx.lifecycle:lifecycle-viewmodel-ktx:2.5.1) with LibrarySymbolTableTransform
Transforming lifecycle-viewmodel-2.5.1.aar (androidx.lifecycle:lifecycle-viewmodel:2.5.1) with JetifyTransform
Transforming lifecycle-viewmodel-2.5.1.aar (androidx.lifecycle:lifecycle-viewmodel:2.5.1) with ExtractAarTransform
Transforming lifecycle-viewmodel-2.5.1.aar (androidx.lifecycle:lifecycle-viewmodel:2.5.1) with LibrarySymbolTableTransform
Transforming lifecycle-viewmodel-2.5.1.aar (androidx.lifecycle:lifecycle-viewmodel:2.5.1) with JetifyTransform
Transforming lifecycle-viewmodel-2.5.1.aar (androidx.lifecycle:lifecycle-viewmodel:2.5.1) with ExtractAarTransform
Transforming lifecycle-viewmodel-2.5.1.aar (androidx.lifecycle:lifecycle-viewmodel:2.5.1) with LibrarySymbolTableTransform
Transforming lifecycle-viewmodel-savedstate-2.5.1.aar (androidx.lifecycle:lifecycle-viewmodel-savedstate:2.5.1) with JetifyTransform
Transforming lifecycle-viewmodel-savedstate-2.5.1.aar (androidx.lifecycle:lifecycle-viewmodel-savedstate:2.5.1) with ExtractAarTransform
Transforming lifecycle-viewmodel-savedstate-2.5.1.aar (androidx.lifecycle:lifecycle-viewmodel-savedstate:2.5.1) with LibrarySymbolTableTransform
Transforming core-ktx-1.9.0.aar (androidx.core:core-ktx:1.9.0) with JetifyTransform
Transforming core-ktx-1.9.0.aar (androidx.core:core-ktx:1.9.0) with ExtractAarTransform
Transforming core-ktx-1.9.0.aar (androidx.core:core-ktx:1.9.0) with LibrarySymbolTableTransform
Transforming vectordrawable-animated-1.1.0.aar (androidx.vectordrawable:vectordrawable-animated:1.1.0) with JetifyTransform
Transforming vectordrawable-animated-1.1.0.aar (androidx.vectordrawable:vectordrawable-animated:1.1.0) with ExtractAarTransform
Transforming vectordrawable-animated-1.1.0.aar (androidx.vectordrawable:vectordrawable-animated:1.1.0) with LibrarySymbolTableTransform
Transforming vectordrawable-1.1.0.aar (androidx.vectordrawable:vectordrawable:1.1.0) with JetifyTransform
Transforming vectordrawable-1.1.0.aar (androidx.vectordrawable:vectordrawable:1.1.0) with ExtractAarTransform
Transforming vectordrawable-1.1.0.aar (androidx.vectordrawable:vectordrawable:1.1.0) with LibrarySymbolTableTransform
Transforming vectordrawable-1.1.0.aar (androidx.vectordrawable:vectordrawable:1.1.0) with JetifyTransform
Transforming vectordrawable-1.1.0.aar (androidx.vectordrawable:vectordrawable:1.1.0) with ExtractAarTransform
Transforming vectordrawable-1.1.0.aar (androidx.vectordrawable:vectordrawable:1.1.0) with LibrarySymbolTableTransform
Transforming core-1.9.0.aar (androidx.core:core:1.9.0) with JetifyTransform
Transforming core-1.9.0.aar (androidx.core:core:1.9.0) with ExtractAarTransform
Transforming core-1.9.0.aar (androidx.core:core:1.9.0) with LibrarySymbolTableTransform
Transforming core-1.9.0.aar (androidx.core:core:1.9.0) with JetifyTransform
Transforming core-1.9.0.aar (androidx.core:core:1.9.0) with ExtractAarTransform
Transforming core-1.9.0.aar (androidx.core:core:1.9.0) with LibrarySymbolTableTransform
Transforming core-1.9.0.aar (androidx.core:core:1.9.0) with JetifyTransform
Transforming core-1.9.0.aar (androidx.core:core:1.9.0) with ExtractAarTransform
Transforming core-1.9.0.aar (androidx.core:core:1.9.0) with LibrarySymbolTableTransform
Transforming core-1.9.0.aar (androidx.core:core:1.9.0) with JetifyTransform
Transforming core-1.9.0.aar (androidx.core:core:1.9.0) with ExtractAarTransform
Transforming core-1.9.0.aar (androidx.core:core:1.9.0) with LibrarySymbolTableTransform
Transforming core-1.9.0.aar (androidx.core:core:1.9.0) with JetifyTransform
Transforming core-1.9.0.aar (androidx.core:core:1.9.0) with ExtractAarTransform
Transforming core-1.9.0.aar (androidx.core:core:1.9.0) with LibrarySymbolTableTransform
Transforming core-1.9.0.aar (androidx.core:core:1.9.0) with JetifyTransform
Transforming core-1.9.0.aar (androidx.core:core:1.9.0) with ExtractAarTransform
Transforming core-1.9.0.aar (androidx.core:core:1.9.0) with LibrarySymbolTableTransform
Transforming core-1.9.0.aar (androidx.core:core:1.9.0) with JetifyTransform
Transforming core-1.9.0.aar (androidx.core:core:1.9.0) with ExtractAarTransform
Transforming core-1.9.0.aar (androidx.core:core:1.9.0) with LibrarySymbolTableTransform
Transforming cursoradapter-1.0.0.aar (androidx.cursoradapter:cursoradapter:1.0.0) with JetifyTransform
Transforming cursoradapter-1.0.0.aar (androidx.cursoradapter:cursoradapter:1.0.0) with ExtractAarTransform
Transforming cursoradapter-1.0.0.aar (androidx.cursoradapter:cursoradapter:1.0.0) with LibrarySymbolTableTransform
Transforming lifecycle-process-2.4.1.aar (androidx.lifecycle:lifecycle-process:2.4.1) with JetifyTransform
Transforming lifecycle-process-2.4.1.aar (androidx.lifecycle:lifecycle-process:2.4.1) with ExtractAarTransform
Transforming lifecycle-process-2.4.1.aar (androidx.lifecycle:lifecycle-process:2.4.1) with LibrarySymbolTableTransform
Transforming lifecycle-runtime-ktx-2.5.1.aar (androidx.lifecycle:lifecycle-runtime-ktx:2.5.1) with JetifyTransform
Transforming lifecycle-runtime-ktx-2.5.1.aar (androidx.lifecycle:lifecycle-runtime-ktx:2.5.1) with ExtractAarTransform
Transforming lifecycle-runtime-ktx-2.5.1.aar (androidx.lifecycle:lifecycle-runtime-ktx:2.5.1) with LibrarySymbolTableTransform
Transforming lifecycle-runtime-2.5.1.aar (androidx.lifecycle:lifecycle-runtime:2.5.1) with JetifyTransform
Transforming lifecycle-runtime-2.5.1.aar (androidx.lifecycle:lifecycle-runtime:2.5.1) with ExtractAarTransform
Transforming lifecycle-runtime-2.5.1.aar (androidx.lifecycle:lifecycle-runtime:2.5.1) with LibrarySymbolTableTransform
Transforming savedstate-ktx-1.2.0.aar (androidx.savedstate:savedstate-ktx:1.2.0) with JetifyTransform
Transforming savedstate-ktx-1.2.0.aar (androidx.savedstate:savedstate-ktx:1.2.0) with ExtractAarTransform
Transforming savedstate-ktx-1.2.0.aar (androidx.savedstate:savedstate-ktx:1.2.0) with LibrarySymbolTableTransform
Transforming savedstate-1.2.0.aar (androidx.savedstate:savedstate:1.2.0) with JetifyTransform
Transforming savedstate-1.2.0.aar (androidx.savedstate:savedstate:1.2.0) with ExtractAarTransform
Transforming savedstate-1.2.0.aar (androidx.savedstate:savedstate:1.2.0) with LibrarySymbolTableTransform
Transforming versionedparcelable-1.1.1.aar (androidx.versionedparcelable:versionedparcelable:1.1.1) with JetifyTransform
Transforming versionedparcelable-1.1.1.aar (androidx.versionedparcelable:versionedparcelable:1.1.1) with ExtractAarTransform
Transforming versionedparcelable-1.1.1.aar (androidx.versionedparcelable:versionedparcelable:1.1.1) with LibrarySymbolTableTransform
Transforming startup-runtime-1.1.1.aar (androidx.startup:startup-runtime:1.1.1) with JetifyTransform
Transforming startup-runtime-1.1.1.aar (androidx.startup:startup-runtime:1.1.1) with ExtractAarTransform
Transforming startup-runtime-1.1.1.aar (androidx.startup:startup-runtime:1.1.1) with LibrarySymbolTableTransform
Transforming tracing-1.0.0.aar (androidx.tracing:tracing:1.0.0) with JetifyTransform
Transforming tracing-1.0.0.aar (androidx.tracing:tracing:1.0.0) with ExtractAarTransform
Transforming tracing-1.0.0.aar (androidx.tracing:tracing:1.0.0) with LibrarySymbolTableTransform
Transforming lifecycle-livedata-2.0.0.aar (androidx.lifecycle:lifecycle-livedata:2.0.0) with JetifyTransform
Transforming lifecycle-livedata-2.0.0.aar (androidx.lifecycle:lifecycle-livedata:2.0.0) with ExtractAarTransform
Transforming lifecycle-livedata-2.0.0.aar (androidx.lifecycle:lifecycle-livedata:2.0.0) with LibrarySymbolTableTransform
Transforming lifecycle-livedata-core-2.5.1.aar (androidx.lifecycle:lifecycle-livedata-core:2.5.1) with JetifyTransform
Transforming lifecycle-livedata-core-2.5.1.aar (androidx.lifecycle:lifecycle-livedata-core:2.5.1) with ExtractAarTransform
Transforming lifecycle-livedata-core-2.5.1.aar (androidx.lifecycle:lifecycle-livedata-core:2.5.1) with LibrarySymbolTableTransform
Transforming lifecycle-livedata-core-2.5.1.aar (androidx.lifecycle:lifecycle-livedata-core:2.5.1) with JetifyTransform
Transforming lifecycle-livedata-core-2.5.1.aar (androidx.lifecycle:lifecycle-livedata-core:2.5.1) with ExtractAarTransform
Transforming lifecycle-livedata-core-2.5.1.aar (androidx.lifecycle:lifecycle-livedata-core:2.5.1) with LibrarySymbolTableTransform
Transforming core-runtime-2.1.0.aar (androidx.arch.core:core-runtime:2.1.0) with JetifyTransform
Transforming core-runtime-2.1.0.aar (androidx.arch.core:core-runtime:2.1.0) with ExtractAarTransform
Transforming core-runtime-2.1.0.aar (androidx.arch.core:core-runtime:2.1.0) with LibrarySymbolTableTransform
Transforming core-runtime-2.1.0.aar (androidx.arch.core:core-runtime:2.1.0) with JetifyTransform
Transforming core-runtime-2.1.0.aar (androidx.arch.core:core-runtime:2.1.0) with ExtractAarTransform
Transforming core-runtime-2.1.0.aar (androidx.arch.core:core-runtime:2.1.0) with LibrarySymbolTableTransform
Transforming interpolator-1.0.0.aar (androidx.interpolator:interpolator:1.0.0) with JetifyTransform
Transforming interpolator-1.0.0.aar (androidx.interpolator:interpolator:1.0.0) with ExtractAarTransform
Transforming interpolator-1.0.0.aar (androidx.interpolator:interpolator:1.0.0) with LibrarySymbolTableTransform
Transforming annotation-experimental-1.3.0.aar (androidx.annotation:annotation-experimental:1.3.0) with JetifyTransform
Transforming annotation-experimental-1.3.0.aar (androidx.annotation:annotation-experimental:1.3.0) with ExtractAarTransform
Transforming annotation-experimental-1.3.0.aar (androidx.annotation:annotation-experimental:1.3.0) with LibrarySymbolTableTransform
Caching disabled for task ':app:processDebugResources' because:
  Build cache is disabled
Task ':app:processDebugResources' is not up-to-date because:
  No history is available.
The input changes require a full rebuild for incremental task ':app:processDebugResources'.
AAPT2 aapt2-8.10.0-12782657-linux Daemon #0: starting
Aapt output file /home/fekerr/src/ingress-intel-total-conversion/mobile/app/build/intermediates/linked_resources_binary_format/debug/processDebugResources/linked-resources-binary-format-debug.ap_
Resolve mutations for :app:compileDebugJavaWithJavac (Thread[#177,Execution worker Thread 7,5,main]) started.
:app:compileDebugJavaWithJavac (Thread[#177,Execution worker Thread 7,5,main]) started.

> Task :app:mergeExtDexDebug
Transforming constraintlayout-2.1.4.aar (androidx.constraintlayout:constraintlayout:2.1.4) with JetifyTransform
Transforming constraintlayout-2.1.4.aar (androidx.constraintlayout:constraintlayout:2.1.4) with AarToClassTransform
Transforming appcompat-resources-1.6.1.aar (androidx.appcompat:appcompat-resources:1.6.1) with JetifyTransform
Transforming appcompat-resources-1.6.1.aar (androidx.appcompat:appcompat-resources:1.6.1) with AarToClassTransform
Transforming appcompat-1.6.1.aar (androidx.appcompat:appcompat:1.6.1) with JetifyTransform
Transforming appcompat-1.6.1.aar (androidx.appcompat:appcompat:1.6.1) with AarToClassTransform
Transforming drawerlayout-1.0.0.aar (androidx.drawerlayout:drawerlayout:1.0.0) with JetifyTransform
Transforming drawerlayout-1.0.0.aar (androidx.drawerlayout:drawerlayout:1.0.0) with AarToClassTransform
Transforming fragment-1.3.6.aar (androidx.fragment:fragment:1.3.6) with JetifyTransform
Transforming fragment-1.3.6.aar (androidx.fragment:fragment:1.3.6) with AarToClassTransform
Transforming viewpager-1.0.0.aar (androidx.viewpager:viewpager:1.0.0) with JetifyTransform
Transforming viewpager-1.0.0.aar (androidx.viewpager:viewpager:1.0.0) with AarToClassTransform
Transforming customview-1.0.0.aar (androidx.customview:customview:1.0.0) with JetifyTransform
Transforming customview-1.0.0.aar (androidx.customview:customview:1.0.0) with AarToClassTransform
Transforming activity-1.6.0.aar (androidx.activity:activity:1.6.0) with JetifyTransform
Transforming activity-1.6.0.aar (androidx.activity:activity:1.6.0) with AarToClassTransform
Transforming emoji2-views-helper-1.2.0.aar (androidx.emoji2:emoji2-views-helper:1.2.0) with JetifyTransform
Transforming emoji2-views-helper-1.2.0.aar (androidx.emoji2:emoji2-views-helper:1.2.0) with AarToClassTransform
Transforming emoji2-1.2.0.aar (androidx.emoji2:emoji2:1.2.0) with JetifyTransform
Transforming emoji2-1.2.0.aar (androidx.emoji2:emoji2:1.2.0) with AarToClassTransform
Transforming loader-1.0.0.aar (androidx.loader:loader:1.0.0) with JetifyTransform
Transforming loader-1.0.0.aar (androidx.loader:loader:1.0.0) with AarToClassTransform
Transforming lifecycle-viewmodel-2.5.1.aar (androidx.lifecycle:lifecycle-viewmodel:2.5.1) with JetifyTransform
Transforming lifecycle-viewmodel-2.5.1.aar (androidx.lifecycle:lifecycle-viewmodel:2.5.1) with AarToClassTransform
Transforming lifecycle-viewmodel-2.5.1.aar (androidx.lifecycle:lifecycle-viewmodel:2.5.1) with JetifyTransform
Transforming lifecycle-viewmodel-2.5.1.aar (androidx.lifecycle:lifecycle-viewmodel:2.5.1) with AarToClassTransform
Transforming lifecycle-viewmodel-savedstate-2.5.1.aar (androidx.lifecycle:lifecycle-viewmodel-savedstate:2.5.1) with JetifyTransform
Transforming lifecycle-viewmodel-savedstate-2.5.1.aar (androidx.lifecycle:lifecycle-viewmodel-savedstate:2.5.1) with AarToClassTransform
Transforming core-ktx-1.9.0.aar (androidx.core:core-ktx:1.9.0) with JetifyTransform
Transforming core-ktx-1.9.0.aar (androidx.core:core-ktx:1.9.0) with AarToClassTransform
Transforming vectordrawable-animated-1.1.0.aar (androidx.vectordrawable:vectordrawable-animated:1.1.0) with JetifyTransform
Transforming vectordrawable-animated-1.1.0.aar (androidx.vectordrawable:vectordrawable-animated:1.1.0) with AarToClassTransform
Transforming vectordrawable-1.1.0.aar (androidx.vectordrawable:vectordrawable:1.1.0) with JetifyTransform
Transforming vectordrawable-1.1.0.aar (androidx.vectordrawable:vectordrawable:1.1.0) with AarToClassTransform
Transforming vectordrawable-1.1.0.aar (androidx.vectordrawable:vectordrawable:1.1.0) with JetifyTransform
Transforming vectordrawable-1.1.0.aar (androidx.vectordrawable:vectordrawable:1.1.0) with AarToClassTransform
Transforming core-1.9.0.aar (androidx.core:core:1.9.0) with JetifyTransform
Transforming core-1.9.0.aar (androidx.core:core:1.9.0) with AarToClassTransform
Transforming core-1.9.0.aar (androidx.core:core:1.9.0) with JetifyTransform
Transforming core-1.9.0.aar (androidx.core:core:1.9.0) with AarToClassTransform
Transforming cursoradapter-1.0.0.aar (androidx.cursoradapter:cursoradapter:1.0.0) with JetifyTransform
Transforming cursoradapter-1.0.0.aar (androidx.cursoradapter:cursoradapter:1.0.0) with AarToClassTransform
Transforming lifecycle-process-2.4.1.aar (androidx.lifecycle:lifecycle-process:2.4.1) with JetifyTransform
Transforming lifecycle-process-2.4.1.aar (androidx.lifecycle:lifecycle-process:2.4.1) with AarToClassTransform
Transforming lifecycle-runtime-2.5.1.aar (androidx.lifecycle:lifecycle-runtime:2.5.1) with JetifyTransform
Transforming lifecycle-runtime-2.5.1.aar (androidx.lifecycle:lifecycle-runtime:2.5.1) with AarToClassTransform
Transforming resourceinspection-annotation-1.0.1.jar (androidx.resourceinspection:resourceinspection-annotation:1.0.1) with JetifyTransform
Transforming resourceinspection-annotation-1.0.1.jar (androidx.resourceinspection:resourceinspection-annotation:1.0.1) with IdentityTransform
Transforming savedstate-1.2.0.aar (androidx.savedstate:savedstate:1.2.0) with JetifyTransform
Transforming savedstate-1.2.0.aar (androidx.savedstate:savedstate:1.2.0) with AarToClassTransform
Transforming concurrent-futures-1.0.0.jar (androidx.concurrent:concurrent-futures:1.0.0) with JetifyTransform
Transforming concurrent-futures-1.0.0.jar (androidx.concurrent:concurrent-futures:1.0.0) with IdentityTransform
Transforming versionedparcelable-1.1.1.aar (androidx.versionedparcelable:versionedparcelable:1.1.1) with JetifyTransform
Transforming versionedparcelable-1.1.1.aar (androidx.versionedparcelable:versionedparcelable:1.1.1) with AarToClassTransform
Transforming startup-runtime-1.1.1.aar (androidx.startup:startup-runtime:1.1.1) with JetifyTransform
Transforming startup-runtime-1.1.1.aar (androidx.startup:startup-runtime:1.1.1) with AarToClassTransform
Transforming tracing-1.0.0.aar (androidx.tracing:tracing:1.0.0) with JetifyTransform
Transforming tracing-1.0.0.aar (androidx.tracing:tracing:1.0.0) with AarToClassTransform
Transforming collection-1.1.0.jar (androidx.collection:collection:1.1.0) with JetifyTransform
Transforming collection-1.1.0.jar (androidx.collection:collection:1.1.0) with IdentityTransform
Transforming lifecycle-livedata-2.0.0.aar (androidx.lifecycle:lifecycle-livedata:2.0.0) with JetifyTransform
Transforming lifecycle-livedata-2.0.0.aar (androidx.lifecycle:lifecycle-livedata:2.0.0) with AarToClassTransform
Transforming lifecycle-livedata-core-2.5.1.aar (androidx.lifecycle:lifecycle-livedata-core:2.5.1) with JetifyTransform
Transforming lifecycle-livedata-core-2.5.1.aar (androidx.lifecycle:lifecycle-livedata-core:2.5.1) with AarToClassTransform
Transforming lifecycle-livedata-core-2.5.1.aar (androidx.lifecycle:lifecycle-livedata-core:2.5.1) with JetifyTransform
Transforming lifecycle-livedata-core-2.5.1.aar (androidx.lifecycle:lifecycle-livedata-core:2.5.1) with AarToClassTransform
Transforming core-runtime-2.1.0.aar (androidx.arch.core:core-runtime:2.1.0) with JetifyTransform
Transforming core-runtime-2.1.0.aar (androidx.arch.core:core-runtime:2.1.0) with AarToClassTransform
Transforming core-runtime-2.1.0.aar (androidx.arch.core:core-runtime:2.1.0) with JetifyTransform
Transforming core-runtime-2.1.0.aar (androidx.arch.core:core-runtime:2.1.0) with AarToClassTransform
Transforming core-common-2.1.0.jar (androidx.arch.core:core-common:2.1.0) with JetifyTransform
Transforming core-common-2.1.0.jar (androidx.arch.core:core-common:2.1.0) with IdentityTransform
Transforming lifecycle-common-2.5.1.jar (androidx.lifecycle:lifecycle-common:2.5.1) with JetifyTransform
Transforming lifecycle-common-2.5.1.jar (androidx.lifecycle:lifecycle-common:2.5.1) with IdentityTransform
Transforming interpolator-1.0.0.aar (androidx.interpolator:interpolator:1.0.0) with JetifyTransform
Transforming interpolator-1.0.0.aar (androidx.interpolator:interpolator:1.0.0) with AarToClassTransform
Transforming kotlinx-coroutines-core-jvm-1.6.1.jar (org.jetbrains.kotlinx:kotlinx-coroutines-core-jvm:1.6.1) with JetifyTransform
Transforming kotlinx-coroutines-core-jvm-1.6.1.jar (org.jetbrains.kotlinx:kotlinx-coroutines-core-jvm:1.6.1) with IdentityTransform
Transforming kotlinx-coroutines-android-1.6.1.jar (org.jetbrains.kotlinx:kotlinx-coroutines-android:1.6.1) with JetifyTransform
Transforming kotlinx-coroutines-android-1.6.1.jar (org.jetbrains.kotlinx:kotlinx-coroutines-android:1.6.1) with IdentityTransform
Transforming kotlin-stdlib-jdk8-1.9.0.jar (org.jetbrains.kotlin:kotlin-stdlib-jdk8:1.9.0) with JetifyTransform
Transforming kotlin-stdlib-jdk8-1.9.0.jar (org.jetbrains.kotlin:kotlin-stdlib-jdk8:1.9.0) with IdentityTransform
Transforming kotlin-stdlib-jdk7-1.9.0.jar (org.jetbrains.kotlin:kotlin-stdlib-jdk7:1.9.0) with JetifyTransform
Transforming kotlin-stdlib-jdk7-1.9.0.jar (org.jetbrains.kotlin:kotlin-stdlib-jdk7:1.9.0) with IdentityTransform
Transforming annotation-jvm-1.6.0.jar (androidx.annotation:annotation-jvm:1.6.0) with JetifyTransform
Transforming annotation-jvm-1.6.0.jar (androidx.annotation:annotation-jvm:1.6.0) with IdentityTransform
Transforming annotation-experimental-1.3.0.aar (androidx.annotation:annotation-experimental:1.3.0) with JetifyTransform
Transforming annotation-experimental-1.3.0.aar (androidx.annotation:annotation-experimental:1.3.0) with AarToClassTransform
Transforming kotlin-stdlib-1.9.0.jar (org.jetbrains.kotlin:kotlin-stdlib:1.9.0) with JetifyTransform
Transforming kotlin-stdlib-1.9.0.jar (org.jetbrains.kotlin:kotlin-stdlib:1.9.0) with IdentityTransform
Transforming constraintlayout-core-1.0.4.jar (androidx.constraintlayout:constraintlayout-core:1.0.4) with JetifyTransform
Transforming constraintlayout-core-1.0.4.jar (androidx.constraintlayout:constraintlayout-core:1.0.4) with IdentityTransform
Transforming kotlin-stdlib-common-1.9.0.jar (org.jetbrains.kotlin:kotlin-stdlib-common:1.9.0) with JetifyTransform
Transforming kotlin-stdlib-common-1.9.0.jar (org.jetbrains.kotlin:kotlin-stdlib-common:1.9.0) with IdentityTransform
Transforming annotations-13.0.jar (org.jetbrains:annotations:13.0) with JetifyTransform
Transforming annotations-13.0.jar (org.jetbrains:annotations:13.0) with IdentityTransform
Transforming listenablefuture-1.0.jar (com.google.guava:listenablefuture:1.0) with JetifyTransform
Transforming listenablefuture-1.0.jar (com.google.guava:listenablefuture:1.0) with IdentityTransform
Transforming AppIntro-6.3.1.aar (com.github.AppIntro:AppIntro:6.3.1) with JetifyTransform
Transforming AppIntro-6.3.1.aar (com.github.AppIntro:AppIntro:6.3.1) with AarToClassTransform
Transforming AppIntro-6.3.1.aar (com.github.AppIntro:AppIntro:6.3.1) with DexingWithClasspathTransform
Transforming activity-ktx-1.6.0.aar (androidx.activity:activity-ktx:1.6.0) with JetifyTransform
Transforming activity-ktx-1.6.0.aar (androidx.activity:activity-ktx:1.6.0) with AarToClassTransform
Transforming lifecycle-viewmodel-ktx-2.5.1.aar (androidx.lifecycle:lifecycle-viewmodel-ktx:2.5.1) with JetifyTransform
Transforming lifecycle-viewmodel-ktx-2.5.1.aar (androidx.lifecycle:lifecycle-viewmodel-ktx:2.5.1) with AarToClassTransform
Transforming lifecycle-runtime-ktx-2.5.1.aar (androidx.lifecycle:lifecycle-runtime-ktx:2.5.1) with JetifyTransform
Transforming lifecycle-runtime-ktx-2.5.1.aar (androidx.lifecycle:lifecycle-runtime-ktx:2.5.1) with AarToClassTransform
Transforming savedstate-ktx-1.2.0.aar (androidx.savedstate:savedstate-ktx:1.2.0) with JetifyTransform
Transforming savedstate-ktx-1.2.0.aar (androidx.savedstate:savedstate-ktx:1.2.0) with AarToClassTransform
Transforming localization-1.2.11.aar (com.akexorcist:localization:1.2.11) with JetifyTransform
Transforming localization-1.2.11.aar (com.akexorcist:localization:1.2.11) with AarToClassTransform
Transforming localization-1.2.11.aar (com.akexorcist:localization:1.2.11) with DexingWithClasspathTransform
Transforming constraintlayout-2.1.4.aar (androidx.constraintlayout:constraintlayout:2.1.4) with JetifyTransform
Transforming AppIntro-6.3.1.aar (com.github.AppIntro:AppIntro:6.3.1) with DexingOutputSplitTransform
Transforming constraintlayout-2.1.4.aar (androidx.constraintlayout:constraintlayout:2.1.4) with AarToClassTransform
Transforming constraintlayout-2.1.4.aar (androidx.constraintlayout:constraintlayout:2.1.4) with DexingWithClasspathTransform
Transforming appcompat-resources-1.6.1.aar (androidx.appcompat:appcompat-resources:1.6.1) with JetifyTransform
Transforming appcompat-resources-1.6.1.aar (androidx.appcompat:appcompat-resources:1.6.1) with AarToClassTransform
Transforming appcompat-resources-1.6.1.aar (androidx.appcompat:appcompat-resources:1.6.1) with DexingWithClasspathTransform
Transforming appcompat-1.6.1.aar (androidx.appcompat:appcompat:1.6.1) with JetifyTransform
Transforming appcompat-1.6.1.aar (androidx.appcompat:appcompat:1.6.1) with AarToClassTransform
Transforming appcompat-1.6.1.aar (androidx.appcompat:appcompat:1.6.1) with DexingWithClasspathTransform
Transforming localization-1.2.11.aar (com.akexorcist:localization:1.2.11) with DexingOutputSplitTransform
Transforming okio-1.15.0.jar (com.squareup.okio:okio:1.15.0) with JetifyTransform
Transforming okio-1.15.0.jar (com.squareup.okio:okio:1.15.0) with IdentityTransform
Transforming constraintlayout-2.1.4.aar (androidx.constraintlayout:constraintlayout:2.1.4) with DexingOutputSplitTransform
Transforming okhttp-3.12.1.jar (com.squareup.okhttp3:okhttp:3.12.1) with JetifyTransform
Transforming okhttp-3.12.1.jar (com.squareup.okhttp3:okhttp:3.12.1) with IdentityTransform
Transforming okhttp-3.12.1.jar (com.squareup.okhttp3:okhttp:3.12.1) with DexingWithClasspathTransform
Transforming commons-lang3-3.9.jar (org.apache.commons:commons-lang3:3.9) with JetifyTransform
Transforming commons-lang3-3.9.jar (org.apache.commons:commons-lang3:3.9) with IdentityTransform
Transforming appcompat-resources-1.6.1.aar (androidx.appcompat:appcompat-resources:1.6.1) with DexingOutputSplitTransform
Transforming commons-text-1.8.jar (org.apache.commons:commons-text:1.8) with JetifyTransform
Transforming commons-text-1.8.jar (org.apache.commons:commons-text:1.8) with IdentityTransform
Transforming commons-text-1.8.jar (org.apache.commons:commons-text:1.8) with DexingWithClasspathTransform
Transforming recyclerview-1.1.0.aar (androidx.recyclerview:recyclerview:1.1.0) with JetifyTransform
Transforming recyclerview-1.1.0.aar (androidx.recyclerview:recyclerview:1.1.0) with AarToClassTransform
Transforming library-2.4.0.jar (com.nineoldandroids:library:2.4.0) with JetifyTransform
Transforming library-2.4.0.jar (com.nineoldandroids:library:2.4.0) with IdentityTransform
Transforming floatingactionbutton-1.3.0.aar (com.melnykov:floatingactionbutton:1.3.0) with JetifyTransform
Transforming floatingactionbutton-1.3.0.aar (com.melnykov:floatingactionbutton:1.3.0) with AarToClassTransform
Transforming floatingactionbutton-1.3.0.aar (com.melnykov:floatingactionbutton:1.3.0) with DexingWithClasspathTransform
Transforming recyclerview-1.1.0.aar (androidx.recyclerview:recyclerview:1.1.0) with JetifyTransform
Transforming appcompat-1.6.1.aar (androidx.appcompat:appcompat:1.6.1) with DexingOutputSplitTransform
Transforming okhttp-3.12.1.jar (com.squareup.okhttp3:okhttp:3.12.1) with DexingOutputSplitTransform
Transforming recyclerview-1.1.0.aar (androidx.recyclerview:recyclerview:1.1.0) with AarToClassTransform
Transforming recyclerview-1.1.0.aar (androidx.recyclerview:recyclerview:1.1.0) with DexingWithClasspathTransform
Transforming drawerlayout-1.0.0.aar (androidx.drawerlayout:drawerlayout:1.0.0) with JetifyTransform
Transforming drawerlayout-1.0.0.aar (androidx.drawerlayout:drawerlayout:1.0.0) with AarToClassTransform
Transforming drawerlayout-1.0.0.aar (androidx.drawerlayout:drawerlayout:1.0.0) with DexingWithClasspathTransform
Transforming commons-text-1.8.jar (org.apache.commons:commons-text:1.8) with DexingOutputSplitTransform
Transforming floatingactionbutton-1.3.0.aar (com.melnykov:floatingactionbutton:1.3.0) with DexingOutputSplitTransform
Transforming fragment-1.3.6.aar (androidx.fragment:fragment:1.3.6) with JetifyTransform
Transforming fragment-1.3.6.aar (androidx.fragment:fragment:1.3.6) with AarToClassTransform
Transforming fragment-1.3.6.aar (androidx.fragment:fragment:1.3.6) with DexingWithClasspathTransform
Transforming viewpager-1.0.0.aar (androidx.viewpager:viewpager:1.0.0) with JetifyTransform
Transforming viewpager-1.0.0.aar (androidx.viewpager:viewpager:1.0.0) with AarToClassTransform
Transforming recyclerview-1.1.0.aar (androidx.recyclerview:recyclerview:1.1.0) with DexingOutputSplitTransform
Transforming viewpager-1.0.0.aar (androidx.viewpager:viewpager:1.0.0) with DexingWithClasspathTransform
Transforming drawerlayout-1.0.0.aar (androidx.drawerlayout:drawerlayout:1.0.0) with DexingOutputSplitTransform
Transforming customview-1.0.0.aar (androidx.customview:customview:1.0.0) with JetifyTransform
Transforming customview-1.0.0.aar (androidx.customview:customview:1.0.0) with AarToClassTransform
Transforming customview-1.0.0.aar (androidx.customview:customview:1.0.0) with DexingWithClasspathTransform
Transforming fragment-1.3.6.aar (androidx.fragment:fragment:1.3.6) with DexingOutputSplitTransform
Transforming customview-1.0.0.aar (androidx.customview:customview:1.0.0) with JetifyTransform
Transforming customview-1.0.0.aar (androidx.customview:customview:1.0.0) with AarToClassTransform
Transforming customview-1.0.0.aar (androidx.customview:customview:1.0.0) with DexingWithClasspathTransform
Transforming customview-1.0.0.aar (androidx.customview:customview:1.0.0) with JetifyTransform
Transforming customview-1.0.0.aar (androidx.customview:customview:1.0.0) with AarToClassTransform
Transforming customview-1.0.0.aar (androidx.customview:customview:1.0.0) with DexingWithClasspathTransform
Transforming viewpager-1.0.0.aar (androidx.viewpager:viewpager:1.0.0) with DexingOutputSplitTransform
Transforming activity-ktx-1.6.0.aar (androidx.activity:activity-ktx:1.6.0) with JetifyTransform
Transforming activity-ktx-1.6.0.aar (androidx.activity:activity-ktx:1.6.0) with AarToClassTransform
Transforming activity-ktx-1.6.0.aar (androidx.activity:activity-ktx:1.6.0) with DexingWithClasspathTransform
Transforming activity-1.6.0.aar (androidx.activity:activity:1.6.0) with JetifyTransform
Transforming activity-1.6.0.aar (androidx.activity:activity:1.6.0) with AarToClassTransform
Transforming activity-1.6.0.aar (androidx.activity:activity:1.6.0) with DexingWithClasspathTransform
Transforming customview-1.0.0.aar (androidx.customview:customview:1.0.0) with DexingOutputSplitTransform
Transforming customview-1.0.0.aar (androidx.customview:customview:1.0.0) with DexingOutputSplitTransform
Transforming customview-1.0.0.aar (androidx.customview:customview:1.0.0) with DexingOutputSplitTransform
Transforming emoji2-views-helper-1.2.0.aar (androidx.emoji2:emoji2-views-helper:1.2.0) with JetifyTransform
Transforming emoji2-views-helper-1.2.0.aar (androidx.emoji2:emoji2-views-helper:1.2.0) with AarToClassTransform
Transforming emoji2-views-helper-1.2.0.aar (androidx.emoji2:emoji2-views-helper:1.2.0) with DexingWithClasspathTransform
Transforming emoji2-1.2.0.aar (androidx.emoji2:emoji2:1.2.0) with JetifyTransform
Transforming emoji2-1.2.0.aar (androidx.emoji2:emoji2:1.2.0) with AarToClassTransform
Transforming emoji2-1.2.0.aar (androidx.emoji2:emoji2:1.2.0) with DexingWithClasspathTransform
Transforming activity-ktx-1.6.0.aar (androidx.activity:activity-ktx:1.6.0) with DexingOutputSplitTransform
Transforming loader-1.0.0.aar (androidx.loader:loader:1.0.0) with JetifyTransform
Transforming activity-1.6.0.aar (androidx.activity:activity:1.6.0) with DexingOutputSplitTransform
Transforming loader-1.0.0.aar (androidx.loader:loader:1.0.0) with AarToClassTransform
Transforming loader-1.0.0.aar (androidx.loader:loader:1.0.0) with DexingWithClasspathTransform
Transforming emoji2-views-helper-1.2.0.aar (androidx.emoji2:emoji2-views-helper:1.2.0) with DexingOutputSplitTransform
Transforming lifecycle-viewmodel-ktx-2.5.1.aar (androidx.lifecycle:lifecycle-viewmodel-ktx:2.5.1) with JetifyTransform
Transforming lifecycle-viewmodel-ktx-2.5.1.aar (androidx.lifecycle:lifecycle-viewmodel-ktx:2.5.1) with AarToClassTransform
Transforming lifecycle-viewmodel-ktx-2.5.1.aar (androidx.lifecycle:lifecycle-viewmodel-ktx:2.5.1) with DexingWithClasspathTransform
Transforming emoji2-1.2.0.aar (androidx.emoji2:emoji2:1.2.0) with DexingOutputSplitTransform
Transforming lifecycle-viewmodel-2.5.1.aar (androidx.lifecycle:lifecycle-viewmodel:2.5.1) with JetifyTransform
Transforming lifecycle-viewmodel-2.5.1.aar (androidx.lifecycle:lifecycle-viewmodel:2.5.1) with AarToClassTransform
Transforming lifecycle-viewmodel-2.5.1.aar (androidx.lifecycle:lifecycle-viewmodel:2.5.1) with DexingWithClasspathTransform
Transforming lifecycle-viewmodel-2.5.1.aar (androidx.lifecycle:lifecycle-viewmodel:2.5.1) with JetifyTransform
Transforming lifecycle-viewmodel-2.5.1.aar (androidx.lifecycle:lifecycle-viewmodel:2.5.1) with AarToClassTransform
Transforming lifecycle-viewmodel-2.5.1.aar (androidx.lifecycle:lifecycle-viewmodel:2.5.1) with DexingWithClasspathTransform
Transforming loader-1.0.0.aar (androidx.loader:loader:1.0.0) with DexingOutputSplitTransform
Transforming lifecycle-viewmodel-savedstate-2.5.1.aar (androidx.lifecycle:lifecycle-viewmodel-savedstate:2.5.1) with JetifyTransform
Transforming lifecycle-viewmodel-savedstate-2.5.1.aar (androidx.lifecycle:lifecycle-viewmodel-savedstate:2.5.1) with AarToClassTransform
Transforming lifecycle-viewmodel-savedstate-2.5.1.aar (androidx.lifecycle:lifecycle-viewmodel-savedstate:2.5.1) with DexingWithClasspathTransform
Transforming lifecycle-viewmodel-ktx-2.5.1.aar (androidx.lifecycle:lifecycle-viewmodel-ktx:2.5.1) with DexingOutputSplitTransform
Transforming lifecycle-viewmodel-2.5.1.aar (androidx.lifecycle:lifecycle-viewmodel:2.5.1) with DexingOutputSplitTransform
Transforming lifecycle-viewmodel-2.5.1.aar (androidx.lifecycle:lifecycle-viewmodel:2.5.1) with DexingOutputSplitTransform
Transforming core-ktx-1.9.0.aar (androidx.core:core-ktx:1.9.0) with JetifyTransform
Transforming core-ktx-1.9.0.aar (androidx.core:core-ktx:1.9.0) with AarToClassTransform
Transforming core-ktx-1.9.0.aar (androidx.core:core-ktx:1.9.0) with DexingWithClasspathTransform
Transforming vectordrawable-animated-1.1.0.aar (androidx.vectordrawable:vectordrawable-animated:1.1.0) with JetifyTransform
Transforming vectordrawable-animated-1.1.0.aar (androidx.vectordrawable:vectordrawable-animated:1.1.0) with AarToClassTransform
Transforming vectordrawable-animated-1.1.0.aar (androidx.vectordrawable:vectordrawable-animated:1.1.0) with DexingWithClasspathTransform
Transforming lifecycle-viewmodel-savedstate-2.5.1.aar (androidx.lifecycle:lifecycle-viewmodel-savedstate:2.5.1) with DexingOutputSplitTransform
Transforming vectordrawable-1.1.0.aar (androidx.vectordrawable:vectordrawable:1.1.0) with JetifyTransform
Transforming vectordrawable-1.1.0.aar (androidx.vectordrawable:vectordrawable:1.1.0) with AarToClassTransform
Transforming vectordrawable-1.1.0.aar (androidx.vectordrawable:vectordrawable:1.1.0) with DexingWithClasspathTransform
Transforming core-ktx-1.9.0.aar (androidx.core:core-ktx:1.9.0) with DexingOutputSplitTransform
Transforming vectordrawable-1.1.0.aar (androidx.vectordrawable:vectordrawable:1.1.0) with JetifyTransform
Transforming vectordrawable-1.1.0.aar (androidx.vectordrawable:vectordrawable:1.1.0) with AarToClassTransform
Transforming vectordrawable-1.1.0.aar (androidx.vectordrawable:vectordrawable:1.1.0) with DexingWithClasspathTransform
Transforming core-1.9.0.aar (androidx.core:core:1.9.0) with JetifyTransform
Transforming vectordrawable-animated-1.1.0.aar (androidx.vectordrawable:vectordrawable-animated:1.1.0) with DexingOutputSplitTransform
Transforming core-1.9.0.aar (androidx.core:core:1.9.0) with AarToClassTransform
Transforming core-1.9.0.aar (androidx.core:core:1.9.0) with DexingWithClasspathTransform
Transforming core-1.9.0.aar (androidx.core:core:1.9.0) with JetifyTransform
Transforming core-1.9.0.aar (androidx.core:core:1.9.0) with AarToClassTransform
Transforming core-1.9.0.aar (androidx.core:core:1.9.0) with DexingWithClasspathTransform
Transforming core-1.9.0.aar (androidx.core:core:1.9.0) with JetifyTransform
Transforming core-1.9.0.aar (androidx.core:core:1.9.0) with AarToClassTransform
Transforming vectordrawable-1.1.0.aar (androidx.vectordrawable:vectordrawable:1.1.0) with DexingOutputSplitTransform
Transforming core-1.9.0.aar (androidx.core:core:1.9.0) with DexingWithClasspathTransform
Transforming vectordrawable-1.1.0.aar (androidx.vectordrawable:vectordrawable:1.1.0) with DexingOutputSplitTransform
Transforming core-1.9.0.aar (androidx.core:core:1.9.0) with JetifyTransform
Transforming core-1.9.0.aar (androidx.core:core:1.9.0) with AarToClassTransform
Transforming core-1.9.0.aar (androidx.core:core:1.9.0) with DexingWithClasspathTransform
Transforming core-1.9.0.aar (androidx.core:core:1.9.0) with JetifyTransform
Transforming core-1.9.0.aar (androidx.core:core:1.9.0) with AarToClassTransform
Transforming core-1.9.0.aar (androidx.core:core:1.9.0) with DexingWithClasspathTransform
Transforming core-1.9.0.aar (androidx.core:core:1.9.0) with JetifyTransform
Transforming core-1.9.0.aar (androidx.core:core:1.9.0) with AarToClassTransform
Transforming core-1.9.0.aar (androidx.core:core:1.9.0) with DexingWithClasspathTransform
Transforming core-1.9.0.aar (androidx.core:core:1.9.0) with DexingOutputSplitTransform
Transforming core-1.9.0.aar (androidx.core:core:1.9.0) with DexingOutputSplitTransform
Transforming core-1.9.0.aar (androidx.core:core:1.9.0) with DexingOutputSplitTransform
Transforming core-1.9.0.aar (androidx.core:core:1.9.0) with JetifyTransform
Transforming core-1.9.0.aar (androidx.core:core:1.9.0) with AarToClassTransform
Transforming core-1.9.0.aar (androidx.core:core:1.9.0) with DexingOutputSplitTransform
Transforming core-1.9.0.aar (androidx.core:core:1.9.0) with DexingWithClasspathTransform
Transforming core-1.9.0.aar (androidx.core:core:1.9.0) with DexingOutputSplitTransform
Transforming core-1.9.0.aar (androidx.core:core:1.9.0) with DexingOutputSplitTransform
Transforming core-1.9.0.aar (androidx.core:core:1.9.0) with DexingOutputSplitTransform
Transforming cursoradapter-1.0.0.aar (androidx.cursoradapter:cursoradapter:1.0.0) with JetifyTransform
Transforming cursoradapter-1.0.0.aar (androidx.cursoradapter:cursoradapter:1.0.0) with AarToClassTransform
Transforming cursoradapter-1.0.0.aar (androidx.cursoradapter:cursoradapter:1.0.0) with DexingWithClasspathTransform
Transforming lifecycle-process-2.4.1.aar (androidx.lifecycle:lifecycle-process:2.4.1) with JetifyTransform
Transforming lifecycle-process-2.4.1.aar (androidx.lifecycle:lifecycle-process:2.4.1) with AarToClassTransform
Transforming lifecycle-process-2.4.1.aar (androidx.lifecycle:lifecycle-process:2.4.1) with DexingWithClasspathTransform
Transforming lifecycle-runtime-ktx-2.5.1.aar (androidx.lifecycle:lifecycle-runtime-ktx:2.5.1) with JetifyTransform
Transforming lifecycle-runtime-ktx-2.5.1.aar (androidx.lifecycle:lifecycle-runtime-ktx:2.5.1) with AarToClassTransform
Transforming lifecycle-runtime-ktx-2.5.1.aar (androidx.lifecycle:lifecycle-runtime-ktx:2.5.1) with DexingWithClasspathTransform
Transforming lifecycle-runtime-2.5.1.aar (androidx.lifecycle:lifecycle-runtime:2.5.1) with JetifyTransform
Transforming lifecycle-runtime-2.5.1.aar (androidx.lifecycle:lifecycle-runtime:2.5.1) with AarToClassTransform
Transforming lifecycle-runtime-2.5.1.aar (androidx.lifecycle:lifecycle-runtime:2.5.1) with DexingWithClasspathTransform
Transforming resourceinspection-annotation-1.0.1.jar (androidx.resourceinspection:resourceinspection-annotation:1.0.1) with JetifyTransform
Transforming resourceinspection-annotation-1.0.1.jar (androidx.resourceinspection:resourceinspection-annotation:1.0.1) with IdentityTransform
Transforming resourceinspection-annotation-1.0.1.jar (androidx.resourceinspection:resourceinspection-annotation:1.0.1) with DexingWithClasspathTransform
Transforming savedstate-ktx-1.2.0.aar (androidx.savedstate:savedstate-ktx:1.2.0) with JetifyTransform
Transforming cursoradapter-1.0.0.aar (androidx.cursoradapter:cursoradapter:1.0.0) with DexingOutputSplitTransform
Transforming savedstate-ktx-1.2.0.aar (androidx.savedstate:savedstate-ktx:1.2.0) with AarToClassTransform
Transforming savedstate-ktx-1.2.0.aar (androidx.savedstate:savedstate-ktx:1.2.0) with DexingWithClasspathTransform
Transforming savedstate-1.2.0.aar (androidx.savedstate:savedstate:1.2.0) with JetifyTransform
Transforming savedstate-1.2.0.aar (androidx.savedstate:savedstate:1.2.0) with AarToClassTransform
Transforming savedstate-1.2.0.aar (androidx.savedstate:savedstate:1.2.0) with DexingWithClasspathTransform
Transforming lifecycle-process-2.4.1.aar (androidx.lifecycle:lifecycle-process:2.4.1) with DexingOutputSplitTransform
Transforming concurrent-futures-1.0.0.jar (androidx.concurrent:concurrent-futures:1.0.0) with JetifyTransform
Transforming concurrent-futures-1.0.0.jar (androidx.concurrent:concurrent-futures:1.0.0) with IdentityTransform
Transforming concurrent-futures-1.0.0.jar (androidx.concurrent:concurrent-futures:1.0.0) with DexingWithClasspathTransform
Transforming versionedparcelable-1.1.1.aar (androidx.versionedparcelable:versionedparcelable:1.1.1) with JetifyTransform
Transforming lifecycle-runtime-ktx-2.5.1.aar (androidx.lifecycle:lifecycle-runtime-ktx:2.5.1) with DexingOutputSplitTransform
Transforming versionedparcelable-1.1.1.aar (androidx.versionedparcelable:versionedparcelable:1.1.1) with AarToClassTransform
Transforming versionedparcelable-1.1.1.aar (androidx.versionedparcelable:versionedparcelable:1.1.1) with DexingWithClasspathTransform
Transforming resourceinspection-annotation-1.0.1.jar (androidx.resourceinspection:resourceinspection-annotation:1.0.1) with DexingOutputSplitTransform
Transforming lifecycle-runtime-2.5.1.aar (androidx.lifecycle:lifecycle-runtime:2.5.1) with DexingOutputSplitTransform
Transforming startup-runtime-1.1.1.aar (androidx.startup:startup-runtime:1.1.1) with JetifyTransform
Transforming startup-runtime-1.1.1.aar (androidx.startup:startup-runtime:1.1.1) with AarToClassTransform
Transforming startup-runtime-1.1.1.aar (androidx.startup:startup-runtime:1.1.1) with DexingWithClasspathTransform
Transforming tracing-1.0.0.aar (androidx.tracing:tracing:1.0.0) with JetifyTransform
Transforming tracing-1.0.0.aar (androidx.tracing:tracing:1.0.0) with AarToClassTransform
Transforming tracing-1.0.0.aar (androidx.tracing:tracing:1.0.0) with DexingWithClasspathTransform
Transforming savedstate-1.2.0.aar (androidx.savedstate:savedstate:1.2.0) with DexingOutputSplitTransform
Transforming savedstate-ktx-1.2.0.aar (androidx.savedstate:savedstate-ktx:1.2.0) with DexingOutputSplitTransform
Transforming collection-1.1.0.jar (androidx.collection:collection:1.1.0) with JetifyTransform
Transforming collection-1.1.0.jar (androidx.collection:collection:1.1.0) with IdentityTransform
Transforming collection-1.1.0.jar (androidx.collection:collection:1.1.0) with DexingWithClasspathTransform
Transforming concurrent-futures-1.0.0.jar (androidx.concurrent:concurrent-futures:1.0.0) with DexingOutputSplitTransform
Transforming lifecycle-livedata-2.0.0.aar (androidx.lifecycle:lifecycle-livedata:2.0.0) with JetifyTransform
Transforming lifecycle-livedata-2.0.0.aar (androidx.lifecycle:lifecycle-livedata:2.0.0) with AarToClassTransform
Transforming lifecycle-livedata-2.0.0.aar (androidx.lifecycle:lifecycle-livedata:2.0.0) with DexingWithClasspathTransform
Transforming versionedparcelable-1.1.1.aar (androidx.versionedparcelable:versionedparcelable:1.1.1) with DexingOutputSplitTransform
Transforming lifecycle-livedata-core-2.5.1.aar (androidx.lifecycle:lifecycle-livedata-core:2.5.1) with JetifyTransform
Transforming lifecycle-livedata-core-2.5.1.aar (androidx.lifecycle:lifecycle-livedata-core:2.5.1) with AarToClassTransform
Transforming lifecycle-livedata-core-2.5.1.aar (androidx.lifecycle:lifecycle-livedata-core:2.5.1) with DexingWithClasspathTransform
Transforming lifecycle-livedata-core-2.5.1.aar (androidx.lifecycle:lifecycle-livedata-core:2.5.1) with JetifyTransform
Transforming lifecycle-livedata-core-2.5.1.aar (androidx.lifecycle:lifecycle-livedata-core:2.5.1) with AarToClassTransform
Transforming lifecycle-livedata-core-2.5.1.aar (androidx.lifecycle:lifecycle-livedata-core:2.5.1) with DexingWithClasspathTransform
Transforming startup-runtime-1.1.1.aar (androidx.startup:startup-runtime:1.1.1) with DexingOutputSplitTransform
Transforming tracing-1.0.0.aar (androidx.tracing:tracing:1.0.0) with DexingOutputSplitTransform
Transforming core-runtime-2.1.0.aar (androidx.arch.core:core-runtime:2.1.0) with JetifyTransform
Transforming core-runtime-2.1.0.aar (androidx.arch.core:core-runtime:2.1.0) with AarToClassTransform
Transforming core-runtime-2.1.0.aar (androidx.arch.core:core-runtime:2.1.0) with DexingWithClasspathTransform
Transforming collection-1.1.0.jar (androidx.collection:collection:1.1.0) with DexingOutputSplitTransform
Transforming core-runtime-2.1.0.aar (androidx.arch.core:core-runtime:2.1.0) with JetifyTransform
Transforming core-runtime-2.1.0.aar (androidx.arch.core:core-runtime:2.1.0) with AarToClassTransform
Transforming core-runtime-2.1.0.aar (androidx.arch.core:core-runtime:2.1.0) with DexingWithClasspathTransform
Transforming core-common-2.1.0.jar (androidx.arch.core:core-common:2.1.0) with JetifyTransform
Transforming core-common-2.1.0.jar (androidx.arch.core:core-common:2.1.0) with IdentityTransform
Transforming core-common-2.1.0.jar (androidx.arch.core:core-common:2.1.0) with DexingWithClasspathTransform
Transforming lifecycle-livedata-2.0.0.aar (androidx.lifecycle:lifecycle-livedata:2.0.0) with DexingOutputSplitTransform
Transforming lifecycle-livedata-core-2.5.1.aar (androidx.lifecycle:lifecycle-livedata-core:2.5.1) with DexingOutputSplitTransform
Transforming lifecycle-livedata-core-2.5.1.aar (androidx.lifecycle:lifecycle-livedata-core:2.5.1) with DexingOutputSplitTransform
Transforming lifecycle-common-2.5.1.jar (androidx.lifecycle:lifecycle-common:2.5.1) with JetifyTransform
Transforming lifecycle-common-2.5.1.jar (androidx.lifecycle:lifecycle-common:2.5.1) with IdentityTransform
Transforming lifecycle-common-2.5.1.jar (androidx.lifecycle:lifecycle-common:2.5.1) with DexingWithClasspathTransform
Transforming interpolator-1.0.0.aar (androidx.interpolator:interpolator:1.0.0) with JetifyTransform
Transforming interpolator-1.0.0.aar (androidx.interpolator:interpolator:1.0.0) with AarToClassTransform
Transforming interpolator-1.0.0.aar (androidx.interpolator:interpolator:1.0.0) with DexingWithClasspathTransform
Transforming okio-1.15.0.jar (com.squareup.okio:okio:1.15.0) with JetifyTransform
Transforming core-runtime-2.1.0.aar (androidx.arch.core:core-runtime:2.1.0) with DexingOutputSplitTransform
Transforming okio-1.15.0.jar (com.squareup.okio:okio:1.15.0) with IdentityTransform
Transforming okio-1.15.0.jar (com.squareup.okio:okio:1.15.0) with DexingWithClasspathTransform
Transforming core-runtime-2.1.0.aar (androidx.arch.core:core-runtime:2.1.0) with DexingOutputSplitTransform
Transforming kotlinx-coroutines-core-jvm-1.6.1.jar (org.jetbrains.kotlinx:kotlinx-coroutines-core-jvm:1.6.1) with JetifyTransform
Transforming kotlinx-coroutines-core-jvm-1.6.1.jar (org.jetbrains.kotlinx:kotlinx-coroutines-core-jvm:1.6.1) with IdentityTransform
Transforming kotlinx-coroutines-core-jvm-1.6.1.jar (org.jetbrains.kotlinx:kotlinx-coroutines-core-jvm:1.6.1) with DexingWithClasspathTransform
Transforming kotlinx-coroutines-android-1.6.1.jar (org.jetbrains.kotlinx:kotlinx-coroutines-android:1.6.1) with JetifyTransform
Transforming kotlinx-coroutines-android-1.6.1.jar (org.jetbrains.kotlinx:kotlinx-coroutines-android:1.6.1) with IdentityTransform
Transforming kotlinx-coroutines-android-1.6.1.jar (org.jetbrains.kotlinx:kotlinx-coroutines-android:1.6.1) with DexingWithClasspathTransform
Transforming core-common-2.1.0.jar (androidx.arch.core:core-common:2.1.0) with DexingOutputSplitTransform
Transforming kotlin-stdlib-jdk8-1.9.0.jar (org.jetbrains.kotlin:kotlin-stdlib-jdk8:1.9.0) with JetifyTransform
Transforming kotlin-stdlib-jdk8-1.9.0.jar (org.jetbrains.kotlin:kotlin-stdlib-jdk8:1.9.0) with IdentityTransform
Transforming kotlin-stdlib-jdk8-1.9.0.jar (org.jetbrains.kotlin:kotlin-stdlib-jdk8:1.9.0) with DexingWithClasspathTransform
Transforming kotlin-stdlib-jdk7-1.9.0.jar (org.jetbrains.kotlin:kotlin-stdlib-jdk7:1.9.0) with JetifyTransform
Transforming kotlin-stdlib-jdk7-1.9.0.jar (org.jetbrains.kotlin:kotlin-stdlib-jdk7:1.9.0) with IdentityTransform
Transforming kotlin-stdlib-jdk7-1.9.0.jar (org.jetbrains.kotlin:kotlin-stdlib-jdk7:1.9.0) with DexingWithClasspathTransform
Transforming commons-lang3-3.9.jar (org.apache.commons:commons-lang3:3.9) with JetifyTransform
Transforming commons-lang3-3.9.jar (org.apache.commons:commons-lang3:3.9) with IdentityTransform
Transforming commons-lang3-3.9.jar (org.apache.commons:commons-lang3:3.9) with DexingWithClasspathTransform
Transforming lifecycle-common-2.5.1.jar (androidx.lifecycle:lifecycle-common:2.5.1) with DexingOutputSplitTransform
Transforming library-2.4.0.jar (com.nineoldandroids:library:2.4.0) with JetifyTransform
Transforming library-2.4.0.jar (com.nineoldandroids:library:2.4.0) with IdentityTransform
Transforming library-2.4.0.jar (com.nineoldandroids:library:2.4.0) with DexingWithClasspathTransform
Transforming annotation-jvm-1.6.0.jar (androidx.annotation:annotation-jvm:1.6.0) with JetifyTransform
Transforming annotation-jvm-1.6.0.jar (androidx.annotation:annotation-jvm:1.6.0) with IdentityTransform
Transforming annotation-jvm-1.6.0.jar (androidx.annotation:annotation-jvm:1.6.0) with DexingWithClasspathTransform
Transforming annotation-experimental-1.3.0.aar (androidx.annotation:annotation-experimental:1.3.0) with JetifyTransform
Transforming annotation-experimental-1.3.0.aar (androidx.annotation:annotation-experimental:1.3.0) with AarToClassTransform
Transforming annotation-experimental-1.3.0.aar (androidx.annotation:annotation-experimental:1.3.0) with DexingWithClasspathTransform
Transforming kotlin-stdlib-1.9.0.jar (org.jetbrains.kotlin:kotlin-stdlib:1.9.0) with JetifyTransform
Transforming kotlin-stdlib-1.9.0.jar (org.jetbrains.kotlin:kotlin-stdlib:1.9.0) with IdentityTransform
Transforming kotlin-stdlib-1.9.0.jar (org.jetbrains.kotlin:kotlin-stdlib:1.9.0) with DexingWithClasspathTransform
Transforming interpolator-1.0.0.aar (androidx.interpolator:interpolator:1.0.0) with DexingOutputSplitTransform
Transforming constraintlayout-core-1.0.4.jar (androidx.constraintlayout:constraintlayout-core:1.0.4) with JetifyTransform
Transforming constraintlayout-core-1.0.4.jar (androidx.constraintlayout:constraintlayout-core:1.0.4) with IdentityTransform
Transforming constraintlayout-core-1.0.4.jar (androidx.constraintlayout:constraintlayout-core:1.0.4) with DexingWithClasspathTransform
Transforming kotlin-stdlib-common-1.9.0.jar (org.jetbrains.kotlin:kotlin-stdlib-common:1.9.0) with JetifyTransform
Transforming kotlin-stdlib-common-1.9.0.jar (org.jetbrains.kotlin:kotlin-stdlib-common:1.9.0) with IdentityTransform
Transforming kotlin-stdlib-common-1.9.0.jar (org.jetbrains.kotlin:kotlin-stdlib-common:1.9.0) with DexingWithClasspathTransform
Transforming annotations-13.0.jar (org.jetbrains:annotations:13.0) with JetifyTransform
Transforming annotations-13.0.jar (org.jetbrains:annotations:13.0) with IdentityTransform
Transforming annotations-13.0.jar (org.jetbrains:annotations:13.0) with DexingWithClasspathTransform
Transforming okio-1.15.0.jar (com.squareup.okio:okio:1.15.0) with DexingOutputSplitTransform
Transforming listenablefuture-1.0.jar (com.google.guava:listenablefuture:1.0) with JetifyTransform
Transforming listenablefuture-1.0.jar (com.google.guava:listenablefuture:1.0) with IdentityTransform
Transforming listenablefuture-1.0.jar (com.google.guava:listenablefuture:1.0) with DexingWithClasspathTransform
Transforming kotlinx-coroutines-core-jvm-1.6.1.jar (org.jetbrains.kotlinx:kotlinx-coroutines-core-jvm:1.6.1) with DexingOutputSplitTransform
Transforming kotlinx-coroutines-android-1.6.1.jar (org.jetbrains.kotlinx:kotlinx-coroutines-android:1.6.1) with DexingOutputSplitTransform
Transforming kotlin-stdlib-jdk7-1.9.0.jar (org.jetbrains.kotlin:kotlin-stdlib-jdk7:1.9.0) with DexingOutputSplitTransform
Transforming kotlin-stdlib-jdk8-1.9.0.jar (org.jetbrains.kotlin:kotlin-stdlib-jdk8:1.9.0) with DexingOutputSplitTransform
Transforming annotation-experimental-1.3.0.aar (androidx.annotation:annotation-experimental:1.3.0) with DexingOutputSplitTransform
Transforming kotlin-stdlib-1.9.0.jar (org.jetbrains.kotlin:kotlin-stdlib:1.9.0) with DexingOutputSplitTransform
Transforming library-2.4.0.jar (com.nineoldandroids:library:2.4.0) with DexingOutputSplitTransform
Transforming annotation-jvm-1.6.0.jar (androidx.annotation:annotation-jvm:1.6.0) with DexingOutputSplitTransform
Transforming constraintlayout-core-1.0.4.jar (androidx.constraintlayout:constraintlayout-core:1.0.4) with DexingOutputSplitTransform
Transforming kotlin-stdlib-common-1.9.0.jar (org.jetbrains.kotlin:kotlin-stdlib-common:1.9.0) with DexingOutputSplitTransform
Transforming annotations-13.0.jar (org.jetbrains:annotations:13.0) with DexingOutputSplitTransform
Transforming listenablefuture-1.0.jar (com.google.guava:listenablefuture:1.0) with DexingOutputSplitTransform
Transforming commons-lang3-3.9.jar (org.apache.commons:commons-lang3:3.9) with DexingOutputSplitTransform
Caching disabled for task ':app:mergeExtDexDebug' because:
  Build cache is disabled
Task ':app:mergeExtDexDebug' is not up-to-date because:
  No history is available.
The input changes require a full rebuild for incremental task ':app:mergeExtDexDebug'.
Merging to '/home/fekerr/src/ingress-intel-total-conversion/mobile/app/build/intermediates/dex/debug/mergeExtDexDebug' with D8 from all or a subset of dex files in /home/fekerr/.gradle/caches/8.11.1/transforms/636ec8a31793b6b22c22ee91b3417b20/transformed/jetified-AppIntro-6.3.1-runtime/jetified-AppIntro-6.3.1-runtime_dex, /home/fekerr/.gradle/caches/8.11.1/transforms/a15fb864309da70b82baa48cfe7f3292/transformed/jetified-localization-1.2.11-runtime/jetified-localization-1.2.11-runtime_dex, /home/fekerr/.gradle/caches/8.11.1/transforms/e632c8338b0b6580b3d1ed070f255969/transformed/constraintlayout-2.1.4-runtime/constraintlayout-2.1.4-runtime_dex, /home/fekerr/.gradle/caches/8.11.1/transforms/caa21852910eed03dc5d775bf6becfad/transformed/jetified-appcompat-resources-1.6.1-runtime/jetified-appcompat-resources-1.6.1-runtime_dex, /home/fekerr/.gradle/caches/8.11.1/transforms/c9c667aa95fdd82a04758190dbec32b5/transformed/appcompat-1.6.1-runtime/appcompat-1.6.1-runtime_dex, /home/fekerr/.gradle/caches/8.11.1/transforms/8ba5b2263dd2f2822fabce898dfdd862/transformed/jetified-okhttp-3.12.1/jetified-okhttp-3.12.1_dex, /home/fekerr/.gradle/caches/8.11.1/transforms/39e1555694b6aa2de012cb7b0dc2a303/transformed/jetified-commons-text-1.8/jetified-commons-text-1.8_dex, /home/fekerr/.gradle/caches/8.11.1/transforms/f5c2c0e42862893abec221ad36fef5ab/transformed/jetified-floatingactionbutton-1.3.0-runtime/jetified-floatingactionbutton-1.3.0-runtime_dex, /home/fekerr/.gradle/caches/8.11.1/transforms/0f4b66e8cb5698218b81c291bcf7f96a/transformed/recyclerview-1.1.0-runtime/recyclerview-1.1.0-runtime_dex, /home/fekerr/.gradle/caches/8.11.1/transforms/78ec7e9e2771468b20d504b10dbe99bb/transformed/drawerlayout-1.0.0-runtime/drawerlayout-1.0.0-runtime_dex, /home/fekerr/.gradle/caches/8.11.1/transforms/27a0803ae8830dca9ecb9440d6b52e0b/transformed/fragment-1.3.6-runtime/fragment-1.3.6-runtime_dex, /home/fekerr/.gradle/caches/8.11.1/transforms/a3593446a3a42cbbdd61c6b359e461d2/transformed/viewpager-1.0.0-runtime/viewpager-1.0.0-runtime_dex, /home/fekerr/.gradle/caches/8.11.1/transforms/9bff891b116492a5f8c82d2ef45fbe54/transformed/customview-1.0.0-runtime/customview-1.0.0-runtime_dex, /home/fekerr/.gradle/caches/8.11.1/transforms/a7a99a1200bafce24ba7447d6e7e86a5/transformed/jetified-activity-ktx-1.6.0-runtime/jetified-activity-ktx-1.6.0-runtime_dex, /home/fekerr/.gradle/caches/8.11.1/transforms/95e43f457b868f04eeac1c610b7fae77/transformed/jetified-activity-1.6.0-runtime/jetified-activity-1.6.0-runtime_dex, /home/fekerr/.gradle/caches/8.11.1/transforms/393079d3c6a3da8e4a2f67572b8f66ae/transformed/jetified-emoji2-views-helper-1.2.0-runtime/jetified-emoji2-views-helper-1.2.0-runtime_dex, /home/fekerr/.gradle/caches/8.11.1/transforms/af389e4945a9038dc1f269c94b44b431/transformed/jetified-emoji2-1.2.0-runtime/jetified-emoji2-1.2.0-runtime_dex, /home/fekerr/.gradle/caches/8.11.1/transforms/1a0f91579369e6f0a8f356303babf623/transformed/loader-1.0.0-runtime/loader-1.0.0-runtime_dex, /home/fekerr/.gradle/caches/8.11.1/transforms/007338922b0064ef87c94ca2b0662c92/transformed/jetified-lifecycle-viewmodel-ktx-2.5.1-runtime/jetified-lifecycle-viewmodel-ktx-2.5.1-runtime_dex, /home/fekerr/.gradle/caches/8.11.1/transforms/3e5f08bdf5b51a0daa76d75ae16fb273/transformed/lifecycle-viewmodel-2.5.1-runtime/lifecycle-viewmodel-2.5.1-runtime_dex, /home/fekerr/.gradle/caches/8.11.1/transforms/653566b9a4229b26714d8e6e37c3757c/transformed/jetified-lifecycle-viewmodel-savedstate-2.5.1-runtime/jetified-lifecycle-viewmodel-savedstate-2.5.1-runtime_dex, /home/fekerr/.gradle/caches/8.11.1/transforms/c3d5f527a4f5cbe0d1e321caa67ec2dd/transformed/jetified-core-ktx-1.9.0-runtime/jetified-core-ktx-1.9.0-runtime_dex, /home/fekerr/.gradle/caches/8.11.1/transforms/930b512c3ef0c964a96783ff26093927/transformed/vectordrawable-animated-1.1.0-runtime/vectordrawable-animated-1.1.0-runtime_dex, /home/fekerr/.gradle/caches/8.11.1/transforms/af6516f32ce79b87ffcae6d968826280/transformed/vectordrawable-1.1.0-runtime/vectordrawable-1.1.0-runtime_dex, /home/fekerr/.gradle/caches/8.11.1/transforms/413e0e88523e0ca834c87f3faa361ad1/transformed/core-1.9.0-runtime/core-1.9.0-runtime_dex, /home/fekerr/.gradle/caches/8.11.1/transforms/b528623b5f7a871c38dc97ae16ac4289/transformed/cursoradapter-1.0.0-runtime/cursoradapter-1.0.0-runtime_dex, /home/fekerr/.gradle/caches/8.11.1/transforms/1b52f3fada3a4d71d79375f094c48894/transformed/jetified-lifecycle-process-2.4.1-runtime/jetified-lifecycle-process-2.4.1-runtime_dex, /home/fekerr/.gradle/caches/8.11.1/transforms/462dadf5a2c9349d7f18eec14402211e/transformed/jetified-lifecycle-runtime-ktx-2.5.1-runtime/jetified-lifecycle-runtime-ktx-2.5.1-runtime_dex, /home/fekerr/.gradle/caches/8.11.1/transforms/dc630c4d20b210f4a4015f09c9b43363/transformed/lifecycle-runtime-2.5.1-runtime/lifecycle-runtime-2.5.1-runtime_dex, /home/fekerr/.gradle/caches/8.11.1/transforms/17591c7925f3f95352c2211a28567af2/transformed/jetified-resourceinspection-annotation-1.0.1/jetified-resourceinspection-annotation-1.0.1_dex, /home/fekerr/.gradle/caches/8.11.1/transforms/42ac3a76e16b5b51563be46f1f1f60dc/transformed/jetified-savedstate-ktx-1.2.0-runtime/jetified-savedstate-ktx-1.2.0-runtime_dex, /home/fekerr/.gradle/caches/8.11.1/transforms/c621aa9549baac2ccf8aeb3bfe41ebdd/transformed/jetified-savedstate-1.2.0-runtime/jetified-savedstate-1.2.0-runtime_dex, /home/fekerr/.gradle/caches/8.11.1/transforms/52f2cc8d1da9e1f5f22ccdab6b39fb2c/transformed/jetified-concurrent-futures-1.0.0/jetified-concurrent-futures-1.0.0_dex, /home/fekerr/.gradle/caches/8.11.1/transforms/5729a1c7bd9d0a271abc1f32f7cab39a/transformed/versionedparcelable-1.1.1-runtime/versionedparcelable-1.1.1-runtime_dex, /home/fekerr/.gradle/caches/8.11.1/transforms/ec272176aa483f3094d632b8cde13d8a/transformed/jetified-startup-runtime-1.1.1-runtime/jetified-startup-runtime-1.1.1-runtime_dex, /home/fekerr/.gradle/caches/8.11.1/transforms/ca9da6114549c13cbd14db1f0dea623b/transformed/jetified-tracing-1.0.0-runtime/jetified-tracing-1.0.0-runtime_dex, /home/fekerr/.gradle/caches/8.11.1/transforms/2b48d88ffa705acb0675687d6ad24783/transformed/collection-1.1.0/collection-1.1.0_dex, /home/fekerr/.gradle/caches/8.11.1/transforms/1e36541ba6032619928d989d0a4c13c9/transformed/lifecycle-livedata-2.0.0-runtime/lifecycle-livedata-2.0.0-runtime_dex, /home/fekerr/.gradle/caches/8.11.1/transforms/d10c78075facba64b88e36ca42ebc0ce/transformed/lifecycle-livedata-core-2.5.1-runtime/lifecycle-livedata-core-2.5.1-runtime_dex, /home/fekerr/.gradle/caches/8.11.1/transforms/cb8159f8aa456669c011a90e6b5233ea/transformed/core-runtime-2.1.0-runtime/core-runtime-2.1.0-runtime_dex, /home/fekerr/.gradle/caches/8.11.1/transforms/46ddda957b24440c09019394a4620398/transformed/core-common-2.1.0/core-common-2.1.0_dex, /home/fekerr/.gradle/caches/8.11.1/transforms/9adee922513abf0bc29cff33ef41e136/transformed/lifecycle-common-2.5.1/lifecycle-common-2.5.1_dex, /home/fekerr/.gradle/caches/8.11.1/transforms/c34763df12c28aa8f73f8af86b873662/transformed/interpolator-1.0.0-runtime/interpolator-1.0.0-runtime_dex, /home/fekerr/.gradle/caches/8.11.1/transforms/c1848ec46d747626e35e9164e6b3d4d3/transformed/jetified-okio-1.15.0/jetified-okio-1.15.0_dex, /home/fekerr/.gradle/caches/8.11.1/transforms/16eaede42ef9f52ed0e2f1fb55b0ca0d/transformed/jetified-kotlinx-coroutines-core-jvm-1.6.1/jetified-kotlinx-coroutines-core-jvm-1.6.1_dex, /home/fekerr/.gradle/caches/8.11.1/transforms/dd8280cfe0a0fa037f2768143371c6bf/transformed/jetified-kotlinx-coroutines-android-1.6.1/jetified-kotlinx-coroutines-android-1.6.1_dex, /home/fekerr/.gradle/caches/8.11.1/transforms/9dc60c70c376af63e1d7ab5d4a7ddc85/transformed/jetified-commons-lang3-3.9/jetified-commons-lang3-3.9_dex, /home/fekerr/.gradle/caches/8.11.1/transforms/ee81865710c18130104bf1ca8e0b2245/transformed/jetified-library-2.4.0/jetified-library-2.4.0_dex, /home/fekerr/.gradle/caches/8.11.1/transforms/7c5b31e1360dbdc8d2345ae4e4c340b6/transformed/jetified-annotation-jvm-1.6.0/jetified-annotation-jvm-1.6.0_dex, /home/fekerr/.gradle/caches/8.11.1/transforms/aeb66bca534da0e85721ea921cf364a1/transformed/jetified-annotation-experimental-1.3.0-runtime/jetified-annotation-experimental-1.3.0-runtime_dex, /home/fekerr/.gradle/caches/8.11.1/transforms/999341728afdf0b00909fb02c12ad7b7/transformed/jetified-kotlin-stdlib-1.9.0/jetified-kotlin-stdlib-1.9.0_dex, /home/fekerr/.gradle/caches/8.11.1/transforms/3dd8353bde3e6b6e3a60c57a3bda1150/transformed/jetified-constraintlayout-core-1.0.4/jetified-constraintlayout-core-1.0.4_dex, /home/fekerr/.gradle/caches/8.11.1/transforms/e1d48485f3a7bc09ff5f73fee7854a97/transformed/jetified-annotations-13.0/jetified-annotations-13.0_dex, /home/fekerr/.gradle/caches/8.11.1/transforms/e4533fe5208cec533fa13d490a85fc0f/transformed/jetified-listenablefuture-1.0/jetified-listenablefuture-1.0_dex, and from all global synthetics files in 

> Task :app:compileDebugJavaWithJavac
Transforming localization-1.2.11.aar (com.akexorcist:localization:1.2.11) with JetifyTransform
Transforming localization-1.2.11.aar (com.akexorcist:localization:1.2.11) with AarToClassTransform
Transforming appcompat-1.6.1.aar (androidx.appcompat:appcompat:1.6.1) with JetifyTransform
Transforming appcompat-1.6.1.aar (androidx.appcompat:appcompat:1.6.1) with AarToClassTransform
Transforming okhttp-3.12.1.jar (com.squareup.okhttp3:okhttp:3.12.1) with JetifyTransform
Transforming okhttp-3.12.1.jar (com.squareup.okhttp3:okhttp:3.12.1) with IdentityTransform
Transforming AppIntro-6.3.1.aar (com.github.AppIntro:AppIntro:6.3.1) with JetifyTransform
Transforming AppIntro-6.3.1.aar (com.github.AppIntro:AppIntro:6.3.1) with AarToClassTransform
Transforming commons-text-1.8.jar (org.apache.commons:commons-text:1.8) with JetifyTransform
Transforming commons-text-1.8.jar (org.apache.commons:commons-text:1.8) with IdentityTransform
Transforming floatingactionbutton-1.3.0.aar (com.melnykov:floatingactionbutton:1.3.0) with JetifyTransform
Transforming floatingactionbutton-1.3.0.aar (com.melnykov:floatingactionbutton:1.3.0) with AarToClassTransform
Transforming recyclerview-1.1.0.aar (androidx.recyclerview:recyclerview:1.1.0) with JetifyTransform
Transforming recyclerview-1.1.0.aar (androidx.recyclerview:recyclerview:1.1.0) with AarToClassTransform
Transforming fragment-1.3.6.aar (androidx.fragment:fragment:1.3.6) with JetifyTransform
Transforming fragment-1.3.6.aar (androidx.fragment:fragment:1.3.6) with AarToClassTransform
Transforming activity-ktx-1.6.0.aar (androidx.activity:activity-ktx:1.6.0) with JetifyTransform
Transforming activity-ktx-1.6.0.aar (androidx.activity:activity-ktx:1.6.0) with AarToClassTransform
Transforming activity-1.6.0.aar (androidx.activity:activity:1.6.0) with JetifyTransform
Transforming activity-1.6.0.aar (androidx.activity:activity:1.6.0) with AarToClassTransform
Transforming appcompat-resources-1.6.1.aar (androidx.appcompat:appcompat-resources:1.6.1) with JetifyTransform
Transforming appcompat-resources-1.6.1.aar (androidx.appcompat:appcompat-resources:1.6.1) with AarToClassTransform
Transforming drawerlayout-1.0.0.aar (androidx.drawerlayout:drawerlayout:1.0.0) with JetifyTransform
Transforming drawerlayout-1.0.0.aar (androidx.drawerlayout:drawerlayout:1.0.0) with AarToClassTransform
Transforming viewpager-1.0.0.aar (androidx.viewpager:viewpager:1.0.0) with JetifyTransform
Transforming viewpager-1.0.0.aar (androidx.viewpager:viewpager:1.0.0) with AarToClassTransform
Transforming customview-1.0.0.aar (androidx.customview:customview:1.0.0) with JetifyTransform
Transforming customview-1.0.0.aar (androidx.customview:customview:1.0.0) with AarToClassTransform
Transforming customview-1.0.0.aar (androidx.customview:customview:1.0.0) with JetifyTransform
Transforming customview-1.0.0.aar (androidx.customview:customview:1.0.0) with AarToClassTransform
Transforming customview-1.0.0.aar (androidx.customview:customview:1.0.0) with JetifyTransform
Transforming customview-1.0.0.aar (androidx.customview:customview:1.0.0) with AarToClassTransform
Transforming vectordrawable-animated-1.1.0.aar (androidx.vectordrawable:vectordrawable-animated:1.1.0) with JetifyTransform
Transforming vectordrawable-animated-1.1.0.aar (androidx.vectordrawable:vectordrawable-animated:1.1.0) with AarToClassTransform
Transforming vectordrawable-1.1.0.aar (androidx.vectordrawable:vectordrawable:1.1.0) with JetifyTransform
Transforming vectordrawable-1.1.0.aar (androidx.vectordrawable:vectordrawable:1.1.0) with AarToClassTransform
Transforming vectordrawable-1.1.0.aar (androidx.vectordrawable:vectordrawable:1.1.0) with JetifyTransform
Transforming vectordrawable-1.1.0.aar (androidx.vectordrawable:vectordrawable:1.1.0) with AarToClassTransform
Transforming loader-1.0.0.aar (androidx.loader:loader:1.0.0) with JetifyTransform
Transforming loader-1.0.0.aar (androidx.loader:loader:1.0.0) with AarToClassTransform
Transforming lifecycle-viewmodel-savedstate-2.5.1.aar (androidx.lifecycle:lifecycle-viewmodel-savedstate:2.5.1) with JetifyTransform
Transforming lifecycle-viewmodel-savedstate-2.5.1.aar (androidx.lifecycle:lifecycle-viewmodel-savedstate:2.5.1) with AarToClassTransform
Transforming core-ktx-1.9.0.aar (androidx.core:core-ktx:1.9.0) with JetifyTransform
Transforming core-ktx-1.9.0.aar (androidx.core:core-ktx:1.9.0) with AarToClassTransform
Transforming core-1.9.0.aar (androidx.core:core:1.9.0) with JetifyTransform
Transforming core-1.9.0.aar (androidx.core:core:1.9.0) with AarToClassTransform
Transforming core-1.9.0.aar (androidx.core:core:1.9.0) with JetifyTransform
Transforming core-1.9.0.aar (androidx.core:core:1.9.0) with AarToClassTransform
Transforming core-1.9.0.aar (androidx.core:core:1.9.0) with JetifyTransform
Transforming core-1.9.0.aar (androidx.core:core:1.9.0) with AarToClassTransform
Transforming core-1.9.0.aar (androidx.core:core:1.9.0) with JetifyTransform
Transforming core-1.9.0.aar (androidx.core:core:1.9.0) with AarToClassTransform
Transforming core-1.9.0.aar (androidx.core:core:1.9.0) with JetifyTransform
Transforming core-1.9.0.aar (androidx.core:core:1.9.0) with AarToClassTransform
Transforming core-1.9.0.aar (androidx.core:core:1.9.0) with JetifyTransform
Transforming core-1.9.0.aar (androidx.core:core:1.9.0) with AarToClassTransform
Transforming core-1.9.0.aar (androidx.core:core:1.9.0) with JetifyTransform
Transforming core-1.9.0.aar (androidx.core:core:1.9.0) with AarToClassTransform
Transforming cursoradapter-1.0.0.aar (androidx.cursoradapter:cursoradapter:1.0.0) with JetifyTransform
Transforming cursoradapter-1.0.0.aar (androidx.cursoradapter:cursoradapter:1.0.0) with AarToClassTransform
Transforming savedstate-ktx-1.2.0.aar (androidx.savedstate:savedstate-ktx:1.2.0) with JetifyTransform
Transforming savedstate-ktx-1.2.0.aar (androidx.savedstate:savedstate-ktx:1.2.0) with AarToClassTransform
Transforming savedstate-1.2.0.aar (androidx.savedstate:savedstate:1.2.0) with JetifyTransform
Transforming savedstate-1.2.0.aar (androidx.savedstate:savedstate:1.2.0) with AarToClassTransform
Transforming versionedparcelable-1.1.1.aar (androidx.versionedparcelable:versionedparcelable:1.1.1) with JetifyTransform
Transforming versionedparcelable-1.1.1.aar (androidx.versionedparcelable:versionedparcelable:1.1.1) with AarToClassTransform
Transforming collection-1.1.0.jar (androidx.collection:collection:1.1.0) with JetifyTransform
Transforming collection-1.1.0.jar (androidx.collection:collection:1.1.0) with IdentityTransform
Transforming lifecycle-runtime-ktx-2.5.1.aar (androidx.lifecycle:lifecycle-runtime-ktx:2.5.1) with JetifyTransform
Transforming lifecycle-runtime-ktx-2.5.1.aar (androidx.lifecycle:lifecycle-runtime-ktx:2.5.1) with AarToClassTransform
Transforming lifecycle-runtime-2.5.1.aar (androidx.lifecycle:lifecycle-runtime:2.5.1) with JetifyTransform
Transforming lifecycle-runtime-2.5.1.aar (androidx.lifecycle:lifecycle-runtime:2.5.1) with AarToClassTransform
Transforming lifecycle-viewmodel-ktx-2.5.1.aar (androidx.lifecycle:lifecycle-viewmodel-ktx:2.5.1) with JetifyTransform
Transforming lifecycle-viewmodel-ktx-2.5.1.aar (androidx.lifecycle:lifecycle-viewmodel-ktx:2.5.1) with AarToClassTransform
Transforming lifecycle-viewmodel-2.5.1.aar (androidx.lifecycle:lifecycle-viewmodel:2.5.1) with JetifyTransform
Transforming lifecycle-viewmodel-2.5.1.aar (androidx.lifecycle:lifecycle-viewmodel:2.5.1) with AarToClassTransform
Transforming lifecycle-viewmodel-2.5.1.aar (androidx.lifecycle:lifecycle-viewmodel:2.5.1) with JetifyTransform
Transforming lifecycle-viewmodel-2.5.1.aar (androidx.lifecycle:lifecycle-viewmodel:2.5.1) with AarToClassTransform
Transforming lifecycle-livedata-2.0.0.aar (androidx.lifecycle:lifecycle-livedata:2.0.0) with JetifyTransform
Transforming lifecycle-livedata-2.0.0.aar (androidx.lifecycle:lifecycle-livedata:2.0.0) with AarToClassTransform
Transforming core-runtime-2.1.0.aar (androidx.arch.core:core-runtime:2.1.0) with JetifyTransform
Transforming core-runtime-2.1.0.aar (androidx.arch.core:core-runtime:2.1.0) with AarToClassTransform
Transforming core-common-2.1.0.jar (androidx.arch.core:core-common:2.1.0) with JetifyTransform
Transforming core-common-2.1.0.jar (androidx.arch.core:core-common:2.1.0) with IdentityTransform
Transforming lifecycle-livedata-core-2.5.1.aar (androidx.lifecycle:lifecycle-livedata-core:2.5.1) with JetifyTransform
Transforming lifecycle-livedata-core-2.5.1.aar (androidx.lifecycle:lifecycle-livedata-core:2.5.1) with AarToClassTransform
Transforming lifecycle-livedata-core-2.5.1.aar (androidx.lifecycle:lifecycle-livedata-core:2.5.1) with JetifyTransform
Transforming lifecycle-livedata-core-2.5.1.aar (androidx.lifecycle:lifecycle-livedata-core:2.5.1) with AarToClassTransform
Transforming lifecycle-common-2.5.1.jar (androidx.lifecycle:lifecycle-common:2.5.1) with JetifyTransform
Transforming lifecycle-common-2.5.1.jar (androidx.lifecycle:lifecycle-common:2.5.1) with IdentityTransform
Transforming interpolator-1.0.0.aar (androidx.interpolator:interpolator:1.0.0) with JetifyTransform
Transforming interpolator-1.0.0.aar (androidx.interpolator:interpolator:1.0.0) with AarToClassTransform
Transforming annotation-jvm-1.6.0.jar (androidx.annotation:annotation-jvm:1.6.0) with JetifyTransform
Transforming annotation-jvm-1.6.0.jar (androidx.annotation:annotation-jvm:1.6.0) with IdentityTransform
Transforming kotlinx-coroutines-core-jvm-1.6.1.jar (org.jetbrains.kotlinx:kotlinx-coroutines-core-jvm:1.6.1) with JetifyTransform
Transforming kotlinx-coroutines-core-jvm-1.6.1.jar (org.jetbrains.kotlinx:kotlinx-coroutines-core-jvm:1.6.1) with IdentityTransform
Transforming kotlinx-coroutines-android-1.6.1.jar (org.jetbrains.kotlinx:kotlinx-coroutines-android:1.6.1) with JetifyTransform
Transforming kotlinx-coroutines-android-1.6.1.jar (org.jetbrains.kotlinx:kotlinx-coroutines-android:1.6.1) with IdentityTransform
Transforming kotlin-stdlib-jdk8-1.9.0.jar (org.jetbrains.kotlin:kotlin-stdlib-jdk8:1.9.0) with JetifyTransform
Transforming kotlin-stdlib-jdk8-1.9.0.jar (org.jetbrains.kotlin:kotlin-stdlib-jdk8:1.9.0) with IdentityTransform
Transforming kotlin-stdlib-jdk7-1.9.0.jar (org.jetbrains.kotlin:kotlin-stdlib-jdk7:1.9.0) with JetifyTransform
Transforming kotlin-stdlib-jdk7-1.9.0.jar (org.jetbrains.kotlin:kotlin-stdlib-jdk7:1.9.0) with IdentityTransform
Transforming annotation-experimental-1.3.0.aar (androidx.annotation:annotation-experimental:1.3.0) with JetifyTransform
Transforming annotation-experimental-1.3.0.aar (androidx.annotation:annotation-experimental:1.3.0) with AarToClassTransform
Transforming kotlin-stdlib-1.9.0.jar (org.jetbrains.kotlin:kotlin-stdlib:1.9.0) with JetifyTransform
Transforming kotlin-stdlib-1.9.0.jar (org.jetbrains.kotlin:kotlin-stdlib:1.9.0) with IdentityTransform
Transforming kotlin-stdlib-common-1.9.0.jar (org.jetbrains.kotlin:kotlin-stdlib-common:1.9.0) with JetifyTransform
Transforming kotlin-stdlib-common-1.9.0.jar (org.jetbrains.kotlin:kotlin-stdlib-common:1.9.0) with IdentityTransform
Transforming annotations-13.0.jar (org.jetbrains:annotations:13.0) with JetifyTransform
Transforming annotations-13.0.jar (org.jetbrains:annotations:13.0) with IdentityTransform
Transforming okio-1.15.0.jar (com.squareup.okio:okio:1.15.0) with JetifyTransform
Transforming okio-1.15.0.jar (com.squareup.okio:okio:1.15.0) with IdentityTransform
Transforming commons-lang3-3.9.jar (org.apache.commons:commons-lang3:3.9) with JetifyTransform
Transforming commons-lang3-3.9.jar (org.apache.commons:commons-lang3:3.9) with IdentityTransform
Transforming library-2.4.0.jar (com.nineoldandroids:library:2.4.0) with JetifyTransform
Transforming library-2.4.0.jar (com.nineoldandroids:library:2.4.0) with IdentityTransform
Transforming core-for-system-modules.jar with JdkImageTransform
Caching disabled for JdkImageTransform: /home/fekerr/Android/Sdk/platforms/android-35/core-for-system-modules.jar because:
  Build cache is disabled
Starting process 'command '/usr/lib/jvm/java-21-openjdk-amd64/bin/jlink''. Working directory: /home/fekerr/src/ingress-intel-total-conversion/mobile/app Command: /usr/lib/jvm/java-21-openjdk-amd64/bin/jlink --version
Successfully started process 'command '/usr/lib/jvm/java-21-openjdk-amd64/bin/jlink''
Starting process 'command '/usr/lib/jvm/java-21-openjdk-amd64/bin/javac''. Working directory: /home/fekerr/src/ingress-intel-total-conversion/mobile/app Command: /usr/lib/jvm/java-21-openjdk-amd64/bin/javac --system=none --patch-module=java.base=/home/fekerr/Android/Sdk/platforms/android-35/core-for-system-modules.jar -d /home/fekerr/.gradle/caches/8.11.1/transforms/0da95ef0e70fcb02722eb7e1ccfc2766-3ba462d4-2a14-4590-9ea6-53a447829524/transformed/output/temp /home/fekerr/.gradle/caches/8.11.1/transforms/0da95ef0e70fcb02722eb7e1ccfc2766-3ba462d4-2a14-4590-9ea6-53a447829524/transformed/output/temp/module-info.java
Successfully started process 'command '/usr/lib/jvm/java-21-openjdk-amd64/bin/javac''
Starting process 'command '/usr/lib/jvm/java-21-openjdk-amd64/bin/jmod''. Working directory: /home/fekerr/src/ingress-intel-total-conversion/mobile/app Command: /usr/lib/jvm/java-21-openjdk-amd64/bin/jmod create --module-version 21 --target-platform LINUX-OTHER --class-path /home/fekerr/.gradle/caches/8.11.1/transforms/0da95ef0e70fcb02722eb7e1ccfc2766-3ba462d4-2a14-4590-9ea6-53a447829524/transformed/output/temp/module.jar /home/fekerr/.gradle/caches/8.11.1/transforms/0da95ef0e70fcb02722eb7e1ccfc2766-3ba462d4-2a14-4590-9ea6-53a447829524/transformed/output/temp/jmod/java.base.jmod
Successfully started process 'command '/usr/lib/jvm/java-21-openjdk-amd64/bin/jmod''
Starting process 'command '/usr/lib/jvm/java-21-openjdk-amd64/bin/jlink''. Working directory: /home/fekerr/src/ingress-intel-total-conversion/mobile/app Command: /usr/lib/jvm/java-21-openjdk-amd64/bin/jlink --module-path /home/fekerr/.gradle/caches/8.11.1/transforms/0da95ef0e70fcb02722eb7e1ccfc2766-3ba462d4-2a14-4590-9ea6-53a447829524/transformed/output/temp/jmod --add-modules java.base --output /home/fekerr/.gradle/caches/8.11.1/transforms/0da95ef0e70fcb02722eb7e1ccfc2766-3ba462d4-2a14-4590-9ea6-53a447829524/transformed/output/jdkImage --disable-plugin system-modules
Successfully started process 'command '/usr/lib/jvm/java-21-openjdk-amd64/bin/jlink''
Transforming core-for-system-modules.jar with JdkImageTransform
Transforming core-for-system-modules.jar with JdkImageTransform
Transforming core-for-system-modules.jar with JdkImageTransform
Transforming core-for-system-modules.jar with JdkImageTransform
Transforming core-for-system-modules.jar with JdkImageTransform
Custom actions are attached to task ':app:compileDebugJavaWithJavac'.
Caching disabled for task ':app:compileDebugJavaWithJavac' because:
  Build cache is disabled
Task ':app:compileDebugJavaWithJavac' is not up-to-date because:
  No history is available.
The input changes require a full rebuild for incremental task ':app:compileDebugJavaWithJavac'.
Compilation mode: in-process compilation
Transforming core-for-system-modules.jar with JdkImageTransform
Full recompilation is required because no incremental change information is available. This is usually caused by clean builds or changing compiler arguments.
Compiling with toolchain '/usr/lib/jvm/java-21-openjdk-amd64'.
file or directory '/home/fekerr/src/ingress-intel-total-conversion/mobile/app/src/debug/java', not found
Compiling with JDK Java compiler API.
/home/fekerr/src/ingress-intel-total-conversion/mobile/app/src/main/java/org/exarhteam/iitc_mobile/IITC_NotificationHelper.java:28: warning: [deprecation] PreferenceManager in android.preference has been deprecated
        mPrefs = PreferenceManager.getDefaultSharedPreferences(mActivity);
                 ^
/home/fekerr/src/ingress-intel-total-conversion/mobile/app/src/main/java/org/exarhteam/iitc_mobile/IITC_NotificationHelper.java:28: warning: [deprecation] getDefaultSharedPreferences(Context) in PreferenceManager has been deprecated
        mPrefs = PreferenceManager.getDefaultSharedPreferences(mActivity);
                                  ^
/home/fekerr/src/ingress-intel-total-conversion/mobile/app/src/main/java/org/exarhteam/iitc_mobile/IITC_NotificationHelper.java:53: warning: [deprecation] fromHtml(String) in Html has been deprecated
        message.setText(Html.fromHtml(text));
                            ^
/home/fekerr/src/ingress-intel-total-conversion/mobile/app/src/main/java/org/exarhteam/iitc_mobile/IITC_WebChromeClient.java:40: warning: [deprecation] PreferenceManager in android.preference has been deprecated
        mSharedPrefs = PreferenceManager.getDefaultSharedPreferences(mIitc);
                       ^
/home/fekerr/src/ingress-intel-total-conversion/mobile/app/src/main/java/org/exarhteam/iitc_mobile/IITC_WebChromeClient.java:40: warning: [deprecation] getDefaultSharedPreferences(Context) in PreferenceManager has been deprecated
        mSharedPrefs = PreferenceManager.getDefaultSharedPreferences(mIitc);
                                        ^
/home/fekerr/src/ingress-intel-total-conversion/mobile/app/src/main/java/org/exarhteam/iitc_mobile/IITC_WebChromeClient.java:61: warning: [deprecation] setProgress(int) in Activity has been deprecated
        mIitc.setProgress(newProgress * 100);
             ^
/home/fekerr/src/ingress-intel-total-conversion/mobile/app/src/main/java/org/exarhteam/iitc_mobile/IITC_NavigationHelper.java:62: warning: [deprecation] PreferenceManager in android.preference has been deprecated
        mPrefs = PreferenceManager.getDefaultSharedPreferences(iitc);
                 ^
/home/fekerr/src/ingress-intel-total-conversion/mobile/app/src/main/java/org/exarhteam/iitc_mobile/IITC_NavigationHelper.java:62: warning: [deprecation] getDefaultSharedPreferences(Context) in PreferenceManager has been deprecated
        mPrefs = PreferenceManager.getDefaultSharedPreferences(iitc);
                                  ^
/home/fekerr/src/ingress-intel-total-conversion/mobile/app/src/main/java/org/exarhteam/iitc_mobile/IITC_NavigationHelper.java:70: warning: [deprecation] setDrawerListener(DrawerListener) in DrawerLayout has been deprecated
        mDrawerLayout.setDrawerListener(this);
                     ^
/home/fekerr/src/ingress-intel-total-conversion/mobile/app/src/main/java/org/exarhteam/iitc_mobile/IITC_NavigationHelper.java:179: warning: [deprecation] Handler() in Handler has been deprecated
        (new Handler()).postDelayed(new Runnable() {
         ^
/home/fekerr/src/ingress-intel-total-conversion/mobile/app/src/main/java/org/exarhteam/iitc_mobile/IITC_Mobile.java:196: warning: [deprecation] FEATURE_PROGRESS in Window has been deprecated
        requestWindowFeature(Window.FEATURE_PROGRESS);
                                   ^
/home/fekerr/src/ingress-intel-total-conversion/mobile/app/src/main/java/org/exarhteam/iitc_mobile/IITC_Mobile.java:246: warning: [deprecation] PreferenceManager in android.preference has been deprecated
        mSharedPrefs = PreferenceManager.getDefaultSharedPreferences(this);
                       ^
/home/fekerr/src/ingress-intel-total-conversion/mobile/app/src/main/java/org/exarhteam/iitc_mobile/IITC_Mobile.java:246: warning: [deprecation] getDefaultSharedPreferences(Context) in PreferenceManager has been deprecated
        mSharedPrefs = PreferenceManager.getDefaultSharedPreferences(this);
                                        ^
/home/fekerr/src/ingress-intel-total-conversion/mobile/app/src/main/java/org/exarhteam/iitc_mobile/IITC_Mobile.java:641: warning: [deprecation] Handler() in Handler has been deprecated
            new Handler().postDelayed(new Runnable() {
            ^
/home/fekerr/src/ingress-intel-total-conversion/mobile/app/src/main/java/org/exarhteam/iitc_mobile/IITC_Mobile.java:836: warning: [deprecation] removeAllCookie() in CookieManager has been deprecated
                cm.removeAllCookie();
                  ^
/home/fekerr/src/ingress-intel-total-conversion/mobile/app/src/main/java/org/exarhteam/iitc_mobile/IITC_Mobile.java:902: warning: [deprecation] startActivityForResult(Intent,int) in ComponentActivity has been deprecated
        startActivityForResult(launch, RESULT_FIRST_USER + index);
        ^
/home/fekerr/src/ingress-intel-total-conversion/mobile/app/src/main/java/org/exarhteam/iitc_mobile/IITC_Mobile.java:951: warning: [deprecation] Handler() in Handler has been deprecated
            new Handler().postDelayed(new Runnable() {
            ^
/home/fekerr/src/ingress-intel-total-conversion/mobile/app/src/main/java/org/exarhteam/iitc_mobile/IITC_Mobile.java:1124: warning: [deprecation] allowScanningByMediaScanner() in Request has been deprecated
        request.allowScanningByMediaScanner();
               ^
/home/fekerr/src/ingress-intel-total-conversion/mobile/app/src/main/java/org/exarhteam/iitc_mobile/IITC_Mobile.java:1204: warning: [deprecation] FILL_PARENT in LayoutParams has been deprecated
        mIitcWebView.setLayoutParams(new LinearLayout.LayoutParams(mIitcWebView.getWidth()+10, LinearLayout.LayoutParams.FILL_PARENT));
                                                                                                                        ^
/home/fekerr/src/ingress-intel-total-conversion/mobile/app/src/main/java/org/exarhteam/iitc_mobile/IITC_Mobile.java:1208: warning: [deprecation] Handler() in Handler has been deprecated
        new Handler().postDelayed(() -> {
        ^
/home/fekerr/src/ingress-intel-total-conversion/mobile/app/src/main/java/org/exarhteam/iitc_mobile/IITC_FileManager.java:139: warning: [deprecation] PreferenceManager in android.preference has been deprecated
        mPrefs = PreferenceManager.getDefaultSharedPreferences(activity);
                 ^
/home/fekerr/src/ingress-intel-total-conversion/mobile/app/src/main/java/org/exarhteam/iitc_mobile/IITC_FileManager.java:139: warning: [deprecation] getDefaultSharedPreferences(Context) in PreferenceManager has been deprecated
        mPrefs = PreferenceManager.getDefaultSharedPreferences(activity);
                                  ^
/home/fekerr/src/ingress-intel-total-conversion/mobile/app/src/main/java/org/exarhteam/iitc_mobile/IITC_FileManager.java:253: warning: [deprecation] fromHtml(String) in Html has been deprecated
                    .setMessage(Html.fromHtml(text))
                                    ^
/home/fekerr/src/ingress-intel-total-conversion/mobile/app/src/main/java/org/exarhteam/iitc_mobile/IITC_FileManager.java:310: warning: [deprecation] invalidateHeaders() in PreferenceActivity has been deprecated
                ((PluginPreferenceActivity) mActivity).invalidateHeaders();
                                                      ^
/home/fekerr/src/ingress-intel-total-conversion/mobile/app/src/main/java/org/exarhteam/iitc_mobile/IITC_FileManager.java:335: warning: [deprecation] execute(Params...) in AsyncTask has been deprecated
                    new UpdateScript(new ScriptUpdatedCallback(), forceSecureUpdates).execute(plugin);
                                                                                     ^
  where Params,Progress,Result are type-variables:
    Params extends Object declared in class AsyncTask
    Progress extends Object declared in class AsyncTask
    Result extends Object declared in class AsyncTask
/home/fekerr/src/ingress-intel-total-conversion/mobile/app/src/main/java/org/exarhteam/iitc_mobile/IITC_WebView.java:50: warning: [deprecation] PreferenceManager in android.preference has been deprecated
        mSharedPrefs = PreferenceManager.getDefaultSharedPreferences(mIitc);
                       ^
/home/fekerr/src/ingress-intel-total-conversion/mobile/app/src/main/java/org/exarhteam/iitc_mobile/IITC_WebView.java:50: warning: [deprecation] getDefaultSharedPreferences(Context) in PreferenceManager has been deprecated
        mSharedPrefs = PreferenceManager.getDefaultSharedPreferences(mIitc);
                                        ^
/home/fekerr/src/ingress-intel-total-conversion/mobile/app/src/main/java/org/exarhteam/iitc_mobile/IITC_WebView.java:82: warning: [deprecation] SYSTEM_UI_FLAG_HIDE_NAVIGATION in View has been deprecated
                    int systemUiVisibility = SYSTEM_UI_FLAG_HIDE_NAVIGATION;
                                             ^
/home/fekerr/src/ingress-intel-total-conversion/mobile/app/src/main/java/org/exarhteam/iitc_mobile/IITC_WebView.java:88: warning: [deprecation] SYSTEM_UI_FLAG_IMMERSIVE in View has been deprecated
                        systemUiVisibility |= SYSTEM_UI_FLAG_IMMERSIVE;
                                              ^
/home/fekerr/src/ingress-intel-total-conversion/mobile/app/src/main/java/org/exarhteam/iitc_mobile/IITC_WebView.java:136: warning: [deprecation] execute(Params...) in AsyncTask has been deprecated
            new CheckHttpResponse(mIitc).execute(url);
                                        ^
  where Params,Progress,Result are type-variables:
    Params extends Object declared in class AsyncTask
    Progress extends Object declared in class AsyncTask
    Result extends Object declared in class AsyncTask
/home/fekerr/src/ingress-intel-total-conversion/mobile/app/src/main/java/org/exarhteam/iitc_mobile/IITC_WebView.java:183: warning: [deprecation] setSystemUiVisibility(int) in View has been deprecated
    public void setSystemUiVisibility(final int visibility) {
                ^
/home/fekerr/src/ingress-intel-total-conversion/mobile/app/src/main/java/org/exarhteam/iitc_mobile/IITC_WebView.java:184: warning: [deprecation] SYSTEM_UI_FLAG_HIDE_NAVIGATION in View has been deprecated
        if ((visibility & SYSTEM_UI_FLAG_HIDE_NAVIGATION) == 0) {
                          ^
/home/fekerr/src/ingress-intel-total-conversion/mobile/app/src/main/java/org/exarhteam/iitc_mobile/IITC_WebView.java:187: warning: [deprecation] setSystemUiVisibility(int) in View has been deprecated
        super.setSystemUiVisibility(visibility);
             ^
/home/fekerr/src/ingress-intel-total-conversion/mobile/app/src/main/java/org/exarhteam/iitc_mobile/IITC_WebView.java:214: warning: [deprecation] FLAG_FULLSCREEN in LayoutParams has been deprecated
                attrs.flags |= WindowManager.LayoutParams.FLAG_FULLSCREEN;
                                                         ^
/home/fekerr/src/ingress-intel-total-conversion/mobile/app/src/main/java/org/exarhteam/iitc_mobile/IITC_WebView.java:223: warning: [deprecation] FLAG_FULLSCREEN in LayoutParams has been deprecated
            attrs.flags &= ~WindowManager.LayoutParams.FLAG_FULLSCREEN;
                                                      ^
/home/fekerr/src/ingress-intel-total-conversion/mobile/app/src/main/java/org/exarhteam/iitc_mobile/IITC_WebView.java:261: warning: [deprecation] NetworkInfo in android.net has been deprecated
        final NetworkInfo wifi = conMan.getNetworkInfo(ConnectivityManager.TYPE_WIFI);
              ^
/home/fekerr/src/ingress-intel-total-conversion/mobile/app/src/main/java/org/exarhteam/iitc_mobile/IITC_WebView.java:261: warning: [deprecation] TYPE_WIFI in ConnectivityManager has been deprecated
        final NetworkInfo wifi = conMan.getNetworkInfo(ConnectivityManager.TYPE_WIFI);
                                                                          ^
/home/fekerr/src/ingress-intel-total-conversion/mobile/app/src/main/java/org/exarhteam/iitc_mobile/IITC_WebView.java:261: warning: [deprecation] getNetworkInfo(int) in ConnectivityManager has been deprecated
        final NetworkInfo wifi = conMan.getNetworkInfo(ConnectivityManager.TYPE_WIFI);
                                       ^
/home/fekerr/src/ingress-intel-total-conversion/mobile/app/src/main/java/org/exarhteam/iitc_mobile/IITC_WebView.java:272: warning: [deprecation] getState() in NetworkInfo has been deprecated
        return (wifi.getState() == NetworkInfo.State.CONNECTED);
                    ^
/home/fekerr/src/ingress-intel-total-conversion/mobile/app/src/main/java/org/exarhteam/iitc_mobile/IITC_WebView.java:272: warning: [deprecation] NetworkInfo in android.net has been deprecated
        return (wifi.getState() == NetworkInfo.State.CONNECTED);
                                   ^
/home/fekerr/src/ingress-intel-total-conversion/mobile/app/src/main/java/org/exarhteam/iitc_mobile/IITC_WebView.java:272: warning: [deprecation] State in NetworkInfo has been deprecated
        return (wifi.getState() == NetworkInfo.State.CONNECTED);
                                              ^
/home/fekerr/src/ingress-intel-total-conversion/mobile/app/src/main/java/org/exarhteam/iitc_mobile/IITC_WebView.java:272: warning: [deprecation] CONNECTED in State has been deprecated
        return (wifi.getState() == NetworkInfo.State.CONNECTED);
                                                    ^
/home/fekerr/src/ingress-intel-total-conversion/mobile/app/src/main/java/org/exarhteam/iitc_mobile/IITC_UserLocation.java:236: warning: [deprecation] onStatusChanged(String,int,Bundle) in LocationListener has been deprecated
    public void onStatusChanged(final String provider, final int status, final Bundle extras) {
                ^
/home/fekerr/src/ingress-intel-total-conversion/mobile/app/src/main/java/org/exarhteam/iitc_mobile/IITC_UserLocation.java:183: warning: [deprecation] getDefaultDisplay() in WindowManager has been deprecated
        final int rotation = mIitc.getWindowManager().getDefaultDisplay().getRotation();
                                                     ^
/home/fekerr/src/ingress-intel-total-conversion/mobile/app/src/main/java/org/exarhteam/iitc_mobile/IITC_WebViewClient.java:48: warning: [deprecation] PreferenceManager in android.preference has been deprecated
        mSharedPrefs = PreferenceManager.getDefaultSharedPreferences(mIitc);
                       ^
/home/fekerr/src/ingress-intel-total-conversion/mobile/app/src/main/java/org/exarhteam/iitc_mobile/IITC_WebViewClient.java:48: warning: [deprecation] getDefaultSharedPreferences(Context) in PreferenceManager has been deprecated
        mSharedPrefs = PreferenceManager.getDefaultSharedPreferences(mIitc);
                                        ^
/home/fekerr/src/ingress-intel-total-conversion/mobile/app/src/main/java/org/exarhteam/iitc_mobile/IITC_WebViewClient.java:144: warning: [deprecation] getHttpAuthUsernamePassword(String,String) in WebView has been deprecated
            final String[] credentials = view.getHttpAuthUsernamePassword(host, realm);
                                             ^
/home/fekerr/src/ingress-intel-total-conversion/mobile/app/src/main/java/org/exarhteam/iitc_mobile/IITC_WebViewClient.java:227: warning: [deprecation] shouldInterceptRequest(WebView,String) in WebViewClient has been deprecated
    public WebResourceResponse shouldInterceptRequest(final WebView view, final String url) {
                               ^
/home/fekerr/src/ingress-intel-total-conversion/mobile/app/src/main/java/org/exarhteam/iitc_mobile/IITC_WebViewClient.java:241: warning: [deprecation] shouldInterceptRequest(WebView,String) in WebViewClient has been deprecated
                return super.shouldInterceptRequest(view, url);
                            ^
/home/fekerr/src/ingress-intel-total-conversion/mobile/app/src/main/java/org/exarhteam/iitc_mobile/IITC_WebViewClient.java:269: warning: [deprecation] shouldInterceptRequest(WebView,String) in WebViewClient has been deprecated
        return super.shouldInterceptRequest(view, url);
                    ^
/home/fekerr/src/ingress-intel-total-conversion/mobile/app/src/main/java/org/exarhteam/iitc_mobile/IITC_WebViewClient.java:301: warning: [deprecation] shouldOverrideUrlLoading(WebView,String) in WebViewClient has been deprecated
    public boolean shouldOverrideUrlLoading(final WebView view, final String url) {
                   ^
/home/fekerr/src/ingress-intel-total-conversion/mobile/app/src/main/java/org/exarhteam/iitc_mobile/IITC_JSInterface.java:68: warning: [deprecation] versionCode in PackageInfo has been deprecated
            versionCode = pInfo.versionCode;
                               ^
/home/fekerr/src/ingress-intel-total-conversion/mobile/app/src/main/java/org/exarhteam/iitc_mobile/IITC_JSInterface.java:174: warning: [deprecation] setProgressBarIndeterminate(boolean) in Activity has been deprecated
                    mIitc.setProgressBarIndeterminate(false);
                         ^
/home/fekerr/src/ingress-intel-total-conversion/mobile/app/src/main/java/org/exarhteam/iitc_mobile/IITC_JSInterface.java:175: warning: [deprecation] setProgress(int) in Activity has been deprecated
                    mIitc.setProgress((int) Math.round(progress * 10000));
                         ^
/home/fekerr/src/ingress-intel-total-conversion/mobile/app/src/main/java/org/exarhteam/iitc_mobile/IITC_JSInterface.java:178: warning: [deprecation] setProgressBarIndeterminate(boolean) in Activity has been deprecated
                    mIitc.setProgressBarIndeterminate(true);
                         ^
/home/fekerr/src/ingress-intel-total-conversion/mobile/app/src/main/java/org/exarhteam/iitc_mobile/IITC_JSInterface.java:179: warning: [deprecation] setProgress(int) in Activity has been deprecated
                    mIitc.setProgress(1);
                         ^
/home/fekerr/src/ingress-intel-total-conversion/mobile/app/src/main/java/org/exarhteam/iitc_mobile/IITC_JSInterface.java:184: warning: [deprecation] setProgress(int) in Activity has been deprecated
                mIitc.setProgress(10000); // hide the progress bar
                     ^
/home/fekerr/src/ingress-intel-total-conversion/mobile/app/src/main/java/org/exarhteam/iitc_mobile/IITC_TileManager.java:46: warning: [deprecation] execute(Params...) in AsyncTask has been deprecated
            if (mIitc.getWebView().isConnectedToWifi()) new DownloadTile(path).execute(url);
                                                                              ^
  where Params,Progress,Result are type-variables:
    Params extends Object declared in class AsyncTask
    Progress extends Object declared in class AsyncTask
    Result extends Object declared in class AsyncTask
/home/fekerr/src/ingress-intel-total-conversion/mobile/app/src/main/java/org/exarhteam/iitc_mobile/IITC_TileManager.java:52: warning: [deprecation] execute(Params...) in AsyncTask has been deprecated
            new DownloadTile(path).execute(url);
                                  ^
  where Params,Progress,Result are type-variables:
    Params extends Object declared in class AsyncTask
    Progress extends Object declared in class AsyncTask
    Result extends Object declared in class AsyncTask
/home/fekerr/src/ingress-intel-total-conversion/mobile/app/src/main/java/org/exarhteam/iitc_mobile/async/UpdateScript.java:20: warning: [deprecation] AsyncTask in android.os has been deprecated
public class UpdateScript extends AsyncTask<String, Void, Boolean> {
                                  ^
/home/fekerr/src/ingress-intel-total-conversion/mobile/app/src/main/java/org/exarhteam/iitc_mobile/async/UpdateScript.java:20: warning: [deprecation] AsyncTask in android.os has been deprecated
public class UpdateScript extends AsyncTask<String, Void, Boolean> {
                                  ^
/home/fekerr/src/ingress-intel-total-conversion/mobile/app/src/main/java/org/exarhteam/iitc_mobile/async/UpdateScript.java:39: warning: [deprecation] doInBackground(Params...) in AsyncTask has been deprecated
    protected Boolean doInBackground(final String... urls) {
                      ^
  where Params,Result are type-variables:
    Params extends Object declared in class AsyncTask
    Result extends Object declared in class AsyncTask
/home/fekerr/src/ingress-intel-total-conversion/mobile/app/src/main/java/org/exarhteam/iitc_mobile/async/UpdateScript.java:32: warning: [deprecation] AsyncTask() in AsyncTask has been deprecated
    public UpdateScript(final ScriptUpdatedFinishedCallback callback, final Boolean forceSecureUpdates) {
                                                                                                        ^
/home/fekerr/src/ingress-intel-total-conversion/mobile/app/src/main/java/org/exarhteam/iitc_mobile/async/UpdateScript.java:122: warning: [deprecation] onPostExecute(Result) in AsyncTask has been deprecated
    protected void onPostExecute(final Boolean updated) {
                   ^
  where Result is a type-variable:
    Result extends Object declared in class AsyncTask
/home/fekerr/src/ingress-intel-total-conversion/mobile/app/src/main/java/org/exarhteam/iitc_mobile/prefs/PluginPreference.java:17: warning: [deprecation] CheckBoxPreference in android.preference has been deprecated
public class PluginPreference extends CheckBoxPreference {
                                      ^
/home/fekerr/src/ingress-intel-total-conversion/mobile/app/src/main/java/org/exarhteam/iitc_mobile/prefs/PluginPreference.java:23: warning: [deprecation] CheckBoxPreference(Context) in CheckBoxPreference has been deprecated
        super(context);
        ^
/home/fekerr/src/ingress-intel-total-conversion/mobile/app/src/main/java/org/exarhteam/iitc_mobile/prefs/PluginPreference.java:26: warning: [deprecation] onBindView(View) in CheckBoxPreference has been deprecated
    protected void onBindView(View view) {
                   ^
/home/fekerr/src/ingress-intel-total-conversion/mobile/app/src/main/java/org/exarhteam/iitc_mobile/prefs/PluginPreference.java:27: warning: [deprecation] onBindView(View) in CheckBoxPreference has been deprecated
        super.onBindView(view);
             ^
/home/fekerr/src/ingress-intel-total-conversion/mobile/app/src/main/java/org/exarhteam/iitc_mobile/prefs/PluginPreference.java:59: warning: [deprecation] getContext() in Preference has been deprecated
                getContext().startActivity(ShareActivity.forFile(getContext(), new File(getPluginInfo().getKey()), "application/javascript"));
                ^
/home/fekerr/src/ingress-intel-total-conversion/mobile/app/src/main/java/org/exarhteam/iitc_mobile/prefs/PluginPreference.java:59: warning: [deprecation] getContext() in Preference has been deprecated
                getContext().startActivity(ShareActivity.forFile(getContext(), new File(getPluginInfo().getKey()), "application/javascript"));
                                                                 ^
/home/fekerr/src/ingress-intel-total-conversion/mobile/app/src/main/java/org/exarhteam/iitc_mobile/prefs/PluginPreference.java:64: warning: [deprecation] getContext() in Preference has been deprecated
                Context context = getContext();
                                  ^
/home/fekerr/src/ingress-intel-total-conversion/mobile/app/src/main/java/org/exarhteam/iitc_mobile/prefs/PluginPreference.java:66: warning: [deprecation] getTitle() in Preference has been deprecated
                        .setMessage(context.getString(R.string.delete_plugin_question, getTitle()))
                                                                                       ^
/home/fekerr/src/ingress-intel-total-conversion/mobile/app/src/main/java/org/exarhteam/iitc_mobile/prefs/PluginPreference.java:74: warning: [deprecation] onClick() in TwoStatePreference has been deprecated
        view.setOnClickListener(v -> onClick());
                                     ^
/home/fekerr/src/ingress-intel-total-conversion/mobile/app/src/main/java/org/exarhteam/iitc_mobile/prefs/PluginPreference.java:80: warning: [deprecation] getContext() in Preference has been deprecated
            getContext().startActivity(ShareActivity.forUrl(getContext(), getPluginInfo().getName(), url));
            ^
/home/fekerr/src/ingress-intel-total-conversion/mobile/app/src/main/java/org/exarhteam/iitc_mobile/prefs/PluginPreference.java:80: warning: [deprecation] getContext() in Preference has been deprecated
            getContext().startActivity(ShareActivity.forUrl(getContext(), getPluginInfo().getName(), url));
                                                            ^
/home/fekerr/src/ingress-intel-total-conversion/mobile/app/src/main/java/org/exarhteam/iitc_mobile/prefs/PluginPreference.java:87: warning: [deprecation] setChecked(boolean) in TwoStatePreference has been deprecated
        setChecked(false);
        ^
/home/fekerr/src/ingress-intel-total-conversion/mobile/app/src/main/java/org/exarhteam/iitc_mobile/prefs/PluginPreference.java:99: warning: [deprecation] setKey(String) in Preference has been deprecated
        this.setKey(pluginInfo.getKey());
            ^
/home/fekerr/src/ingress-intel-total-conversion/mobile/app/src/main/java/org/exarhteam/iitc_mobile/prefs/PluginPreference.java:100: warning: [deprecation] setTitle(CharSequence) in Preference has been deprecated
        this.setTitle(pluginInfo.getName());
            ^
/home/fekerr/src/ingress-intel-total-conversion/mobile/app/src/main/java/org/exarhteam/iitc_mobile/prefs/PluginPreference.java:101: warning: [deprecation] setSummary(CharSequence) in Preference has been deprecated
        this.setSummary(pluginInfo.getDescription());
            ^
/home/fekerr/src/ingress-intel-total-conversion/mobile/app/src/main/java/org/exarhteam/iitc_mobile/prefs/PreferenceActivity.java:57: warning: [deprecation] setArguments(Bundle) in Fragment has been deprecated
        settings.setArguments(bundle);
                ^
/home/fekerr/src/ingress-intel-total-conversion/mobile/app/src/main/java/org/exarhteam/iitc_mobile/prefs/PreferenceActivity.java:60: warning: [deprecation] getFragmentManager() in Activity has been deprecated
        getFragmentManager()
        ^
/home/fekerr/src/ingress-intel-total-conversion/mobile/app/src/main/java/org/exarhteam/iitc_mobile/prefs/PreferenceActivity.java:61: warning: [deprecation] beginTransaction() in FragmentManager has been deprecated
                .beginTransaction()
                ^
/home/fekerr/src/ingress-intel-total-conversion/mobile/app/src/main/java/org/exarhteam/iitc_mobile/prefs/PreferenceActivity.java:62: warning: [deprecation] replace(int,Fragment) in FragmentTransaction has been deprecated
                .replace(android.R.id.content, settings)
                ^
/home/fekerr/src/ingress-intel-total-conversion/mobile/app/src/main/java/org/exarhteam/iitc_mobile/prefs/PreferenceActivity.java:63: warning: [deprecation] commit() in FragmentTransaction has been deprecated
                .commit();
                ^
/home/fekerr/src/ingress-intel-total-conversion/mobile/app/src/main/java/org/exarhteam/iitc_mobile/prefs/PreferenceActivity.java:70: warning: [deprecation] onBackPressed() in Activity has been deprecated
                onBackPressed();
                ^
/home/fekerr/src/ingress-intel-total-conversion/mobile/app/src/main/java/org/exarhteam/iitc_mobile/prefs/AboutDialogPreference.java:18: warning: [deprecation] Preference in android.preference has been deprecated
public class AboutDialogPreference extends Preference {
                                           ^
/home/fekerr/src/ingress-intel-total-conversion/mobile/app/src/main/java/org/exarhteam/iitc_mobile/prefs/AboutDialogPreference.java:23: warning: [deprecation] Preference(Context,AttributeSet) in Preference has been deprecated
        super(context, attrs);
        ^
/home/fekerr/src/ingress-intel-total-conversion/mobile/app/src/main/java/org/exarhteam/iitc_mobile/prefs/AboutDialogPreference.java:27: warning: [deprecation] getView(View,ViewGroup) in Preference has been deprecated
    public View getView(View convertView, ViewGroup parent) {
                ^
/home/fekerr/src/ingress-intel-total-conversion/mobile/app/src/main/java/org/exarhteam/iitc_mobile/prefs/AboutDialogPreference.java:33: warning: [deprecation] getContext() in Preference has been deprecated
        final TextView tv = new TextView(getContext());
                                         ^
/home/fekerr/src/ingress-intel-total-conversion/mobile/app/src/main/java/org/exarhteam/iitc_mobile/prefs/AboutDialogPreference.java:40: warning: [deprecation] getContext() in Preference has been deprecated
                getContext().getText(R.string.link_template).toString(),
                ^
/home/fekerr/src/ingress-intel-total-conversion/mobile/app/src/main/java/org/exarhteam/iitc_mobile/prefs/AboutDialogPreference.java:41: warning: [deprecation] getContext() in Preference has been deprecated
                getContext().getText(R.string.cradle_url),
                ^
/home/fekerr/src/ingress-intel-total-conversion/mobile/app/src/main/java/org/exarhteam/iitc_mobile/prefs/AboutDialogPreference.java:44: warning: [deprecation] getContext() in Preference has been deprecated
                getContext().getText(R.string.link_template).toString(),
                ^
/home/fekerr/src/ingress-intel-total-conversion/mobile/app/src/main/java/org/exarhteam/iitc_mobile/prefs/AboutDialogPreference.java:45: warning: [deprecation] getContext() in Preference has been deprecated
                getContext().getText(R.string.fkloft_url),
                ^
/home/fekerr/src/ingress-intel-total-conversion/mobile/app/src/main/java/org/exarhteam/iitc_mobile/prefs/AboutDialogPreference.java:48: warning: [deprecation] getContext() in Preference has been deprecated
                getContext().getText(R.string.link_template).toString(),
                ^
/home/fekerr/src/ingress-intel-total-conversion/mobile/app/src/main/java/org/exarhteam/iitc_mobile/prefs/AboutDialogPreference.java:49: warning: [deprecation] getContext() in Preference has been deprecated
                getContext().getText(R.string.giuseppe_lucido_url),
                ^
/home/fekerr/src/ingress-intel-total-conversion/mobile/app/src/main/java/org/exarhteam/iitc_mobile/prefs/AboutDialogPreference.java:52: warning: [deprecation] getContext() in Preference has been deprecated
                getContext().getText(R.string.link_template).toString(),
                ^
/home/fekerr/src/ingress-intel-total-conversion/mobile/app/src/main/java/org/exarhteam/iitc_mobile/prefs/AboutDialogPreference.java:53: warning: [deprecation] getContext() in Preference has been deprecated
                getContext().getText(R.string.iitc_tg_news_url),
                ^
/home/fekerr/src/ingress-intel-total-conversion/mobile/app/src/main/java/org/exarhteam/iitc_mobile/prefs/AboutDialogPreference.java:56: warning: [deprecation] getContext() in Preference has been deprecated
                getContext().getText(R.string.link_template).toString(),
                ^
/home/fekerr/src/ingress-intel-total-conversion/mobile/app/src/main/java/org/exarhteam/iitc_mobile/prefs/AboutDialogPreference.java:57: warning: [deprecation] getContext() in Preference has been deprecated
                getContext().getText(R.string.iitc_tg_group_url),
                ^
/home/fekerr/src/ingress-intel-total-conversion/mobile/app/src/main/java/org/exarhteam/iitc_mobile/prefs/AboutDialogPreference.java:60: warning: [deprecation] getContext() in Preference has been deprecated
                getContext().getText(R.string.link_template).toString(),
                ^
Note: Some input files additionally use or override a deprecated API.
100 warnings
Class dependency analysis for incremental compilation took 0.159 secs.
Created classpath snapshot for incremental compilation in 0.102 secs.
Resolve mutations for :app:dexBuilderDebug (Thread[#177,Execution worker Thread 7,5,main]) started.
:app:dexBuilderDebug (Thread[#177,Execution worker Thread 7,5,main]) started.

> Task :app:dexBuilderDebug
Transforming AppIntro-6.3.1.aar (com.github.AppIntro:AppIntro:6.3.1) with JetifyTransform
Transforming AppIntro-6.3.1.aar (com.github.AppIntro:AppIntro:6.3.1) with AarToClassTransform
Transforming localization-1.2.11.aar (com.akexorcist:localization:1.2.11) with JetifyTransform
Transforming localization-1.2.11.aar (com.akexorcist:localization:1.2.11) with AarToClassTransform
Transforming okhttp-3.12.1.jar (com.squareup.okhttp3:okhttp:3.12.1) with JetifyTransform
Transforming okhttp-3.12.1.jar (com.squareup.okhttp3:okhttp:3.12.1) with IdentityTransform
Transforming commons-text-1.8.jar (org.apache.commons:commons-text:1.8) with JetifyTransform
Transforming commons-text-1.8.jar (org.apache.commons:commons-text:1.8) with IdentityTransform
Transforming floatingactionbutton-1.3.0.aar (com.melnykov:floatingactionbutton:1.3.0) with JetifyTransform
Transforming floatingactionbutton-1.3.0.aar (com.melnykov:floatingactionbutton:1.3.0) with AarToClassTransform
Caching disabled for task ':app:dexBuilderDebug' because:
  Build cache is disabled
Task ':app:dexBuilderDebug' is not up-to-date because:
  No history is available.
The input changes require a full rebuild for incremental task ':app:dexBuilderDebug'.
Dex builder is incremental : false 
Processing input /home/fekerr/src/ingress-intel-total-conversion/mobile/app/build/intermediates/javac/debug/compileDebugJavaWithJavac/classes
Dexing /home/fekerr/src/ingress-intel-total-conversion/mobile/app/build/intermediates/javac/debug/compileDebugJavaWithJavac/classes
Processing input /home/fekerr/src/ingress-intel-total-conversion/mobile/app/build/intermediates/compile_and_runtime_not_namespaced_r_class_jar/debug/processDebugResources/R.jar
Dexing /home/fekerr/src/ingress-intel-total-conversion/mobile/app/build/intermediates/compile_and_runtime_not_namespaced_r_class_jar/debug/processDebugResources/R.jar
Dexing '/home/fekerr/src/ingress-intel-total-conversion/mobile/app/build/intermediates/compile_and_runtime_not_namespaced_r_class_jar/debug/processDebugResources/R.jar' to '/home/fekerr/src/ingress-intel-total-conversion/mobile/app/build/intermediates/project_dex_archive/debug/dexBuilderDebug/out/467a2caadaa9b9ca57efdef49269f02767bc16ce036e8ee3f1d218bc40da51df_4.jar'
Dexing '/home/fekerr/src/ingress-intel-total-conversion/mobile/app/build/intermediates/javac/debug/compileDebugJavaWithJavac/classes' to '/home/fekerr/src/ingress-intel-total-conversion/mobile/app/build/intermediates/project_dex_archive/debug/dexBuilderDebug/out'
Dexing '/home/fekerr/src/ingress-intel-total-conversion/mobile/app/build/intermediates/javac/debug/compileDebugJavaWithJavac/classes' to '/home/fekerr/src/ingress-intel-total-conversion/mobile/app/build/intermediates/project_dex_archive/debug/dexBuilderDebug/out'
Dexing '/home/fekerr/src/ingress-intel-total-conversion/mobile/app/build/intermediates/compile_and_runtime_not_namespaced_r_class_jar/debug/processDebugResources/R.jar' to '/home/fekerr/src/ingress-intel-total-conversion/mobile/app/build/intermediates/project_dex_archive/debug/dexBuilderDebug/out/467a2caadaa9b9ca57efdef49269f02767bc16ce036e8ee3f1d218bc40da51df_3.jar'
Dexing '/home/fekerr/src/ingress-intel-total-conversion/mobile/app/build/intermediates/compile_and_runtime_not_namespaced_r_class_jar/debug/processDebugResources/R.jar' to '/home/fekerr/src/ingress-intel-total-conversion/mobile/app/build/intermediates/project_dex_archive/debug/dexBuilderDebug/out/467a2caadaa9b9ca57efdef49269f02767bc16ce036e8ee3f1d218bc40da51df_0.jar'
Dexing '/home/fekerr/src/ingress-intel-total-conversion/mobile/app/build/intermediates/compile_and_runtime_not_namespaced_r_class_jar/debug/processDebugResources/R.jar' to '/home/fekerr/src/ingress-intel-total-conversion/mobile/app/build/intermediates/project_dex_archive/debug/dexBuilderDebug/out/467a2caadaa9b9ca57efdef49269f02767bc16ce036e8ee3f1d218bc40da51df_1.jar'
Dexing '/home/fekerr/src/ingress-intel-total-conversion/mobile/app/build/intermediates/javac/debug/compileDebugJavaWithJavac/classes' to '/home/fekerr/src/ingress-intel-total-conversion/mobile/app/build/intermediates/project_dex_archive/debug/dexBuilderDebug/out'
Dexing '/home/fekerr/src/ingress-intel-total-conversion/mobile/app/build/intermediates/javac/debug/compileDebugJavaWithJavac/classes' to '/home/fekerr/src/ingress-intel-total-conversion/mobile/app/build/intermediates/project_dex_archive/debug/dexBuilderDebug/out'
Dexing '/home/fekerr/src/ingress-intel-total-conversion/mobile/app/build/intermediates/javac/debug/compileDebugJavaWithJavac/classes' to '/home/fekerr/src/ingress-intel-total-conversion/mobile/app/build/intermediates/project_dex_archive/debug/dexBuilderDebug/out'
Dexing '/home/fekerr/src/ingress-intel-total-conversion/mobile/app/build/intermediates/compile_and_runtime_not_namespaced_r_class_jar/debug/processDebugResources/R.jar' to '/home/fekerr/src/ingress-intel-total-conversion/mobile/app/build/intermediates/project_dex_archive/debug/dexBuilderDebug/out/467a2caadaa9b9ca57efdef49269f02767bc16ce036e8ee3f1d218bc40da51df_2.jar'
Dexing '/home/fekerr/src/ingress-intel-total-conversion/mobile/app/build/intermediates/javac/debug/compileDebugJavaWithJavac/classes' to '/home/fekerr/src/ingress-intel-total-conversion/mobile/app/build/intermediates/project_dex_archive/debug/dexBuilderDebug/out'
Dexing '/home/fekerr/src/ingress-intel-total-conversion/mobile/app/build/intermediates/compile_and_runtime_not_namespaced_r_class_jar/debug/processDebugResources/R.jar' to '/home/fekerr/src/ingress-intel-total-conversion/mobile/app/build/intermediates/project_dex_archive/debug/dexBuilderDebug/out/467a2caadaa9b9ca57efdef49269f02767bc16ce036e8ee3f1d218bc40da51df_5.jar'
Done with all dex archive conversions
Resolve mutations for :app:mergeDebugGlobalSynthetics (Thread[#177,Execution worker Thread 7,5,main]) started.
:app:mergeDebugGlobalSynthetics (Thread[#177,Execution worker Thread 7,5,main]) started.
Resolve mutations for :app:mergeProjectDexDebug (Thread[#176,Execution worker Thread 6,5,main]) started.
:app:mergeProjectDexDebug (Thread[#174,Execution worker Thread 4,5,main]) started.

> Task :app:mergeDebugGlobalSynthetics
Transforming AppIntro-6.3.1.aar (com.github.AppIntro:AppIntro:6.3.1) with JetifyTransform
Transforming AppIntro-6.3.1.aar (com.github.AppIntro:AppIntro:6.3.1) with AarToClassTransform
Transforming AppIntro-6.3.1.aar (com.github.AppIntro:AppIntro:6.3.1) with DexingWithClasspathTransform
Transforming AppIntro-6.3.1.aar (com.github.AppIntro:AppIntro:6.3.1) with DexingOutputSplitTransform
Transforming localization-1.2.11.aar (com.akexorcist:localization:1.2.11) with JetifyTransform
Transforming localization-1.2.11.aar (com.akexorcist:localization:1.2.11) with AarToClassTransform
Transforming localization-1.2.11.aar (com.akexorcist:localization:1.2.11) with DexingWithClasspathTransform
Transforming localization-1.2.11.aar (com.akexorcist:localization:1.2.11) with DexingOutputSplitTransform
Transforming constraintlayout-2.1.4.aar (androidx.constraintlayout:constraintlayout:2.1.4) with JetifyTransform
Transforming constraintlayout-2.1.4.aar (androidx.constraintlayout:constraintlayout:2.1.4) with AarToClassTransform
Transforming constraintlayout-2.1.4.aar (androidx.constraintlayout:constraintlayout:2.1.4) with DexingWithClasspathTransform
Transforming constraintlayout-2.1.4.aar (androidx.constraintlayout:constraintlayout:2.1.4) with DexingOutputSplitTransform
Transforming appcompat-resources-1.6.1.aar (androidx.appcompat:appcompat-resources:1.6.1) with JetifyTransform
Transforming appcompat-resources-1.6.1.aar (androidx.appcompat:appcompat-resources:1.6.1) with AarToClassTransform
Transforming appcompat-resources-1.6.1.aar (androidx.appcompat:appcompat-resources:1.6.1) with DexingWithClasspathTransform
Transforming appcompat-resources-1.6.1.aar (androidx.appcompat:appcompat-resources:1.6.1) with DexingOutputSplitTransform
Transforming appcompat-1.6.1.aar (androidx.appcompat:appcompat:1.6.1) with JetifyTransform
Transforming appcompat-1.6.1.aar (androidx.appcompat:appcompat:1.6.1) with AarToClassTransform
Transforming appcompat-1.6.1.aar (androidx.appcompat:appcompat:1.6.1) with DexingWithClasspathTransform
Transforming appcompat-1.6.1.aar (androidx.appcompat:appcompat:1.6.1) with DexingOutputSplitTransform
Transforming okhttp-3.12.1.jar (com.squareup.okhttp3:okhttp:3.12.1) with JetifyTransform
Transforming okhttp-3.12.1.jar (com.squareup.okhttp3:okhttp:3.12.1) with IdentityTransform
Transforming okhttp-3.12.1.jar (com.squareup.okhttp3:okhttp:3.12.1) with DexingWithClasspathTransform
Transforming okhttp-3.12.1.jar (com.squareup.okhttp3:okhttp:3.12.1) with DexingOutputSplitTransform
Transforming commons-text-1.8.jar (org.apache.commons:commons-text:1.8) with JetifyTransform
Transforming commons-text-1.8.jar (org.apache.commons:commons-text:1.8) with IdentityTransform
Transforming commons-text-1.8.jar (org.apache.commons:commons-text:1.8) with DexingWithClasspathTransform
Transforming commons-text-1.8.jar (org.apache.commons:commons-text:1.8) with DexingOutputSplitTransform
Transforming floatingactionbutton-1.3.0.aar (com.melnykov:floatingactionbutton:1.3.0) with JetifyTransform
Transforming floatingactionbutton-1.3.0.aar (com.melnykov:floatingactionbutton:1.3.0) with AarToClassTransform
Transforming floatingactionbutton-1.3.0.aar (com.melnykov:floatingactionbutton:1.3.0) with DexingWithClasspathTransform
Transforming floatingactionbutton-1.3.0.aar (com.melnykov:floatingactionbutton:1.3.0) with DexingOutputSplitTransform
Transforming recyclerview-1.1.0.aar (androidx.recyclerview:recyclerview:1.1.0) with JetifyTransform
Transforming recyclerview-1.1.0.aar (androidx.recyclerview:recyclerview:1.1.0) with AarToClassTransform
Transforming recyclerview-1.1.0.aar (androidx.recyclerview:recyclerview:1.1.0) with DexingWithClasspathTransform
Transforming recyclerview-1.1.0.aar (androidx.recyclerview:recyclerview:1.1.0) with DexingOutputSplitTransform
Transforming drawerlayout-1.0.0.aar (androidx.drawerlayout:drawerlayout:1.0.0) with JetifyTransform
Transforming drawerlayout-1.0.0.aar (androidx.drawerlayout:drawerlayout:1.0.0) with AarToClassTransform
Transforming drawerlayout-1.0.0.aar (androidx.drawerlayout:drawerlayout:1.0.0) with DexingWithClasspathTransform
Transforming drawerlayout-1.0.0.aar (androidx.drawerlayout:drawerlayout:1.0.0) with DexingOutputSplitTransform
Transforming fragment-1.3.6.aar (androidx.fragment:fragment:1.3.6) with JetifyTransform
Transforming fragment-1.3.6.aar (androidx.fragment:fragment:1.3.6) with AarToClassTransform
Transforming fragment-1.3.6.aar (androidx.fragment:fragment:1.3.6) with DexingWithClasspathTransform
Transforming fragment-1.3.6.aar (androidx.fragment:fragment:1.3.6) with DexingOutputSplitTransform
Transforming viewpager-1.0.0.aar (androidx.viewpager:viewpager:1.0.0) with JetifyTransform
Transforming viewpager-1.0.0.aar (androidx.viewpager:viewpager:1.0.0) with AarToClassTransform
Transforming viewpager-1.0.0.aar (androidx.viewpager:viewpager:1.0.0) with DexingWithClasspathTransform
Transforming viewpager-1.0.0.aar (androidx.viewpager:viewpager:1.0.0) with DexingOutputSplitTransform
Transforming customview-1.0.0.aar (androidx.customview:customview:1.0.0) with JetifyTransform
Transforming customview-1.0.0.aar (androidx.customview:customview:1.0.0) with AarToClassTransform
Transforming customview-1.0.0.aar (androidx.customview:customview:1.0.0) with DexingWithClasspathTransform
Transforming customview-1.0.0.aar (androidx.customview:customview:1.0.0) with DexingOutputSplitTransform
Transforming customview-1.0.0.aar (androidx.customview:customview:1.0.0) with JetifyTransform
Transforming customview-1.0.0.aar (androidx.customview:customview:1.0.0) with AarToClassTransform
Transforming customview-1.0.0.aar (androidx.customview:customview:1.0.0) with DexingWithClasspathTransform
Transforming customview-1.0.0.aar (androidx.customview:customview:1.0.0) with DexingOutputSplitTransform
Transforming customview-1.0.0.aar (androidx.customview:customview:1.0.0) with JetifyTransform
Transforming customview-1.0.0.aar (androidx.customview:customview:1.0.0) with AarToClassTransform
Transforming customview-1.0.0.aar (androidx.customview:customview:1.0.0) with DexingWithClasspathTransform
Transforming customview-1.0.0.aar (androidx.customview:customview:1.0.0) with DexingOutputSplitTransform
Transforming activity-ktx-1.6.0.aar (androidx.activity:activity-ktx:1.6.0) with JetifyTransform
Transforming activity-ktx-1.6.0.aar (androidx.activity:activity-ktx:1.6.0) with AarToClassTransform
Transforming activity-ktx-1.6.0.aar (androidx.activity:activity-ktx:1.6.0) with DexingWithClasspathTransform
Transforming activity-ktx-1.6.0.aar (androidx.activity:activity-ktx:1.6.0) with DexingOutputSplitTransform
Transforming activity-1.6.0.aar (androidx.activity:activity:1.6.0) with JetifyTransform
Transforming activity-1.6.0.aar (androidx.activity:activity:1.6.0) with AarToClassTransform
Transforming activity-1.6.0.aar (androidx.activity:activity:1.6.0) with DexingWithClasspathTransform
Transforming activity-1.6.0.aar (androidx.activity:activity:1.6.0) with DexingOutputSplitTransform
Transforming emoji2-views-helper-1.2.0.aar (androidx.emoji2:emoji2-views-helper:1.2.0) with JetifyTransform
Transforming emoji2-views-helper-1.2.0.aar (androidx.emoji2:emoji2-views-helper:1.2.0) with AarToClassTransform
Transforming emoji2-views-helper-1.2.0.aar (androidx.emoji2:emoji2-views-helper:1.2.0) with DexingWithClasspathTransform
Transforming emoji2-views-helper-1.2.0.aar (androidx.emoji2:emoji2-views-helper:1.2.0) with DexingOutputSplitTransform
Transforming emoji2-1.2.0.aar (androidx.emoji2:emoji2:1.2.0) with JetifyTransform
Transforming emoji2-1.2.0.aar (androidx.emoji2:emoji2:1.2.0) with AarToClassTransform
Transforming emoji2-1.2.0.aar (androidx.emoji2:emoji2:1.2.0) with DexingWithClasspathTransform
Transforming emoji2-1.2.0.aar (androidx.emoji2:emoji2:1.2.0) with DexingOutputSplitTransform
Transforming loader-1.0.0.aar (androidx.loader:loader:1.0.0) with JetifyTransform
Transforming loader-1.0.0.aar (androidx.loader:loader:1.0.0) with AarToClassTransform
Transforming loader-1.0.0.aar (androidx.loader:loader:1.0.0) with DexingWithClasspathTransform
Transforming loader-1.0.0.aar (androidx.loader:loader:1.0.0) with DexingOutputSplitTransform
Transforming lifecycle-viewmodel-ktx-2.5.1.aar (androidx.lifecycle:lifecycle-viewmodel-ktx:2.5.1) with JetifyTransform
Transforming lifecycle-viewmodel-ktx-2.5.1.aar (androidx.lifecycle:lifecycle-viewmodel-ktx:2.5.1) with AarToClassTransform
Transforming lifecycle-viewmodel-ktx-2.5.1.aar (androidx.lifecycle:lifecycle-viewmodel-ktx:2.5.1) with DexingWithClasspathTransform
Transforming lifecycle-viewmodel-ktx-2.5.1.aar (androidx.lifecycle:lifecycle-viewmodel-ktx:2.5.1) with DexingOutputSplitTransform
Transforming lifecycle-viewmodel-2.5.1.aar (androidx.lifecycle:lifecycle-viewmodel:2.5.1) with JetifyTransform
Transforming lifecycle-viewmodel-2.5.1.aar (androidx.lifecycle:lifecycle-viewmodel:2.5.1) with AarToClassTransform
Transforming lifecycle-viewmodel-2.5.1.aar (androidx.lifecycle:lifecycle-viewmodel:2.5.1) with DexingWithClasspathTransform
Transforming lifecycle-viewmodel-2.5.1.aar (androidx.lifecycle:lifecycle-viewmodel:2.5.1) with DexingOutputSplitTransform
Transforming lifecycle-viewmodel-2.5.1.aar (androidx.lifecycle:lifecycle-viewmodel:2.5.1) with JetifyTransform
Transforming lifecycle-viewmodel-2.5.1.aar (androidx.lifecycle:lifecycle-viewmodel:2.5.1) with AarToClassTransform
Transforming lifecycle-viewmodel-2.5.1.aar (androidx.lifecycle:lifecycle-viewmodel:2.5.1) with DexingWithClasspathTransform
Transforming lifecycle-viewmodel-2.5.1.aar (androidx.lifecycle:lifecycle-viewmodel:2.5.1) with DexingOutputSplitTransform
Transforming lifecycle-viewmodel-savedstate-2.5.1.aar (androidx.lifecycle:lifecycle-viewmodel-savedstate:2.5.1) with JetifyTransform
Transforming lifecycle-viewmodel-savedstate-2.5.1.aar (androidx.lifecycle:lifecycle-viewmodel-savedstate:2.5.1) with AarToClassTransform
Transforming lifecycle-viewmodel-savedstate-2.5.1.aar (androidx.lifecycle:lifecycle-viewmodel-savedstate:2.5.1) with DexingWithClasspathTransform
Transforming lifecycle-viewmodel-savedstate-2.5.1.aar (androidx.lifecycle:lifecycle-viewmodel-savedstate:2.5.1) with DexingOutputSplitTransform
Transforming core-ktx-1.9.0.aar (androidx.core:core-ktx:1.9.0) with JetifyTransform
Transforming core-ktx-1.9.0.aar (androidx.core:core-ktx:1.9.0) with AarToClassTransform
Transforming core-ktx-1.9.0.aar (androidx.core:core-ktx:1.9.0) with DexingWithClasspathTransform
Transforming core-ktx-1.9.0.aar (androidx.core:core-ktx:1.9.0) with DexingOutputSplitTransform
Transforming vectordrawable-animated-1.1.0.aar (androidx.vectordrawable:vectordrawable-animated:1.1.0) with JetifyTransform
Transforming vectordrawable-animated-1.1.0.aar (androidx.vectordrawable:vectordrawable-animated:1.1.0) with AarToClassTransform
Transforming vectordrawable-animated-1.1.0.aar (androidx.vectordrawable:vectordrawable-animated:1.1.0) with DexingWithClasspathTransform
Transforming vectordrawable-animated-1.1.0.aar (androidx.vectordrawable:vectordrawable-animated:1.1.0) with DexingOutputSplitTransform
Transforming vectordrawable-1.1.0.aar (androidx.vectordrawable:vectordrawable:1.1.0) with JetifyTransform
Transforming vectordrawable-1.1.0.aar (androidx.vectordrawable:vectordrawable:1.1.0) with AarToClassTransform
Transforming vectordrawable-1.1.0.aar (androidx.vectordrawable:vectordrawable:1.1.0) with DexingWithClasspathTransform
Transforming vectordrawable-1.1.0.aar (androidx.vectordrawable:vectordrawable:1.1.0) with DexingOutputSplitTransform
Transforming vectordrawable-1.1.0.aar (androidx.vectordrawable:vectordrawable:1.1.0) with JetifyTransform
Transforming vectordrawable-1.1.0.aar (androidx.vectordrawable:vectordrawable:1.1.0) with AarToClassTransform
Transforming vectordrawable-1.1.0.aar (androidx.vectordrawable:vectordrawable:1.1.0) with DexingWithClasspathTransform
Transforming vectordrawable-1.1.0.aar (androidx.vectordrawable:vectordrawable:1.1.0) with DexingOutputSplitTransform
Transforming core-1.9.0.aar (androidx.core:core:1.9.0) with JetifyTransform
Transforming core-1.9.0.aar (androidx.core:core:1.9.0) with AarToClassTransform
Transforming core-1.9.0.aar (androidx.core:core:1.9.0) with DexingWithClasspathTransform
Transforming core-1.9.0.aar (androidx.core:core:1.9.0) with DexingOutputSplitTransform
Transforming core-1.9.0.aar (androidx.core:core:1.9.0) with JetifyTransform
Transforming core-1.9.0.aar (androidx.core:core:1.9.0) with AarToClassTransform
Transforming core-1.9.0.aar (androidx.core:core:1.9.0) with DexingWithClasspathTransform
Transforming core-1.9.0.aar (androidx.core:core:1.9.0) with DexingOutputSplitTransform
Transforming core-1.9.0.aar (androidx.core:core:1.9.0) with JetifyTransform
Transforming core-1.9.0.aar (androidx.core:core:1.9.0) with AarToClassTransform
Transforming core-1.9.0.aar (androidx.core:core:1.9.0) with DexingWithClasspathTransform
Transforming core-1.9.0.aar (androidx.core:core:1.9.0) with DexingOutputSplitTransform
Transforming core-1.9.0.aar (androidx.core:core:1.9.0) with JetifyTransform
Transforming core-1.9.0.aar (androidx.core:core:1.9.0) with AarToClassTransform
Transforming core-1.9.0.aar (androidx.core:core:1.9.0) with DexingWithClasspathTransform
Transforming core-1.9.0.aar (androidx.core:core:1.9.0) with DexingOutputSplitTransform
Transforming core-1.9.0.aar (androidx.core:core:1.9.0) with JetifyTransform
Transforming core-1.9.0.aar (androidx.core:core:1.9.0) with AarToClassTransform
Transforming core-1.9.0.aar (androidx.core:core:1.9.0) with DexingWithClasspathTransform
Transforming core-1.9.0.aar (androidx.core:core:1.9.0) with DexingOutputSplitTransform
Transforming core-1.9.0.aar (androidx.core:core:1.9.0) with JetifyTransform
Transforming core-1.9.0.aar (androidx.core:core:1.9.0) with AarToClassTransform
Transforming core-1.9.0.aar (androidx.core:core:1.9.0) with DexingWithClasspathTransform
Transforming core-1.9.0.aar (androidx.core:core:1.9.0) with DexingOutputSplitTransform
Transforming core-1.9.0.aar (androidx.core:core:1.9.0) with JetifyTransform
Transforming core-1.9.0.aar (androidx.core:core:1.9.0) with AarToClassTransform
Transforming core-1.9.0.aar (androidx.core:core:1.9.0) with DexingWithClasspathTransform
Transforming core-1.9.0.aar (androidx.core:core:1.9.0) with DexingOutputSplitTransform
Transforming cursoradapter-1.0.0.aar (androidx.cursoradapter:cursoradapter:1.0.0) with JetifyTransform
Transforming cursoradapter-1.0.0.aar (androidx.cursoradapter:cursoradapter:1.0.0) with AarToClassTransform
Transforming cursoradapter-1.0.0.aar (androidx.cursoradapter:cursoradapter:1.0.0) with DexingWithClasspathTransform
Transforming cursoradapter-1.0.0.aar (androidx.cursoradapter:cursoradapter:1.0.0) with DexingOutputSplitTransform
Transforming lifecycle-process-2.4.1.aar (androidx.lifecycle:lifecycle-process:2.4.1) with JetifyTransform
Transforming lifecycle-process-2.4.1.aar (androidx.lifecycle:lifecycle-process:2.4.1) with AarToClassTransform
Transforming lifecycle-process-2.4.1.aar (androidx.lifecycle:lifecycle-process:2.4.1) with DexingWithClasspathTransform
Transforming lifecycle-process-2.4.1.aar (androidx.lifecycle:lifecycle-process:2.4.1) with DexingOutputSplitTransform
Transforming lifecycle-runtime-ktx-2.5.1.aar (androidx.lifecycle:lifecycle-runtime-ktx:2.5.1) with JetifyTransform
Transforming lifecycle-runtime-ktx-2.5.1.aar (androidx.lifecycle:lifecycle-runtime-ktx:2.5.1) with AarToClassTransform
Transforming lifecycle-runtime-ktx-2.5.1.aar (androidx.lifecycle:lifecycle-runtime-ktx:2.5.1) with DexingWithClasspathTransform
Transforming lifecycle-runtime-ktx-2.5.1.aar (androidx.lifecycle:lifecycle-runtime-ktx:2.5.1) with DexingOutputSplitTransform
Transforming lifecycle-runtime-2.5.1.aar (androidx.lifecycle:lifecycle-runtime:2.5.1) with JetifyTransform
Transforming lifecycle-runtime-2.5.1.aar (androidx.lifecycle:lifecycle-runtime:2.5.1) with AarToClassTransform
Transforming lifecycle-runtime-2.5.1.aar (androidx.lifecycle:lifecycle-runtime:2.5.1) with DexingWithClasspathTransform
Transforming lifecycle-runtime-2.5.1.aar (androidx.lifecycle:lifecycle-runtime:2.5.1) with DexingOutputSplitTransform
Transforming resourceinspection-annotation-1.0.1.jar (androidx.resourceinspection:resourceinspection-annotation:1.0.1) with JetifyTransform
Transforming resourceinspection-annotation-1.0.1.jar (androidx.resourceinspection:resourceinspection-annotation:1.0.1) with IdentityTransform
Transforming resourceinspection-annotation-1.0.1.jar (androidx.resourceinspection:resourceinspection-annotation:1.0.1) with DexingWithClasspathTransform
Transforming resourceinspection-annotation-1.0.1.jar (androidx.resourceinspection:resourceinspection-annotation:1.0.1) with DexingOutputSplitTransform
Transforming savedstate-ktx-1.2.0.aar (androidx.savedstate:savedstate-ktx:1.2.0) with JetifyTransform
Transforming savedstate-ktx-1.2.0.aar (androidx.savedstate:savedstate-ktx:1.2.0) with AarToClassTransform
Transforming savedstate-ktx-1.2.0.aar (androidx.savedstate:savedstate-ktx:1.2.0) with DexingWithClasspathTransform
Transforming savedstate-ktx-1.2.0.aar (androidx.savedstate:savedstate-ktx:1.2.0) with DexingOutputSplitTransform
Transforming savedstate-1.2.0.aar (androidx.savedstate:savedstate:1.2.0) with JetifyTransform
Transforming savedstate-1.2.0.aar (androidx.savedstate:savedstate:1.2.0) with AarToClassTransform
Transforming savedstate-1.2.0.aar (androidx.savedstate:savedstate:1.2.0) with DexingWithClasspathTransform
Transforming savedstate-1.2.0.aar (androidx.savedstate:savedstate:1.2.0) with DexingOutputSplitTransform
Transforming concurrent-futures-1.0.0.jar (androidx.concurrent:concurrent-futures:1.0.0) with JetifyTransform
Transforming concurrent-futures-1.0.0.jar (androidx.concurrent:concurrent-futures:1.0.0) with IdentityTransform
Transforming concurrent-futures-1.0.0.jar (androidx.concurrent:concurrent-futures:1.0.0) with DexingWithClasspathTransform
Transforming concurrent-futures-1.0.0.jar (androidx.concurrent:concurrent-futures:1.0.0) with DexingOutputSplitTransform
Transforming versionedparcelable-1.1.1.aar (androidx.versionedparcelable:versionedparcelable:1.1.1) with JetifyTransform
Transforming versionedparcelable-1.1.1.aar (androidx.versionedparcelable:versionedparcelable:1.1.1) with AarToClassTransform
Transforming versionedparcelable-1.1.1.aar (androidx.versionedparcelable:versionedparcelable:1.1.1) with DexingWithClasspathTransform
Transforming versionedparcelable-1.1.1.aar (androidx.versionedparcelable:versionedparcelable:1.1.1) with DexingOutputSplitTransform
Transforming startup-runtime-1.1.1.aar (androidx.startup:startup-runtime:1.1.1) with JetifyTransform
Transforming startup-runtime-1.1.1.aar (androidx.startup:startup-runtime:1.1.1) with AarToClassTransform
Transforming startup-runtime-1.1.1.aar (androidx.startup:startup-runtime:1.1.1) with DexingWithClasspathTransform
Transforming startup-runtime-1.1.1.aar (androidx.startup:startup-runtime:1.1.1) with DexingOutputSplitTransform
Transforming tracing-1.0.0.aar (androidx.tracing:tracing:1.0.0) with JetifyTransform
Transforming tracing-1.0.0.aar (androidx.tracing:tracing:1.0.0) with AarToClassTransform
Transforming tracing-1.0.0.aar (androidx.tracing:tracing:1.0.0) with DexingWithClasspathTransform
Transforming tracing-1.0.0.aar (androidx.tracing:tracing:1.0.0) with DexingOutputSplitTransform
Transforming collection-1.1.0.jar (androidx.collection:collection:1.1.0) with JetifyTransform
Transforming collection-1.1.0.jar (androidx.collection:collection:1.1.0) with IdentityTransform
Transforming collection-1.1.0.jar (androidx.collection:collection:1.1.0) with DexingWithClasspathTransform
Transforming collection-1.1.0.jar (androidx.collection:collection:1.1.0) with DexingOutputSplitTransform
Transforming lifecycle-livedata-2.0.0.aar (androidx.lifecycle:lifecycle-livedata:2.0.0) with JetifyTransform
Transforming lifecycle-livedata-2.0.0.aar (androidx.lifecycle:lifecycle-livedata:2.0.0) with AarToClassTransform
Transforming lifecycle-livedata-2.0.0.aar (androidx.lifecycle:lifecycle-livedata:2.0.0) with DexingWithClasspathTransform
Transforming lifecycle-livedata-2.0.0.aar (androidx.lifecycle:lifecycle-livedata:2.0.0) with DexingOutputSplitTransform
Transforming lifecycle-livedata-core-2.5.1.aar (androidx.lifecycle:lifecycle-livedata-core:2.5.1) with JetifyTransform
Transforming lifecycle-livedata-core-2.5.1.aar (androidx.lifecycle:lifecycle-livedata-core:2.5.1) with AarToClassTransform
Transforming lifecycle-livedata-core-2.5.1.aar (androidx.lifecycle:lifecycle-livedata-core:2.5.1) with DexingWithClasspathTransform
Transforming lifecycle-livedata-core-2.5.1.aar (androidx.lifecycle:lifecycle-livedata-core:2.5.1) with DexingOutputSplitTransform
Transforming lifecycle-livedata-core-2.5.1.aar (androidx.lifecycle:lifecycle-livedata-core:2.5.1) with JetifyTransform
Transforming lifecycle-livedata-core-2.5.1.aar (androidx.lifecycle:lifecycle-livedata-core:2.5.1) with AarToClassTransform
Transforming lifecycle-livedata-core-2.5.1.aar (androidx.lifecycle:lifecycle-livedata-core:2.5.1) with DexingWithClasspathTransform
Transforming lifecycle-livedata-core-2.5.1.aar (androidx.lifecycle:lifecycle-livedata-core:2.5.1) with DexingOutputSplitTransform
Transforming core-runtime-2.1.0.aar (androidx.arch.core:core-runtime:2.1.0) with JetifyTransform
Transforming core-runtime-2.1.0.aar (androidx.arch.core:core-runtime:2.1.0) with AarToClassTransform
Transforming core-runtime-2.1.0.aar (androidx.arch.core:core-runtime:2.1.0) with DexingWithClasspathTransform
Transforming core-runtime-2.1.0.aar (androidx.arch.core:core-runtime:2.1.0) with DexingOutputSplitTransform
Transforming core-runtime-2.1.0.aar (androidx.arch.core:core-runtime:2.1.0) with JetifyTransform
Transforming core-runtime-2.1.0.aar (androidx.arch.core:core-runtime:2.1.0) with AarToClassTransform
Transforming core-runtime-2.1.0.aar (androidx.arch.core:core-runtime:2.1.0) with DexingWithClasspathTransform
Transforming core-runtime-2.1.0.aar (androidx.arch.core:core-runtime:2.1.0) with DexingOutputSplitTransform
Transforming core-common-2.1.0.jar (androidx.arch.core:core-common:2.1.0) with JetifyTransform
Transforming core-common-2.1.0.jar (androidx.arch.core:core-common:2.1.0) with IdentityTransform
Transforming core-common-2.1.0.jar (androidx.arch.core:core-common:2.1.0) with DexingWithClasspathTransform
Transforming core-common-2.1.0.jar (androidx.arch.core:core-common:2.1.0) with DexingOutputSplitTransform
Transforming lifecycle-common-2.5.1.jar (androidx.lifecycle:lifecycle-common:2.5.1) with JetifyTransform
Transforming lifecycle-common-2.5.1.jar (androidx.lifecycle:lifecycle-common:2.5.1) with IdentityTransform
Transforming lifecycle-common-2.5.1.jar (androidx.lifecycle:lifecycle-common:2.5.1) with DexingWithClasspathTransform
Transforming lifecycle-common-2.5.1.jar (androidx.lifecycle:lifecycle-common:2.5.1) with DexingOutputSplitTransform
Transforming interpolator-1.0.0.aar (androidx.interpolator:interpolator:1.0.0) with JetifyTransform
Transforming interpolator-1.0.0.aar (androidx.interpolator:interpolator:1.0.0) with AarToClassTransform
Transforming interpolator-1.0.0.aar (androidx.interpolator:interpolator:1.0.0) with DexingWithClasspathTransform
Transforming interpolator-1.0.0.aar (androidx.interpolator:interpolator:1.0.0) with DexingOutputSplitTransform
Transforming okio-1.15.0.jar (com.squareup.okio:okio:1.15.0) with JetifyTransform
Transforming okio-1.15.0.jar (com.squareup.okio:okio:1.15.0) with IdentityTransform
Transforming okio-1.15.0.jar (com.squareup.okio:okio:1.15.0) with DexingWithClasspathTransform
Transforming okio-1.15.0.jar (com.squareup.okio:okio:1.15.0) with DexingOutputSplitTransform
Transforming kotlinx-coroutines-core-jvm-1.6.1.jar (org.jetbrains.kotlinx:kotlinx-coroutines-core-jvm:1.6.1) with JetifyTransform
Transforming kotlinx-coroutines-core-jvm-1.6.1.jar (org.jetbrains.kotlinx:kotlinx-coroutines-core-jvm:1.6.1) with IdentityTransform
Transforming kotlinx-coroutines-core-jvm-1.6.1.jar (org.jetbrains.kotlinx:kotlinx-coroutines-core-jvm:1.6.1) with DexingWithClasspathTransform
Transforming kotlinx-coroutines-core-jvm-1.6.1.jar (org.jetbrains.kotlinx:kotlinx-coroutines-core-jvm:1.6.1) with DexingOutputSplitTransform
Transforming kotlinx-coroutines-android-1.6.1.jar (org.jetbrains.kotlinx:kotlinx-coroutines-android:1.6.1) with JetifyTransform
Transforming kotlinx-coroutines-android-1.6.1.jar (org.jetbrains.kotlinx:kotlinx-coroutines-android:1.6.1) with IdentityTransform
Transforming kotlinx-coroutines-android-1.6.1.jar (org.jetbrains.kotlinx:kotlinx-coroutines-android:1.6.1) with DexingWithClasspathTransform
Transforming kotlinx-coroutines-android-1.6.1.jar (org.jetbrains.kotlinx:kotlinx-coroutines-android:1.6.1) with DexingOutputSplitTransform
Transforming kotlin-stdlib-jdk8-1.9.0.jar (org.jetbrains.kotlin:kotlin-stdlib-jdk8:1.9.0) with JetifyTransform
Transforming kotlin-stdlib-jdk8-1.9.0.jar (org.jetbrains.kotlin:kotlin-stdlib-jdk8:1.9.0) with IdentityTransform
Transforming kotlin-stdlib-jdk8-1.9.0.jar (org.jetbrains.kotlin:kotlin-stdlib-jdk8:1.9.0) with DexingWithClasspathTransform
Transforming kotlin-stdlib-jdk8-1.9.0.jar (org.jetbrains.kotlin:kotlin-stdlib-jdk8:1.9.0) with DexingOutputSplitTransform
Transforming kotlin-stdlib-jdk7-1.9.0.jar (org.jetbrains.kotlin:kotlin-stdlib-jdk7:1.9.0) with JetifyTransform
Transforming kotlin-stdlib-jdk7-1.9.0.jar (org.jetbrains.kotlin:kotlin-stdlib-jdk7:1.9.0) with IdentityTransform
Transforming kotlin-stdlib-jdk7-1.9.0.jar (org.jetbrains.kotlin:kotlin-stdlib-jdk7:1.9.0) with DexingWithClasspathTransform
Transforming kotlin-stdlib-jdk7-1.9.0.jar (org.jetbrains.kotlin:kotlin-stdlib-jdk7:1.9.0) with DexingOutputSplitTransform
Transforming commons-lang3-3.9.jar (org.apache.commons:commons-lang3:3.9) with JetifyTransform
Transforming commons-lang3-3.9.jar (org.apache.commons:commons-lang3:3.9) with IdentityTransform
Transforming commons-lang3-3.9.jar (org.apache.commons:commons-lang3:3.9) with DexingWithClasspathTransform
Transforming commons-lang3-3.9.jar (org.apache.commons:commons-lang3:3.9) with DexingOutputSplitTransform
Transforming library-2.4.0.jar (com.nineoldandroids:library:2.4.0) with JetifyTransform
Transforming library-2.4.0.jar (com.nineoldandroids:library:2.4.0) with IdentityTransform
Transforming library-2.4.0.jar (com.nineoldandroids:library:2.4.0) with DexingWithClasspathTransform
Transforming library-2.4.0.jar (com.nineoldandroids:library:2.4.0) with DexingOutputSplitTransform
Transforming annotation-jvm-1.6.0.jar (androidx.annotation:annotation-jvm:1.6.0) with JetifyTransform
Transforming annotation-jvm-1.6.0.jar (androidx.annotation:annotation-jvm:1.6.0) with IdentityTransform
Transforming annotation-jvm-1.6.0.jar (androidx.annotation:annotation-jvm:1.6.0) with DexingWithClasspathTransform
Transforming annotation-jvm-1.6.0.jar (androidx.annotation:annotation-jvm:1.6.0) with DexingOutputSplitTransform
Transforming annotation-experimental-1.3.0.aar (androidx.annotation:annotation-experimental:1.3.0) with JetifyTransform
Transforming annotation-experimental-1.3.0.aar (androidx.annotation:annotation-experimental:1.3.0) with AarToClassTransform
Transforming annotation-experimental-1.3.0.aar (androidx.annotation:annotation-experimental:1.3.0) with DexingWithClasspathTransform
Transforming annotation-experimental-1.3.0.aar (androidx.annotation:annotation-experimental:1.3.0) with DexingOutputSplitTransform
Transforming kotlin-stdlib-1.9.0.jar (org.jetbrains.kotlin:kotlin-stdlib:1.9.0) with JetifyTransform
Transforming kotlin-stdlib-1.9.0.jar (org.jetbrains.kotlin:kotlin-stdlib:1.9.0) with IdentityTransform
Transforming kotlin-stdlib-1.9.0.jar (org.jetbrains.kotlin:kotlin-stdlib:1.9.0) with DexingWithClasspathTransform
Transforming kotlin-stdlib-1.9.0.jar (org.jetbrains.kotlin:kotlin-stdlib:1.9.0) with DexingOutputSplitTransform
Transforming constraintlayout-core-1.0.4.jar (androidx.constraintlayout:constraintlayout-core:1.0.4) with JetifyTransform
Transforming constraintlayout-core-1.0.4.jar (androidx.constraintlayout:constraintlayout-core:1.0.4) with IdentityTransform
Transforming constraintlayout-core-1.0.4.jar (androidx.constraintlayout:constraintlayout-core:1.0.4) with DexingWithClasspathTransform
Transforming constraintlayout-core-1.0.4.jar (androidx.constraintlayout:constraintlayout-core:1.0.4) with DexingOutputSplitTransform
Transforming kotlin-stdlib-common-1.9.0.jar (org.jetbrains.kotlin:kotlin-stdlib-common:1.9.0) with JetifyTransform
Transforming kotlin-stdlib-common-1.9.0.jar (org.jetbrains.kotlin:kotlin-stdlib-common:1.9.0) with IdentityTransform
Transforming kotlin-stdlib-common-1.9.0.jar (org.jetbrains.kotlin:kotlin-stdlib-common:1.9.0) with DexingWithClasspathTransform
Transforming kotlin-stdlib-common-1.9.0.jar (org.jetbrains.kotlin:kotlin-stdlib-common:1.9.0) with DexingOutputSplitTransform
Transforming annotations-13.0.jar (org.jetbrains:annotations:13.0) with JetifyTransform
Transforming annotations-13.0.jar (org.jetbrains:annotations:13.0) with IdentityTransform
Transforming annotations-13.0.jar (org.jetbrains:annotations:13.0) with DexingWithClasspathTransform
Transforming annotations-13.0.jar (org.jetbrains:annotations:13.0) with DexingOutputSplitTransform
Transforming listenablefuture-1.0.jar (com.google.guava:listenablefuture:1.0) with JetifyTransform
Transforming listenablefuture-1.0.jar (com.google.guava:listenablefuture:1.0) with IdentityTransform
Transforming listenablefuture-1.0.jar (com.google.guava:listenablefuture:1.0) with DexingWithClasspathTransform
Transforming listenablefuture-1.0.jar (com.google.guava:listenablefuture:1.0) with DexingOutputSplitTransform
Caching disabled for task ':app:mergeDebugGlobalSynthetics' because:
  Build cache is disabled
Task ':app:mergeDebugGlobalSynthetics' is not up-to-date because:
  No history is available.

> Task :app:mergeProjectDexDebug
Caching disabled for task ':app:mergeProjectDexDebug' because:
  Build cache is disabled
Task ':app:mergeProjectDexDebug' is not up-to-date because:
  No history is available.
The input changes require a full rebuild for incremental task ':app:mergeProjectDexDebug'.
Merging to '/home/fekerr/src/ingress-intel-total-conversion/mobile/app/build/intermediates/dex/debug/mergeProjectDexDebug/1' with D8 from all or a subset of dex files in /home/fekerr/src/ingress-intel-total-conversion/mobile/app/build/intermediates/project_dex_archive/debug/dexBuilderDebug/out, /home/fekerr/src/ingress-intel-total-conversion/mobile/app/build/intermediates/project_dex_archive/debug/dexBuilderDebug/out, /home/fekerr/src/ingress-intel-total-conversion/mobile/app/build/intermediates/project_dex_archive/debug/dexBuilderDebug/out, /home/fekerr/src/ingress-intel-total-conversion/mobile/app/build/intermediates/project_dex_archive/debug/dexBuilderDebug/out, /home/fekerr/src/ingress-intel-total-conversion/mobile/app/build/intermediates/project_dex_archive/debug/dexBuilderDebug/out, /home/fekerr/src/ingress-intel-total-conversion/mobile/app/build/intermediates/project_dex_archive/debug/dexBuilderDebug/out, /home/fekerr/src/ingress-intel-total-conversion/mobile/app/build/intermediates/project_dex_archive/debug/dexBuilderDebug/out, /home/fekerr/src/ingress-intel-total-conversion/mobile/app/build/intermediates/project_dex_archive/debug/dexBuilderDebug/out, /home/fekerr/src/ingress-intel-total-conversion/mobile/app/build/intermediates/project_dex_archive/debug/dexBuilderDebug/out, /home/fekerr/src/ingress-intel-total-conversion/mobile/app/build/intermediates/project_dex_archive/debug/dexBuilderDebug/out, and from all global synthetics files in 
Merging to '/home/fekerr/src/ingress-intel-total-conversion/mobile/app/build/intermediates/dex/debug/mergeProjectDexDebug/3' with D8 from all or a subset of dex files in /home/fekerr/src/ingress-intel-total-conversion/mobile/app/build/intermediates/project_dex_archive/debug/dexBuilderDebug/out, /home/fekerr/src/ingress-intel-total-conversion/mobile/app/build/intermediates/project_dex_archive/debug/dexBuilderDebug/out, /home/fekerr/src/ingress-intel-total-conversion/mobile/app/build/intermediates/project_dex_archive/debug/dexBuilderDebug/out, /home/fekerr/src/ingress-intel-total-conversion/mobile/app/build/intermediates/project_dex_archive/debug/dexBuilderDebug/out, /home/fekerr/src/ingress-intel-total-conversion/mobile/app/build/intermediates/project_dex_archive/debug/dexBuilderDebug/out, /home/fekerr/src/ingress-intel-total-conversion/mobile/app/build/intermediates/project_dex_archive/debug/dexBuilderDebug/out, /home/fekerr/src/ingress-intel-total-conversion/mobile/app/build/intermediates/project_dex_archive/debug/dexBuilderDebug/out, /home/fekerr/src/ingress-intel-total-conversion/mobile/app/build/intermediates/project_dex_archive/debug/dexBuilderDebug/out, /home/fekerr/src/ingress-intel-total-conversion/mobile/app/build/intermediates/project_dex_archive/debug/dexBuilderDebug/out, /home/fekerr/src/ingress-intel-total-conversion/mobile/app/build/intermediates/project_dex_archive/debug/dexBuilderDebug/out, /home/fekerr/src/ingress-intel-total-conversion/mobile/app/build/intermediates/project_dex_archive/debug/dexBuilderDebug/out, /home/fekerr/src/ingress-intel-total-conversion/mobile/app/build/intermediates/project_dex_archive/debug/dexBuilderDebug/out, /home/fekerr/src/ingress-intel-total-conversion/mobile/app/build/intermediates/project_dex_archive/debug/dexBuilderDebug/out, and from all global synthetics files in 
Merging to '/home/fekerr/src/ingress-intel-total-conversion/mobile/app/build/intermediates/dex/debug/mergeProjectDexDebug/5' with D8 from all or a subset of dex files in /home/fekerr/src/ingress-intel-total-conversion/mobile/app/build/intermediates/project_dex_archive/debug/dexBuilderDebug/out, /home/fekerr/src/ingress-intel-total-conversion/mobile/app/build/intermediates/project_dex_archive/debug/dexBuilderDebug/out, /home/fekerr/src/ingress-intel-total-conversion/mobile/app/build/intermediates/project_dex_archive/debug/dexBuilderDebug/out, /home/fekerr/src/ingress-intel-total-conversion/mobile/app/build/intermediates/project_dex_archive/debug/dexBuilderDebug/out, /home/fekerr/src/ingress-intel-total-conversion/mobile/app/build/intermediates/project_dex_archive/debug/dexBuilderDebug/out, /home/fekerr/src/ingress-intel-total-conversion/mobile/app/build/intermediates/project_dex_archive/debug/dexBuilderDebug/out, and from all global synthetics files in 
Merging to '/home/fekerr/src/ingress-intel-total-conversion/mobile/app/build/intermediates/dex/debug/mergeProjectDexDebug/0' with D8 from all or a subset of dex files in /home/fekerr/src/ingress-intel-total-conversion/mobile/app/build/intermediates/project_dex_archive/debug/dexBuilderDebug/out/467a2caadaa9b9ca57efdef49269f02767bc16ce036e8ee3f1d218bc40da51df_0.jar, /home/fekerr/src/ingress-intel-total-conversion/mobile/app/build/intermediates/project_dex_archive/debug/dexBuilderDebug/out/467a2caadaa9b9ca57efdef49269f02767bc16ce036e8ee3f1d218bc40da51df_1.jar, /home/fekerr/src/ingress-intel-total-conversion/mobile/app/build/intermediates/project_dex_archive/debug/dexBuilderDebug/out/467a2caadaa9b9ca57efdef49269f02767bc16ce036e8ee3f1d218bc40da51df_2.jar, /home/fekerr/src/ingress-intel-total-conversion/mobile/app/build/intermediates/project_dex_archive/debug/dexBuilderDebug/out/467a2caadaa9b9ca57efdef49269f02767bc16ce036e8ee3f1d218bc40da51df_3.jar, /home/fekerr/src/ingress-intel-total-conversion/mobile/app/build/intermediates/project_dex_archive/debug/dexBuilderDebug/out/467a2caadaa9b9ca57efdef49269f02767bc16ce036e8ee3f1d218bc40da51df_4.jar, /home/fekerr/src/ingress-intel-total-conversion/mobile/app/build/intermediates/project_dex_archive/debug/dexBuilderDebug/out/467a2caadaa9b9ca57efdef49269f02767bc16ce036e8ee3f1d218bc40da51df_5.jar, and from all global synthetics files in 
Merging to '/home/fekerr/src/ingress-intel-total-conversion/mobile/app/build/intermediates/dex/debug/mergeProjectDexDebug/8' with D8 from all or a subset of dex files in /home/fekerr/src/ingress-intel-total-conversion/mobile/app/build/intermediates/project_dex_archive/debug/dexBuilderDebug/out, /home/fekerr/src/ingress-intel-total-conversion/mobile/app/build/intermediates/project_dex_archive/debug/dexBuilderDebug/out, /home/fekerr/src/ingress-intel-total-conversion/mobile/app/build/intermediates/project_dex_archive/debug/dexBuilderDebug/out, /home/fekerr/src/ingress-intel-total-conversion/mobile/app/build/intermediates/project_dex_archive/debug/dexBuilderDebug/out, and from all global synthetics files in 
Merging to '/home/fekerr/src/ingress-intel-total-conversion/mobile/app/build/intermediates/dex/debug/mergeProjectDexDebug/9' with D8 from all or a subset of dex files in /home/fekerr/src/ingress-intel-total-conversion/mobile/app/build/intermediates/project_dex_archive/debug/dexBuilderDebug/out, /home/fekerr/src/ingress-intel-total-conversion/mobile/app/build/intermediates/project_dex_archive/debug/dexBuilderDebug/out, /home/fekerr/src/ingress-intel-total-conversion/mobile/app/build/intermediates/project_dex_archive/debug/dexBuilderDebug/out, /home/fekerr/src/ingress-intel-total-conversion/mobile/app/build/intermediates/project_dex_archive/debug/dexBuilderDebug/out, /home/fekerr/src/ingress-intel-total-conversion/mobile/app/build/intermediates/project_dex_archive/debug/dexBuilderDebug/out, /home/fekerr/src/ingress-intel-total-conversion/mobile/app/build/intermediates/project_dex_archive/debug/dexBuilderDebug/out, /home/fekerr/src/ingress-intel-total-conversion/mobile/app/build/intermediates/project_dex_archive/debug/dexBuilderDebug/out, /home/fekerr/src/ingress-intel-total-conversion/mobile/app/build/intermediates/project_dex_archive/debug/dexBuilderDebug/out, /home/fekerr/src/ingress-intel-total-conversion/mobile/app/build/intermediates/project_dex_archive/debug/dexBuilderDebug/out, /home/fekerr/src/ingress-intel-total-conversion/mobile/app/build/intermediates/project_dex_archive/debug/dexBuilderDebug/out, /home/fekerr/src/ingress-intel-total-conversion/mobile/app/build/intermediates/project_dex_archive/debug/dexBuilderDebug/out, /home/fekerr/src/ingress-intel-total-conversion/mobile/app/build/intermediates/project_dex_archive/debug/dexBuilderDebug/out, /home/fekerr/src/ingress-intel-total-conversion/mobile/app/build/intermediates/project_dex_archive/debug/dexBuilderDebug/out, /home/fekerr/src/ingress-intel-total-conversion/mobile/app/build/intermediates/project_dex_archive/debug/dexBuilderDebug/out, /home/fekerr/src/ingress-intel-total-conversion/mobile/app/build/intermediates/project_dex_archive/debug/dexBuilderDebug/out, /home/fekerr/src/ingress-intel-total-conversion/mobile/app/build/intermediates/project_dex_archive/debug/dexBuilderDebug/out, /home/fekerr/src/ingress-intel-total-conversion/mobile/app/build/intermediates/project_dex_archive/debug/dexBuilderDebug/out, /home/fekerr/src/ingress-intel-total-conversion/mobile/app/build/intermediates/project_dex_archive/debug/dexBuilderDebug/out, /home/fekerr/src/ingress-intel-total-conversion/mobile/app/build/intermediates/project_dex_archive/debug/dexBuilderDebug/out, /home/fekerr/src/ingress-intel-total-conversion/mobile/app/build/intermediates/project_dex_archive/debug/dexBuilderDebug/out, /home/fekerr/src/ingress-intel-total-conversion/mobile/app/build/intermediates/project_dex_archive/debug/dexBuilderDebug/out, /home/fekerr/src/ingress-intel-total-conversion/mobile/app/build/intermediates/project_dex_archive/debug/dexBuilderDebug/out, /home/fekerr/src/ingress-intel-total-conversion/mobile/app/build/intermediates/project_dex_archive/debug/dexBuilderDebug/out, /home/fekerr/src/ingress-intel-total-conversion/mobile/app/build/intermediates/project_dex_archive/debug/dexBuilderDebug/out, /home/fekerr/src/ingress-intel-total-conversion/mobile/app/build/intermediates/project_dex_archive/debug/dexBuilderDebug/out, /home/fekerr/src/ingress-intel-total-conversion/mobile/app/build/intermediates/project_dex_archive/debug/dexBuilderDebug/out, /home/fekerr/src/ingress-intel-total-conversion/mobile/app/build/intermediates/project_dex_archive/debug/dexBuilderDebug/out, /home/fekerr/src/ingress-intel-total-conversion/mobile/app/build/intermediates/project_dex_archive/debug/dexBuilderDebug/out, /home/fekerr/src/ingress-intel-total-conversion/mobile/app/build/intermediates/project_dex_archive/debug/dexBuilderDebug/out, /home/fekerr/src/ingress-intel-total-conversion/mobile/app/build/intermediates/project_dex_archive/debug/dexBuilderDebug/out, /home/fekerr/src/ingress-intel-total-conversion/mobile/app/build/intermediates/project_dex_archive/debug/dexBuilderDebug/out, /home/fekerr/src/ingress-intel-total-conversion/mobile/app/build/intermediates/project_dex_archive/debug/dexBuilderDebug/out, /home/fekerr/src/ingress-intel-total-conversion/mobile/app/build/intermediates/project_dex_archive/debug/dexBuilderDebug/out, /home/fekerr/src/ingress-intel-total-conversion/mobile/app/build/intermediates/project_dex_archive/debug/dexBuilderDebug/out, /home/fekerr/src/ingress-intel-total-conversion/mobile/app/build/intermediates/project_dex_archive/debug/dexBuilderDebug/out, /home/fekerr/src/ingress-intel-total-conversion/mobile/app/build/intermediates/project_dex_archive/debug/dexBuilderDebug/out, /home/fekerr/src/ingress-intel-total-conversion/mobile/app/build/intermediates/project_dex_archive/debug/dexBuilderDebug/out, /home/fekerr/src/ingress-intel-total-conversion/mobile/app/build/intermediates/project_dex_archive/debug/dexBuilderDebug/out, /home/fekerr/src/ingress-intel-total-conversion/mobile/app/build/intermediates/project_dex_archive/debug/dexBuilderDebug/out, /home/fekerr/src/ingress-intel-total-conversion/mobile/app/build/intermediates/project_dex_archive/debug/dexBuilderDebug/out, /home/fekerr/src/ingress-intel-total-conversion/mobile/app/build/intermediates/project_dex_archive/debug/dexBuilderDebug/out, /home/fekerr/src/ingress-intel-total-conversion/mobile/app/build/intermediates/project_dex_archive/debug/dexBuilderDebug/out, /home/fekerr/src/ingress-intel-total-conversion/mobile/app/build/intermediates/project_dex_archive/debug/dexBuilderDebug/out, /home/fekerr/src/ingress-intel-total-conversion/mobile/app/build/intermediates/project_dex_archive/debug/dexBuilderDebug/out, /home/fekerr/src/ingress-intel-total-conversion/mobile/app/build/intermediates/project_dex_archive/debug/dexBuilderDebug/out, /home/fekerr/src/ingress-intel-total-conversion/mobile/app/build/intermediates/project_dex_archive/debug/dexBuilderDebug/out, /home/fekerr/src/ingress-intel-total-conversion/mobile/app/build/intermediates/project_dex_archive/debug/dexBuilderDebug/out, /home/fekerr/src/ingress-intel-total-conversion/mobile/app/build/intermediates/project_dex_archive/debug/dexBuilderDebug/out, /home/fekerr/src/ingress-intel-total-conversion/mobile/app/build/intermediates/project_dex_archive/debug/dexBuilderDebug/out, /home/fekerr/src/ingress-intel-total-conversion/mobile/app/build/intermediates/project_dex_archive/debug/dexBuilderDebug/out, /home/fekerr/src/ingress-intel-total-conversion/mobile/app/build/intermediates/project_dex_archive/debug/dexBuilderDebug/out, /home/fekerr/src/ingress-intel-total-conversion/mobile/app/build/intermediates/project_dex_archive/debug/dexBuilderDebug/out, /home/fekerr/src/ingress-intel-total-conversion/mobile/app/build/intermediates/project_dex_archive/debug/dexBuilderDebug/out, /home/fekerr/src/ingress-intel-total-conversion/mobile/app/build/intermediates/project_dex_archive/debug/dexBuilderDebug/out, /home/fekerr/src/ingress-intel-total-conversion/mobile/app/build/intermediates/project_dex_archive/debug/dexBuilderDebug/out, /home/fekerr/src/ingress-intel-total-conversion/mobile/app/build/intermediates/project_dex_archive/debug/dexBuilderDebug/out, /home/fekerr/src/ingress-intel-total-conversion/mobile/app/build/intermediates/project_dex_archive/debug/dexBuilderDebug/out, /home/fekerr/src/ingress-intel-total-conversion/mobile/app/build/intermediates/project_dex_archive/debug/dexBuilderDebug/out, /home/fekerr/src/ingress-intel-total-conversion/mobile/app/build/intermediates/project_dex_archive/debug/dexBuilderDebug/out, /home/fekerr/src/ingress-intel-total-conversion/mobile/app/build/intermediates/project_dex_archive/debug/dexBuilderDebug/out, /home/fekerr/src/ingress-intel-total-conversion/mobile/app/build/intermediates/project_dex_archive/debug/dexBuilderDebug/out, /home/fekerr/src/ingress-intel-total-conversion/mobile/app/build/intermediates/project_dex_archive/debug/dexBuilderDebug/out, /home/fekerr/src/ingress-intel-total-conversion/mobile/app/build/intermediates/project_dex_archive/debug/dexBuilderDebug/out, /home/fekerr/src/ingress-intel-total-conversion/mobile/app/build/intermediates/project_dex_archive/debug/dexBuilderDebug/out, /home/fekerr/src/ingress-intel-total-conversion/mobile/app/build/intermediates/project_dex_archive/debug/dexBuilderDebug/out, /home/fekerr/src/ingress-intel-total-conversion/mobile/app/build/intermediates/project_dex_archive/debug/dexBuilderDebug/out, /home/fekerr/src/ingress-intel-total-conversion/mobile/app/build/intermediates/project_dex_archive/debug/dexBuilderDebug/out, /home/fekerr/src/ingress-intel-total-conversion/mobile/app/build/intermediates/project_dex_archive/debug/dexBuilderDebug/out, /home/fekerr/src/ingress-intel-total-conversion/mobile/app/build/intermediates/project_dex_archive/debug/dexBuilderDebug/out, /home/fekerr/src/ingress-intel-total-conversion/mobile/app/build/intermediates/project_dex_archive/debug/dexBuilderDebug/out, and from all global synthetics files in 
Merging to '/home/fekerr/src/ingress-intel-total-conversion/mobile/app/build/intermediates/dex/debug/mergeProjectDexDebug/11' with D8 from all or a subset of dex files in /home/fekerr/src/ingress-intel-total-conversion/mobile/app/build/intermediates/project_dex_archive/debug/dexBuilderDebug/out, /home/fekerr/src/ingress-intel-total-conversion/mobile/app/build/intermediates/project_dex_archive/debug/dexBuilderDebug/out, /home/fekerr/src/ingress-intel-total-conversion/mobile/app/build/intermediates/project_dex_archive/debug/dexBuilderDebug/out, /home/fekerr/src/ingress-intel-total-conversion/mobile/app/build/intermediates/project_dex_archive/debug/dexBuilderDebug/out, /home/fekerr/src/ingress-intel-total-conversion/mobile/app/build/intermediates/project_dex_archive/debug/dexBuilderDebug/out, /home/fekerr/src/ingress-intel-total-conversion/mobile/app/build/intermediates/project_dex_archive/debug/dexBuilderDebug/out, /home/fekerr/src/ingress-intel-total-conversion/mobile/app/build/intermediates/project_dex_archive/debug/dexBuilderDebug/out, /home/fekerr/src/ingress-intel-total-conversion/mobile/app/build/intermediates/project_dex_archive/debug/dexBuilderDebug/out, /home/fekerr/src/ingress-intel-total-conversion/mobile/app/build/intermediates/project_dex_archive/debug/dexBuilderDebug/out, and from all global synthetics files in 
Resolve mutations for :app:packageDebug (Thread[#174,Execution worker Thread 4,5,main]) started.
:app:packageDebug (Thread[#174,Execution worker Thread 4,5,main]) started.

> Task :app:packageDebug
Custom actions are attached to task ':app:packageDebug'.
Caching disabled for task ':app:packageDebug' because:
  Build cache is disabled
  Caching has been disabled for the task
Task ':app:packageDebug' is not up-to-date because:
  No history is available.
The input changes require a full rebuild for incremental task ':app:packageDebug'.
Resolve mutations for :app:createDebugApkListingFileRedirect (Thread[#174,Execution worker Thread 4,5,main]) started.
:app:createDebugApkListingFileRedirect (Thread[#176,Execution worker Thread 6,5,main]) started.

> Task :app:createDebugApkListingFileRedirect
Caching disabled for task ':app:createDebugApkListingFileRedirect' because:
  Build cache is disabled
  Caching has been disabled for the task
Task ':app:createDebugApkListingFileRedirect' is not up-to-date because:
  No history is available.
Resolve mutations for :app:assembleDebug (Thread[#176,Execution worker Thread 6,5,main]) started.
:app:assembleDebug (Thread[#176,Execution worker Thread 6,5,main]) started.

> Task :app:assembleDebug
Caching disabled for task ':app:assembleDebug' because:
  Build cache is disabled
Task ':app:assembleDebug' is not up-to-date because:
  Task has not declared any outputs despite executing actions.
AAPT2 aapt2-8.10.0-12782657-linux Daemon #0: shutdown
[Incubating] Problems report is available at: file:///home/fekerr/src/ingress-intel-total-conversion/mobile/build/reports/problems/problems-report.html

BUILD SUCCESSFUL in 20s
32 actionable tasks: 32 executed
